date,mine_id,mine_name,planned_tonnage,actual_tonnage,ore_grade_mn,recovery_rate,crusher_utilization,fleet_availability,operating_hours,downtime_hours,rainfall_mm,shortfall_tonnes,shortfall_percentage,shortfall_event,production_trend_7d,production_trend_30d,shortfall_rate,target_deviation,rolling_downtime_7d
2025-01-01,balaghat,Balaghat Deep Shaft,6200,5082,44.4,85.5,96.6,88.7,23.3,0.7,0.0,1118,18.0,1,5082.0,5082.0,18.0,-0.1803,0.7
2025-01-02,balaghat,Balaghat Deep Shaft,6200,5232,44.5,87.3,95.2,90.3,23.2,0.8,0.0,968,15.6,1,5157.0,5157.0,16.63,-0.1561,1.5
2025-01-03,balaghat,Balaghat Deep Shaft,6200,5359,43.3,86.4,94.7,93.5,23.3,0.7,0.0,841,13.6,1,5224.3,5224.3,15.32,-0.1356,2.2
2025-01-04,balaghat,Balaghat Deep Shaft,6200,4949,43.3,85.6,93.8,91.7,22.6,1.4,0.0,1251,20.2,1,5155.5,5155.5,17.1,-0.2018,3.6
2025-01-05,balaghat,Balaghat Deep Shaft,6200,5093,44.8,87.0,92.0,90.0,23.4,0.6,0.0,1107,17.9,1,5143.0,5143.0,17.36,-0.1785,4.2
2025-01-06,balaghat,Balaghat Deep Shaft,6200,5164,43.5,85.9,91.7,93.6,23.0,1.0,0.0,1036,16.7,1,5146.5,5146.5,17.16,-0.1671,5.2
2025-01-07,balaghat,Balaghat Deep Shaft,6200,4929,44.7,87.7,91.4,92.0,22.1,1.9,0.0,1271,20.5,1,5115.4,5115.4,18.13,-0.205,7.1
2025-01-08,balaghat,Balaghat Deep Shaft,6200,4873,43.8,86.9,90.1,87.8,22.3,1.7,0.0,1327,21.4,1,5085.6,5085.1,19.04,-0.214,8.1
2025-01-09,balaghat,Balaghat Deep Shaft,6200,5189,44.7,88.1,87.2,93.0,22.4,1.6,0.0,1011,16.3,1,5079.4,5096.7,18.3,-0.1631,8.9
2025-01-10,balaghat,Balaghat Deep Shaft,6200,5233,44.8,87.4,95.3,92.3,23.0,1.0,0.0,967,15.6,1,5061.4,5110.3,17.58,-0.156,9.2
2025-01-11,balaghat,Balaghat Deep Shaft,6200,5337,44.4,86.0,94.0,93.6,22.8,1.2,0.0,863,13.9,1,5116.9,5130.9,16.62,-0.1392,9.0
2025-01-12,balaghat,Balaghat Deep Shaft,6200,5099,45.1,88.5,91.2,91.4,22.7,1.3,0.0,1101,17.8,1,5117.7,5128.2,16.93,-0.1776,9.7
2025-01-13,balaghat,Balaghat Deep Shaft,6200,4966,44.8,87.6,87.3,88.0,22.7,1.3,0.0,1234,19.9,1,5089.4,5115.8,17.69,-0.199,10.0
2025-01-14,balaghat,Balaghat Deep Shaft,6200,4979,43.9,85.9,85.6,89.5,22.1,1.9,0.0,1221,19.7,1,5096.6,5106.0,18.2,-0.1969,10.0
2025-01-15,balaghat,Balaghat Deep Shaft,6200,5175,44.3,87.7,90.0,94.9,22.2,1.8,0.0,1025,16.5,1,5139.7,5110.6,17.77,-0.1653,10.1
2025-01-16,balaghat,Balaghat Deep Shaft,6200,5272,44.4,86.9,93.8,92.2,23.5,0.5,0.0,928,15.0,1,5151.6,5120.7,17.07,-0.1497,9.0
2025-01-17,balaghat,Balaghat Deep Shaft,6200,5168,44.1,85.8,91.7,92.6,23.0,1.0,0.0,1032,16.6,1,5142.3,5123.5,16.95,-0.1665,9.0
2025-01-18,balaghat,Balaghat Deep Shaft,6200,4931,44.2,86.2,96.0,86.7,23.1,0.9,0.0,1269,20.5,1,5084.3,5112.8,17.84,-0.2047,8.7
2025-01-19,balaghat,Balaghat Deep Shaft,6200,5464,44.0,86.4,95.1,92.7,23.1,0.9,0.0,736,11.9,1,5136.4,5131.3,16.35,-0.1187,8.3
2025-01-20,balaghat,Balaghat Deep Shaft,6200,5481,44.7,87.2,90.4,94.4,23.1,0.9,0.0,719,11.6,1,5210.0,5148.8,15.16,-0.116,7.9
2025-01-21,balaghat,Balaghat Deep Shaft,6200,4788,44.2,87.4,89.9,89.3,22.2,1.8,0.0,1412,22.8,1,5182.7,5131.6,17.07,-0.2277,7.8
2025-01-22,balaghat,Balaghat Deep Shaft,6200,4796,44.2,85.9,92.4,87.6,22.5,1.5,0.0,1404,22.6,1,5128.6,5116.3,18.46,-0.2265,7.5
2025-01-23,balaghat,Balaghat Deep Shaft,6200,5037,43.7,85.1,89.7,90.5,23.3,0.7,0.0,1163,18.8,1,5095.0,5112.9,18.54,-0.1876,7.7
2025-01-24,balaghat,Balaghat Deep Shaft,6200,5413,45.0,88.2,92.6,92.1,22.7,1.3,0.0,787,12.7,1,5130.0,5125.4,17.08,-0.1269,8.0
2025-01-25,balaghat,Balaghat Deep Shaft,6200,5083,44.9,85.7,90.0,87.9,23.0,1.0,0.0,1117,18.0,1,5151.7,5123.7,17.31,-0.1802,8.1
2025-01-26,balaghat,Balaghat Deep Shaft,6200,4973,44.3,86.2,89.9,89.8,23.3,0.7,0.0,1227,19.8,1,5081.6,5117.9,17.93,-0.1979,7.9
2025-01-27,balaghat,Balaghat Deep Shaft,6200,5208,43.5,86.9,88.5,91.9,22.5,1.5,0.0,992,16.0,1,5042.6,5121.2,17.45,-0.16,8.5
2025-01-28,balaghat,Balaghat Deep Shaft,6200,5223,43.7,85.7,87.0,94.4,22.5,1.5,0.0,977,15.8,1,5104.7,5124.9,17.04,-0.1576,8.2
2025-01-29,balaghat,Balaghat Deep Shaft,6200,5166,43.7,86.5,88.5,88.1,23.1,0.9,0.0,1034,16.7,1,5157.6,5126.3,16.95,-0.1668,7.6
2025-01-30,balaghat,Balaghat Deep Shaft,6200,5278,45.1,88.0,90.2,91.5,22.6,1.4,0.0,922,14.9,1,5192.0,5131.3,16.44,-0.1487,8.3
2025-01-31,balaghat,Balaghat Deep Shaft,6200,5315,44.1,85.1,89.1,91.6,23.2,0.8,0.0,885,14.3,1,5178.0,5139.1,15.9,-0.1427,7.8
2025-02-01,balaghat,Balaghat Deep Shaft,6200,5055,44.2,87.1,85.3,92.7,22.1,1.9,0.0,1145,18.5,1,5174.0,5133.2,16.55,-0.1847,8.7
2025-02-02,balaghat,Balaghat Deep Shaft,6200,4980,43.9,85.7,87.1,89.2,22.7,1.3,0.0,1220,19.7,1,5175.0,5120.6,17.34,-0.1968,9.3
2025-02-03,balaghat,Balaghat Deep Shaft,6200,5036,43.5,85.5,86.6,91.6,22.2,1.8,0.0,1164,18.8,1,5150.4,5123.5,17.71,-0.1877,9.6
2025-02-04,balaghat,Balaghat Deep Shaft,6200,5081,43.8,85.0,86.0,93.8,22.3,1.7,0.0,1119,18.0,1,5130.1,5123.1,17.78,-0.1805,9.8
2025-02-05,balaghat,Balaghat Deep Shaft,6200,5035,44.9,85.7,87.0,92.9,22.4,1.6,0.0,1165,18.8,1,5111.4,5118.8,18.03,-0.1879,10.5
2025-02-06,balaghat,Balaghat Deep Shaft,6200,5208,43.7,86.1,93.8,91.9,23.4,0.6,0.0,992,16.0,1,5101.4,5128.1,17.53,-0.16,9.7
2025-02-07,balaghat,Balaghat Deep Shaft,6200,5070,44.9,86.1,92.9,90.3,23.3,0.7,0.0,1130,18.2,1,5066.4,5134.6,17.69,-0.1823,9.6
2025-02-08,balaghat,Balaghat Deep Shaft,6200,5375,45.3,85.7,87.9,97.5,22.5,1.5,0.0,825,13.3,1,5112.1,5140.8,16.6,-0.1331,9.2
2025-02-09,balaghat,Balaghat Deep Shaft,6200,5325,44.7,88.2,94.4,89.8,22.8,1.2,0.0,875,14.1,1,5161.4,5143.9,15.97,-0.1411,9.1
2025-02-10,balaghat,Balaghat Deep Shaft,6200,5230,45.2,87.8,95.4,89.6,23.2,0.8,0.0,970,15.6,1,5189.1,5140.3,15.88,-0.1565,8.1
2025-02-11,balaghat,Balaghat Deep Shaft,6200,4870,44.8,86.7,86.2,88.3,22.1,1.9,0.0,1330,21.5,1,5159.0,5132.7,17.28,-0.2145,8.3
2025-02-12,balaghat,Balaghat Deep Shaft,6200,4844,43.4,87.2,93.2,89.7,22.4,1.6,0.0,1356,21.9,1,5131.7,5128.6,18.44,-0.2187,8.3
2025-02-13,balaghat,Balaghat Deep Shaft,6200,5224,44.7,86.8,94.2,92.6,22.8,1.2,0.0,976,15.7,1,5134.0,5136.8,17.75,-0.1574,8.9
2025-02-14,balaghat,Balaghat Deep Shaft,6200,4836,43.4,87.4,89.1,86.5,22.6,1.4,0.0,1364,22.0,1,5100.6,5125.5,18.82,-0.22,9.6
2025-02-15,balaghat,Balaghat Deep Shaft,6200,5379,44.2,87.8,92.4,94.4,22.5,1.5,0.0,821,13.2,1,5101.1,5129.1,17.41,-0.1324,9.6
2025-02-16,balaghat,Balaghat Deep Shaft,6200,5158,44.3,86.1,91.1,93.1,22.6,1.4,0.0,1042,16.8,1,5077.3,5128.7,17.26,-0.1681,9.8
2025-02-17,balaghat,Balaghat Deep Shaft,6200,3451,44.6,87.7,57.8,91.1,15.6,8.4,0.0,2749,44.3,1,4823.1,5079.4,24.02,-0.4434,17.4
2025-02-18,balaghat,Balaghat Deep Shaft,6200,5335,44.3,88.0,89.1,90.3,23.0,1.0,0.0,865,14.0,1,4889.6,5075.1,21.51,-0.1395,16.5
2025-02-19,balaghat,Balaghat Deep Shaft,6200,5214,43.8,85.6,87.1,92.4,22.6,1.4,0.0,986,15.9,1,4942.4,5066.2,20.11,-0.159,16.3
2025-02-20,balaghat,Balaghat Deep Shaft,6200,5071,43.8,86.5,85.0,92.9,22.3,1.7,0.0,1129,18.2,1,4920.6,5075.6,19.63,-0.1821,16.8
2025-02-21,balaghat,Balaghat Deep Shaft,6200,5138,44.1,85.7,89.1,92.9,22.2,1.8,0.0,1062,17.1,1,4963.7,5087.0,19.0,-0.1713,17.2
2025-02-22,balaghat,Balaghat Deep Shaft,6200,4955,44.8,85.7,90.4,91.5,22.3,1.7,0.0,1245,20.1,1,4903.1,5084.3,19.27,-0.2008,17.4
2025-02-23,balaghat,Balaghat Deep Shaft,6200,4992,44.1,86.0,87.5,92.3,22.1,1.9,0.0,1208,19.5,1,4879.4,5070.3,19.33,-0.1948,17.9
2025-02-24,balaghat,Balaghat Deep Shaft,6200,5002,43.5,85.2,87.0,94.5,22.4,1.6,0.0,1198,19.3,1,5101.0,5067.6,19.32,-0.1932,11.1
2025-02-25,balaghat,Balaghat Deep Shaft,6200,5037,43.8,86.7,87.9,91.7,22.8,1.2,0.0,1163,18.8,1,5058.4,5069.7,19.19,-0.1876,11.3
2025-02-26,balaghat,Balaghat Deep Shaft,6200,5186,45.0,86.4,96.4,93.0,23.3,0.7,0.0,1014,16.4,1,5054.4,5069.0,18.49,-0.1635,10.6
2025-02-27,balaghat,Balaghat Deep Shaft,6200,5196,44.3,86.9,89.6,90.3,23.4,0.6,0.0,1004,16.2,1,5072.3,5068.1,17.92,-0.1619,9.5
2025-02-28,balaghat,Balaghat Deep Shaft,6200,5181,45.0,86.8,91.3,89.8,23.4,0.6,0.0,1019,16.4,1,5078.4,5068.6,17.54,-0.1644,8.3
2025-03-01,balaghat,Balaghat Deep Shaft,6200,5229,43.6,87.5,94.2,91.5,23.5,0.5,0.0,971,15.7,1,5117.6,5066.9,17.08,-0.1566,7.1
2025-03-02,balaghat,Balaghat Deep Shaft,6200,5249,44.7,87.2,86.5,94.7,22.6,1.4,0.0,951,15.3,1,5154.3,5064.7,16.64,-0.1534,6.6
2025-03-03,balaghat,Balaghat Deep Shaft,6200,5246,44.2,85.1,93.1,92.1,23.4,0.6,0.0,954,15.4,1,5189.1,5071.1,16.33,-0.1539,5.6
2025-03-04,balaghat,Balaghat Deep Shaft,6200,4857,45.3,86.0,89.5,90.4,22.6,1.4,0.0,1343,21.7,1,5163.4,5067.0,17.67,-0.2166,5.8
2025-03-05,balaghat,Balaghat Deep Shaft,6200,5307,39.5,83.8,94.7,97.0,23.1,0.9,0.0,893,14.4,1,5180.7,5076.0,16.85,-0.144,6.0
2025-03-06,balaghat,Balaghat Deep Shaft,6200,4976,44.4,87.6,87.4,86.7,22.3,1.7,0.0,1224,19.7,1,5149.3,5072.5,17.56,-0.1974,7.1
2025-03-07,balaghat,Balaghat Deep Shaft,6200,4762,45.3,88.5,85.2,88.2,22.1,1.9,0.0,1438,23.2,1,5089.4,5063.4,18.97,-0.2319,8.4
2025-03-08,balaghat,Balaghat Deep Shaft,6200,5253,43.5,85.1,87.7,92.2,22.9,1.1,0.0,947,15.3,1,5092.9,5064.9,18.05,-0.1527,9.0
2025-03-09,balaghat,Balaghat Deep Shaft,6200,5163,43.8,85.3,90.6,87.5,23.4,0.6,0.0,1037,16.7,1,5080.6,5068.0,17.72,-0.1673,8.2
2025-03-10,balaghat,Balaghat Deep Shaft,6200,5238,44.4,87.4,85.3,95.3,22.1,1.9,0.0,962,15.5,1,5079.4,5063.5,17.16,-0.1552,9.5
2025-03-11,balaghat,Balaghat Deep Shaft,6200,5196,44.5,86.3,91.3,91.8,23.2,0.8,0.0,1004,16.2,1,5127.9,5059.2,16.92,-0.1619,8.9
2025-03-12,balaghat,Balaghat Deep Shaft,6200,5074,45.4,86.2,88.8,92.1,22.3,1.7,0.0,1126,18.2,1,5094.6,5054.0,17.24,-0.1816,9.7
2025-03-13,balaghat,Balaghat Deep Shaft,6200,5252,44.8,86.1,96.9,90.9,23.3,0.7,0.0,948,15.3,1,5134.0,5066.7,16.76,-0.1529,8.7
2025-03-14,balaghat,Balaghat Deep Shaft,6200,5184,44.0,86.1,95.1,90.4,23.5,0.5,0.0,1016,16.4,1,5194.3,5078.0,16.67,-0.1639,7.3
2025-03-15,balaghat,Balaghat Deep Shaft,6200,5171,44.6,87.1,88.3,90.8,22.7,1.3,0.0,1029,16.6,1,5182.6,5076.3,16.65,-0.166,7.5
2025-03-16,balaghat,Balaghat Deep Shaft,6200,5152,44.7,85.4,92.6,91.5,23.1,0.9,0.0,1048,16.9,1,5181.0,5086.8,16.71,-0.169,7.8
2025-03-17,balaghat,Balaghat Deep Shaft,6200,5054,44.6,87.9,96.5,88.2,23.4,0.6,0.0,1146,18.5,1,5154.7,5076.0,17.16,-0.1848,6.5
2025-03-18,balaghat,Balaghat Deep Shaft,6200,5117,44.5,86.8,88.7,88.7,23.0,1.0,0.0,1083,17.5,1,5143.4,5074.6,17.24,-0.1747,6.7
2025-03-19,balaghat,Balaghat Deep Shaft,6200,5203,43.7,87.3,96.0,90.2,23.2,0.8,0.0,997,16.1,1,5161.9,5133.0,16.96,-0.1608,5.8
2025-03-20,balaghat,Balaghat Deep Shaft,6200,5036,42.8,84.8,93.4,91.6,22.5,1.5,0.0,1164,18.8,1,5131.0,5123.0,17.42,-0.1877,6.6
2025-03-21,balaghat,Balaghat Deep Shaft,6200,4972,44.1,87.4,86.9,91.2,22.3,1.7,0.0,1228,19.8,1,5100.7,5115.0,18.01,-0.1981,7.8
2025-03-22,balaghat,Balaghat Deep Shaft,6200,5275,44.0,85.6,91.7,97.4,22.9,1.1,0.0,925,14.9,1,5115.6,5121.8,17.24,-0.1492,7.6
2025-03-23,balaghat,Balaghat Deep Shaft,6200,5268,44.4,87.8,90.3,92.9,22.7,1.3,0.0,932,15.0,1,5132.1,5126.1,16.68,-0.1503,8.0
2025-03-24,balaghat,Balaghat Deep Shaft,6200,4972,43.7,86.7,95.3,89.5,22.9,1.1,0.0,1228,19.8,1,5120.4,5126.7,17.46,-0.1981,8.5
2025-03-25,balaghat,Balaghat Deep Shaft,6200,5377,44.7,88.0,88.9,95.7,22.3,1.7,0.0,823,13.3,1,5157.6,5139.5,16.42,-0.1327,9.2
2025-03-26,balaghat,Balaghat Deep Shaft,6200,5317,45.1,87.5,94.8,90.4,23.3,0.7,0.0,883,14.2,1,5173.9,5150.0,15.86,-0.1424,9.1
2025-03-27,balaghat,Balaghat Deep Shaft,6200,4995,44.5,87.4,95.9,88.0,23.3,0.7,0.0,1205,19.4,1,5168.0,5148.6,16.75,-0.1944,8.3
2025-03-28,balaghat,Balaghat Deep Shaft,6200,4855,43.9,86.2,91.9,89.4,22.2,1.8,0.0,1345,21.7,1,5151.3,5137.6,17.99,-0.2169,8.4
2025-03-29,balaghat,Balaghat Deep Shaft,6200,4783,43.7,85.2,84.7,90.9,22.0,2.0,0.0,1417,22.9,1,5081.0,5123.8,19.21,-0.2285,9.3
2025-03-30,balaghat,Balaghat Deep Shaft,6200,5345,44.3,87.2,90.0,92.8,22.7,1.3,0.0,855,13.8,1,5092.0,5129.3,17.86,-0.1379,9.3
2025-03-31,balaghat,Balaghat Deep Shaft,6200,5093,43.1,87.0,92.6,89.6,22.7,1.3,0.0,1107,17.9,1,5109.3,5124.7,17.87,-0.1785,9.5
2025-04-01,balaghat,Balaghat Deep Shaft,6200,5024,44.4,88.0,90.7,88.7,22.8,1.2,0.0,1176,19.0,1,5058.9,5117.2,18.15,-0.1897,9.0
2025-04-02,balaghat,Balaghat Deep Shaft,6200,5338,43.9,85.5,90.8,94.0,23.1,0.9,0.0,862,13.9,1,5061.9,5120.3,17.09,-0.139,9.2
2025-04-03,balaghat,Balaghat Deep Shaft,6200,4533,43.6,84.7,85.4,87.1,22.1,1.9,0.0,1667,26.9,1,4995.9,5109.5,19.54,-0.2689,10.4
2025-04-04,balaghat,Balaghat Deep Shaft,6200,5286,44.1,87.5,87.4,91.7,22.6,1.4,0.0,914,14.7,1,5057.4,5108.8,18.33,-0.1474,10.0
2025-04-05,balaghat,Balaghat Deep Shaft,6200,3497,44.0,86.3,60.5,90.7,15.8,8.2,0.0,2703,43.6,1,4873.7,5059.5,24.65,-0.436,16.2
2025-04-06,balaghat,Balaghat Deep Shaft,6200,5248,44.0,86.5,92.0,94.5,22.8,1.2,0.0,952,15.4,1,4859.9,5075.7,22.34,-0.1535,16.1
2025-04-07,balaghat,Balaghat Deep Shaft,6200,4930,44.2,86.4,89.4,87.5,22.2,1.8,0.0,1270,20.5,1,4836.6,5064.9,21.88,-0.2048,16.6
2025-04-08,balaghat,Balaghat Deep Shaft,6200,5071,44.9,86.6,90.7,87.8,23.3,0.7,0.0,1129,18.2,1,4843.3,5061.9,20.96,-0.1821,16.1
2025-04-09,balaghat,Balaghat Deep Shaft,6200,4928,44.4,85.9,93.8,90.3,23.0,1.0,0.0,1272,20.5,1,4784.7,5051.5,20.84,-0.2052,16.2
2025-04-10,balaghat,Balaghat Deep Shaft,6200,5476,44.4,87.8,89.3,92.7,23.0,1.0,0.0,724,11.7,1,4919.4,5060.9,18.56,-0.1168,15.3
2025-04-11,balaghat,Balaghat Deep Shaft,6200,5484,43.9,85.7,95.2,94.7,23.3,0.7,0.0,716,11.5,1,4947.7,5074.5,16.79,-0.1155,14.6
2025-04-12,balaghat,Balaghat Deep Shaft,6200,5530,45.3,88.1,93.5,92.5,23.1,0.9,0.0,670,10.8,1,5238.1,5083.8,15.29,-0.1081,7.3
2025-04-13,balaghat,Balaghat Deep Shaft,6200,4815,42.8,85.4,90.9,89.3,22.1,1.9,0.0,1385,22.3,1,5176.3,5071.5,17.05,-0.2234,8.0
2025-04-14,balaghat,Balaghat Deep Shaft,6200,4954,44.6,86.1,86.4,91.8,22.5,1.5,0.0,1246,20.1,1,5179.7,5064.3,17.81,-0.201,7.7
2025-04-15,balaghat,Balaghat Deep Shaft,6200,4824,45.3,85.9,85.9,88.1,22.4,1.6,0.0,1376,22.2,1,5144.4,5053.3,18.91,-0.2219,8.6
2025-04-16,balaghat,Balaghat Deep Shaft,6200,5160,44.9,88.3,91.0,91.6,22.6,1.4,0.0,1040,16.8,1,5177.6,5056.9,18.38,-0.1677,9.0
2025-04-17,balaghat,Balaghat Deep Shaft,6200,5171,42.8,86.1,89.3,93.6,22.1,1.9,0.0,1029,16.6,1,5134.0,5058.7,17.94,-0.166,9.9
2025-04-18,balaghat,Balaghat Deep Shaft,6200,5172,43.3,86.0,95.7,90.9,23.3,0.7,0.0,1028,16.6,1,5089.4,5057.6,17.6,-0.1658,9.9
2025-04-19,balaghat,Balaghat Deep Shaft,6200,5068,43.1,85.3,94.1,94.2,22.6,1.4,0.0,1132,18.3,1,5023.4,5058.7,17.78,-0.1826,10.4
2025-04-20,balaghat,Balaghat Deep Shaft,6200,5259,43.5,86.1,89.5,90.8,23.4,0.6,0.0,941,15.2,1,5086.9,5068.3,17.13,-0.1518,9.1
2025-04-21,balaghat,Balaghat Deep Shaft,6200,4814,44.6,87.7,90.9,89.5,22.2,1.8,0.0,1386,22.4,1,5066.9,5052.9,18.45,-0.2235,9.4
2025-04-22,balaghat,Balaghat Deep Shaft,6200,4921,44.3,86.5,89.3,89.7,22.3,1.7,0.0,1279,20.6,1,5080.7,5041.3,18.99,-0.2063,9.5
2025-04-23,balaghat,Balaghat Deep Shaft,6200,4957,44.3,85.2,89.8,88.6,23.2,0.8,0.0,1243,20.0,1,5051.7,5040.8,19.24,-0.2005,8.9
2025-04-24,balaghat,Balaghat Deep Shaft,6200,5207,45.3,86.5,96.7,88.7,23.5,0.5,0.0,993,16.0,1,5056.9,5035.2,18.43,-0.1602,7.5
2025-04-25,balaghat,Balaghat Deep Shaft,6200,5144,43.8,87.4,93.6,89.7,22.5,1.5,0.0,1056,17.0,1,5052.9,5029.4,18.07,-0.1703,8.3
2025-04-26,balaghat,Balaghat Deep Shaft,6200,5213,44.6,86.1,95.6,88.4,23.4,0.6,0.0,987,15.9,1,5073.6,5036.7,17.53,-0.1592,7.5
2025-04-27,balaghat,Balaghat Deep Shaft,6200,5199,43.6,85.0,94.3,95.6,23.2,0.8,0.0,1001,16.1,1,5065.0,5048.1,17.17,-0.1615,7.7
2025-04-28,balaghat,Balaghat Deep Shaft,6200,5080,43.4,85.1,88.3,92.3,22.9,1.1,0.0,1120,18.1,1,5103.0,5058.0,17.4,-0.1806,7.0
2025-04-29,balaghat,Balaghat Deep Shaft,6200,5404,43.1,86.1,91.3,94.8,23.1,0.9,0.0,796,12.8,1,5172.0,5060.0,16.25,-0.1284,6.2
2025-04-30,balaghat,Balaghat Deep Shaft,6200,5016,44.1,85.3,92.2,92.0,22.4,1.6,0.0,1184,19.1,1,5180.4,5057.4,16.96,-0.191,7.0
2025-05-01,balaghat,Balaghat Deep Shaft,6200,5339,45.0,86.9,95.8,90.7,23.5,0.5,0.0,861,13.9,1,5199.3,5067.9,16.2,-0.1389,7.0
2025-05-02,balaghat,Balaghat Deep Shaft,6200,4965,44.1,87.4,87.5,91.9,22.0,2.0,0.0,1235,19.9,1,5173.7,5055.5,17.12,-0.1992,7.5
2025-05-03,balaghat,Balaghat Deep Shaft,6200,4755,44.5,85.7,89.4,87.4,22.7,1.3,0.0,1445,23.3,1,5108.3,5062.9,18.67,-0.2331,8.2
2025-05-04,balaghat,Balaghat Deep Shaft,6200,5371,44.8,87.8,88.8,92.1,22.6,1.4,0.0,829,13.4,1,5132.9,5065.7,17.35,-0.1337,8.8
2025-05-05,balaghat,Balaghat Deep Shaft,6200,5094,42.8,84.9,96.2,92.5,23.4,0.6,0.0,1106,17.8,1,5134.9,5119.0,17.46,-0.1784,8.3
2025-05-06,balaghat,Balaghat Deep Shaft,6200,4998,43.4,85.4,93.4,90.0,23.1,0.9,0.0,1202,19.4,1,5076.9,5110.6,17.95,-0.1939,8.3
2025-05-07,balaghat,Balaghat Deep Shaft,6200,4999,39.8,84.7,86.2,96.7,22.1,1.9,0.0,1201,19.4,1,5074.4,5112.9,18.31,-0.1937,8.6
2025-05-08,balaghat,Balaghat Deep Shaft,6200,5207,44.3,87.1,90.2,90.1,22.8,1.2,0.0,993,16.0,1,5055.6,5117.5,17.73,-0.1602,9.3
2025-05-09,balaghat,Balaghat Deep Shaft,6200,5089,44.0,86.6,89.5,91.9,22.8,1.2,0.0,1111,17.9,1,5073.3,5122.8,17.77,-0.1792,8.5
2025-05-10,balaghat,Balaghat Deep Shaft,6200,5208,44.8,87.3,91.5,93.1,23.1,0.9,0.0,992,16.0,1,5138.0,5113.9,17.33,-0.16,8.1
2025-05-11,balaghat,Balaghat Deep Shaft,6200,5006,44.1,85.7,87.6,88.2,22.7,1.3,0.0,1194,19.3,1,5085.9,5098.0,17.82,-0.1926,8.0
2025-05-12,balaghat,Balaghat Deep Shaft,6200,5588,44.5,87.5,92.3,93.6,23.1,0.9,0.0,612,9.9,0,5156.4,5099.9,15.84,-0.0987,8.3
2025-05-13,balaghat,Balaghat Deep Shaft,6200,5611,44.3,87.2,91.9,93.5,23.4,0.6,0.0,589,9.5,0,5244.0,5126.4,14.26,-0.095,8.0
2025-05-14,balaghat,Balaghat Deep Shaft,6200,5176,44.6,87.3,85.7,91.4,22.2,1.8,0.0,1024,16.5,1,5269.3,5133.8,14.82,-0.1652,7.9
2025-05-15,balaghat,Balaghat Deep Shaft,6200,4985,44.5,86.1,96.5,88.0,23.3,0.7,0.0,1215,19.6,1,5237.6,5139.2,16.01,-0.196,7.4
2025-05-16,balaghat,Balaghat Deep Shaft,6200,5172,43.9,86.9,88.3,91.0,22.7,1.3,0.0,1028,16.6,1,5249.4,5139.6,16.16,-0.1658,7.5
2025-05-17,balaghat,Balaghat Deep Shaft,6200,5352,44.6,88.2,91.0,88.1,23.5,0.5,0.0,848,13.7,1,5270.0,5145.6,15.54,-0.1368,7.1
2025-05-18,balaghat,Balaghat Deep Shaft,6200,5217,45.0,85.9,90.0,90.2,22.8,1.2,0.0,983,15.9,1,5300.1,5147.1,15.63,-0.1585,7.0
2025-05-19,balaghat,Balaghat Deep Shaft,6200,4809,43.1,87.0,91.4,87.3,22.4,1.6,0.0,1391,22.4,1,5188.9,5138.5,17.33,-0.2244,7.7
2025-05-20,balaghat,Balaghat Deep Shaft,6200,5012,43.7,84.7,97.4,89.0,23.4,0.6,0.0,1188,19.2,1,5103.3,5130.3,17.79,-0.1916,7.7
2025-05-21,balaghat,Balaghat Deep Shaft,6200,4903,44.6,88.0,85.8,88.8,22.1,1.9,0.0,1297,20.9,1,5064.3,5133.2,18.57,-0.2092,7.8
2025-05-22,balaghat,Balaghat Deep Shaft,6200,3517,44.6,85.3,65.7,91.4,16.1,7.9,0.0,2683,43.3,1,4854.6,5086.4,24.75,-0.4327,15.0
2025-05-23,balaghat,Balaghat Deep Shaft,6200,5285,45.2,88.1,92.7,94.4,22.7,1.3,0.0,915,14.8,1,4870.7,5097.4,22.26,-0.1476,15.0
2025-05-24,balaghat,Balaghat Deep Shaft,6200,5310,44.9,85.8,89.7,89.9,23.4,0.6,0.0,890,14.4,1,4864.7,5100.8,20.3,-0.1435,15.1
2025-05-25,balaghat,Balaghat Deep Shaft,6200,5160,43.5,87.1,87.8,90.6,22.4,1.6,0.0,1040,16.8,1,4856.6,5101.3,19.42,-0.1677,15.5
2025-05-26,balaghat,Balaghat Deep Shaft,6200,5315,43.3,87.2,89.5,92.0,22.6,1.4,0.0,885,14.3,1,4928.9,5104.7,18.14,-0.1427,15.3
2025-05-27,balaghat,Balaghat Deep Shaft,6200,5204,44.9,87.2,93.9,92.9,22.7,1.3,0.0,996,16.1,1,4956.3,5104.9,17.63,-0.1606,16.0
2025-05-28,balaghat,Balaghat Deep Shaft,6200,5132,45.3,86.6,95.7,91.4,23.4,0.6,0.0,1068,17.2,1,4989.0,5106.6,17.52,-0.1723,14.7
2025-05-29,balaghat,Balaghat Deep Shaft,6200,4691,43.7,86.7,87.6,82.8,22.6,1.4,0.0,1509,24.3,1,5156.7,5082.9,19.22,-0.2434,8.2
2025-05-30,balaghat,Balaghat Deep Shaft,6200,5182,44.0,85.3,87.6,93.0,22.3,1.7,0.0,1018,16.4,1,5142.0,5088.4,18.51,-0.1642,8.6
2025-05-31,balaghat,Balaghat Deep Shaft,6200,5005,44.7,86.0,88.8,92.8,22.5,1.5,0.0,1195,19.3,1,5098.4,5077.3,18.71,-0.1927,9.5
2025-06-01,balaghat,Balaghat Deep Shaft,6200,5359,44.3,87.6,89.9,91.1,23.0,1.0,0.0,841,13.6,1,5126.9,5090.4,17.43,-0.1356,8.9
2025-06-02,balaghat,Balaghat Deep Shaft,6200,5150,44.2,85.1,91.3,90.9,23.1,0.9,0.0,1050,16.9,1,5103.3,5103.6,17.3,-0.1694,8.4
2025-06-03,balaghat,Balaghat Deep Shaft,6200,5143,45.5,86.5,92.1,93.1,22.3,1.7,0.0,1057,17.0,1,5094.6,5096.0,17.22,-0.1705,8.8
2025-06-04,balaghat,Balaghat Deep Shaft,6200,5112,43.3,84.6,91.3,94.5,22.1,1.9,0.0,1088,17.5,1,5091.7,5096.6,17.29,-0.1755,10.1
2025-06-05,balaghat,Balaghat Deep Shaft,6200,5498,43.6,86.6,92.8,94.2,23.4,0.6,0.0,702,11.3,1,5207.0,5113.2,15.8,-0.1132,9.3
2025-06-06,balaghat,Balaghat Deep Shaft,6200,5378,43.9,86.8,97.7,92.4,23.5,0.5,0.0,822,13.3,1,5235.0,5125.9,15.17,-0.1326,8.1
2025-06-07,balaghat,Balaghat Deep Shaft,6200,5177,45.3,87.4,88.3,90.1,23.1,0.9,0.0,1023,16.5,1,5259.6,5124.9,15.5,-0.165,7.5
2025-06-08,balaghat,Balaghat Deep Shaft,6200,5381,44.8,86.3,96.0,93.1,23.2,0.8,0.0,819,13.2,1,5262.7,5134.6,14.93,-0.1321,7.3
2025-06-09,balaghat,Balaghat Deep Shaft,6200,4380,43.3,84.5,85.7,83.8,21.8,2.2,17.4,1820,29.4,1,5152.7,5107.0,18.55,-0.2935,8.6
2025-06-10,balaghat,Balaghat Deep Shaft,6200,4975,43.8,86.7,89.4,86.3,22.7,1.3,12.3,1225,19.8,1,5128.7,5106.0,18.86,-0.1976,8.2
2025-06-11,balaghat,Balaghat Deep Shaft,6200,4109,44.5,85.9,78.0,82.2,20.2,3.8,33.0,2091,33.7,1,4985.4,5056.7,22.57,-0.3373,10.1
2025-06-12,balaghat,Balaghat Deep Shaft,6200,4501,44.5,87.8,85.7,85.2,20.8,3.2,33.5,1699,27.4,1,4843.0,5019.7,23.78,-0.274,12.7
2025-06-13,balaghat,Balaghat Deep Shaft,6200,5076,44.7,87.4,91.2,88.7,23.0,1.0,7.3,1124,18.1,1,4799.9,5016.3,22.36,-0.1813,13.2
2025-06-14,balaghat,Balaghat Deep Shaft,6200,4755,43.8,86.9,86.0,86.7,21.8,2.2,15.6,1445,23.3,1,4739.6,5008.7,22.59,-0.2331,14.5
2025-06-15,balaghat,Balaghat Deep Shaft,6200,4233,44.2,86.1,85.0,82.4,20.6,3.4,36.9,1967,31.7,1,4575.6,4977.4,24.87,-0.3173,17.1
2025-06-16,balaghat,Balaghat Deep Shaft,6200,4796,44.2,87.8,92.7,86.4,22.3,1.7,10.5,1404,22.6,1,4635.0,4958.8,24.3,-0.2265,16.6
2025-06-17,balaghat,Balaghat Deep Shaft,6200,4142,45.0,88.4,82.6,78.8,20.2,3.8,35.7,2058,33.2,1,4516.0,4923.0,26.53,-0.3319,19.1
2025-06-18,balaghat,Balaghat Deep Shaft,6200,3532,44.4,85.7,71.4,78.9,18.5,5.5,61.0,2668,43.0,1,4433.6,4880.4,30.65,-0.4303,20.8
2025-06-19,balaghat,Balaghat Deep Shaft,6200,4213,45.2,88.4,80.7,83.6,20.6,3.4,36.8,1987,32.0,1,4392.4,4853.8,30.98,-0.3205,21.0
2025-06-20,balaghat,Balaghat Deep Shaft,6200,3816,43.9,86.3,77.6,77.5,19.9,4.1,40.9,2384,38.5,1,4212.4,4817.6,32.86,-0.3845,24.1
2025-06-21,balaghat,Balaghat Deep Shaft,6200,3292,44.5,88.1,77.3,71.2,18.7,5.3,62.4,2908,46.9,1,4003.4,4810.1,36.37,-0.469,27.2
2025-06-22,balaghat,Balaghat Deep Shaft,6200,2831,43.5,84.6,69.9,68.8,17.6,6.4,80.2,3369,54.3,1,3803.1,4728.3,40.85,-0.5434,30.2
2025-06-23,balaghat,Balaghat Deep Shaft,6200,4674,45.4,86.1,86.9,84.8,21.8,2.2,10.0,1526,24.6,1,3785.7,4707.1,36.79,-0.2461,30.7
2025-06-24,balaghat,Balaghat Deep Shaft,6200,4547,45.1,86.3,88.3,87.7,21.6,2.4,8.4,1653,26.7,1,3843.6,4686.6,34.27,-0.2666,29.3
2025-06-25,balaghat,Balaghat Deep Shaft,6200,2483,44.0,85.3,66.4,62.4,16.4,7.6,106.8,3717,60.0,1,3693.7,4592.2,40.7,-0.5995,31.4
2025-06-26,balaghat,Balaghat Deep Shaft,6200,4960,43.4,85.2,92.7,91.0,23.0,1.0,3.8,1240,20.0,1,3800.4,4584.1,35.53,-0.2,29.0
2025-06-27,balaghat,Balaghat Deep Shaft,6200,2499,44.0,86.3,70.7,59.3,17.3,6.7,101.2,3701,59.7,1,3612.3,4496.3,41.57,-0.5969,31.6
2025-06-28,balaghat,Balaghat Deep Shaft,6200,4305,44.0,87.8,78.5,83.6,20.2,3.8,39.1,1895,30.6,1,3757.0,4483.5,38.83,-0.3056,30.1
2025-06-29,balaghat,Balaghat Deep Shaft,6200,4008,44.1,85.3,78.7,84.0,20.0,4.0,37.5,2192,35.4,1,3925.1,4444.3,37.97,-0.3535,27.7
2025-06-30,balaghat,Balaghat Deep Shaft,6200,4005,44.6,87.3,77.1,79.1,20.3,3.7,39.5,2195,35.4,1,3829.6,4411.0,37.33,-0.354,29.2
2025-07-01,balaghat,Balaghat Deep Shaft,6200,3696,44.5,86.6,76.4,77.9,19.2,4.8,49.7,2504,40.4,1,3708.0,4355.6,38.1,-0.4039,31.6
2025-07-02,balaghat,Balaghat Deep Shaft,6200,4340,44.6,85.3,83.9,85.3,21.5,2.5,25.7,1860,30.0,1,3973.3,4328.6,36.07,-0.3,26.5
2025-07-03,balaghat,Balaghat Deep Shaft,6200,4847,44.1,85.4,85.7,88.0,21.9,2.1,22.0,1353,21.8,1,3957.1,4318.7,32.5,-0.2182,27.6
2025-07-04,balaghat,Balaghat Deep Shaft,6200,3846,44.9,87.8,73.8,80.7,18.8,5.2,56.4,2354,38.0,1,4149.6,4276.5,33.88,-0.3797,26.1
2025-07-05,balaghat,Balaghat Deep Shaft,6200,2070,44.4,88.0,52.8,54.6,14.6,9.4,131.7,4130,66.6,1,3830.3,4162.2,42.06,-0.6661,31.7
2025-07-06,balaghat,Balaghat Deep Shaft,6200,2206,44.1,87.0,58.3,57.0,15.4,8.6,121.1,3994,64.4,1,3572.9,4056.5,47.64,-0.6442,36.3
2025-07-07,balaghat,Balaghat Deep Shaft,6200,2333,44.6,87.9,58.5,59.4,15.6,8.4,121.1,3867,62.4,1,3334.0,3961.7,51.33,-0.6237,41.0
2025-07-08,balaghat,Balaghat Deep Shaft,6200,3003,43.8,87.1,59.7,81.9,15.2,8.8,19.6,3197,51.6,1,3235.0,3882.4,51.4,-0.5156,45.0
2025-07-09,balaghat,Balaghat Deep Shaft,6200,4601,40.9,83.4,87.4,88.9,21.7,2.3,19.0,1599,25.8,1,3272.3,3889.8,45.0,-0.2579,44.8
2025-07-10,balaghat,Balaghat Deep Shaft,6200,3990,44.8,86.5,81.0,78.5,20.2,3.8,46.1,2210,35.6,1,3149.9,3857.0,42.65,-0.3565,46.5
2025-07-11,balaghat,Balaghat Deep Shaft,6200,1078,44.4,85.3,32.9,55.9,8.0,16.0,293.5,5122,82.6,1,2754.4,3755.9,52.64,-0.8261,57.3
2025-07-12,balaghat,Balaghat Deep Shaft,6200,3343,44.3,87.1,76.7,70.2,19.0,5.0,67.7,2857,46.1,1,2936.3,3717.3,51.0,-0.4608,52.9
2025-07-13,balaghat,Balaghat Deep Shaft,6200,1665,43.2,85.4,51.5,55.0,12.7,11.3,177.0,4535,73.1,1,2859.0,3603.6,56.53,-0.7315,55.6
2025-07-14,balaghat,Balaghat Deep Shaft,6200,1232,44.2,85.6,34.6,57.1,8.8,15.2,230.7,4968,80.1,1,2701.7,3486.2,62.42,-0.8013,62.4
2025-07-15,balaghat,Balaghat Deep Shaft,6200,2395,44.3,85.4,60.5,62.2,16.1,7.9,108.9,3805,61.4,1,2614.9,3424.9,62.17,-0.6137,61.5
2025-07-16,balaghat,Balaghat Deep Shaft,6200,2209,43.5,85.2,58.6,58.4,15.8,8.2,106.6,3991,64.4,1,2273.1,3338.7,62.72,-0.6437,67.4
2025-07-17,balaghat,Balaghat Deep Shaft,6200,4348,43.7,86.3,81.7,84.3,20.8,3.2,41.9,1852,29.9,1,2324.3,3345.6,54.52,-0.2987,66.8
2025-07-18,balaghat,Balaghat Deep Shaft,6200,2384,44.2,86.2,68.0,58.5,16.5,7.5,111.3,3816,61.5,1,2510.9,3307.3,56.26,-0.6155,58.3
2025-07-19,balaghat,Balaghat Deep Shaft,6200,3555,43.2,87.0,69.6,75.9,18.6,5.4,68.7,2645,42.7,1,2541.1,3285.4,52.87,-0.4266,58.7
2025-07-20,balaghat,Balaghat Deep Shaft,6200,4189,44.5,87.4,80.8,81.2,21.3,2.7,19.8,2011,32.4,1,2901.7,3297.8,47.75,-0.3244,50.1
2025-07-21,balaghat,Balaghat Deep Shaft,6200,1217,43.8,86.2,39.0,53.7,9.5,14.5,224.5,4983,80.4,1,2899.6,3228.6,55.92,-0.8037,49.4
2025-07-22,balaghat,Balaghat Deep Shaft,6200,3875,43.0,86.3,75.6,80.1,19.4,4.6,47.1,2325,37.5,1,3111.0,3263.4,51.31,-0.375,46.1
2025-07-23,balaghat,Balaghat Deep Shaft,6200,2607,45.4,88.5,63.4,63.8,16.1,7.9,105.2,3593,58.0,1,3167.9,3194.5,52.98,-0.5795,45.8
2025-07-24,balaghat,Balaghat Deep Shaft,6200,4480,43.8,85.8,85.6,83.7,21.4,2.6,33.4,1720,27.7,1,3186.7,3192.3,46.66,-0.2774,45.2
2025-07-25,balaghat,Balaghat Deep Shaft,6200,1633,43.4,84.7,42.9,55.2,12.2,11.8,184.8,4567,73.7,1,3079.4,3164.0,53.42,-0.7366,49.5
2025-07-26,balaghat,Balaghat Deep Shaft,6200,3186,44.3,85.7,69.8,70.5,18.2,5.8,85.9,3014,48.6,1,3026.7,3104.8,52.22,-0.4861,49.9
2025-07-27,balaghat,Balaghat Deep Shaft,6200,3105,43.7,84.9,76.8,68.6,18.6,5.4,72.1,3095,49.9,1,2871.9,3125.0,51.64,-0.4992,52.6
2025-07-28,balaghat,Balaghat Deep Shaft,6200,3863,44.2,85.0,80.5,76.5,20.3,3.7,39.1,2337,37.7,1,3249.9,3110.3,48.15,-0.3769,41.8
2025-07-29,balaghat,Balaghat Deep Shaft,6200,1860,44.9,86.0,48.9,55.4,13.4,10.6,146.3,4340,70.0,1,2962.0,3038.7,53.61,-0.7,47.8
2025-07-30,balaghat,Balaghat Deep Shaft,6200,3817,44.2,86.1,77.8,75.9,20.0,4.0,53.6,2383,38.4,1,3134.9,3032.4,49.81,-0.3844,43.9
2025-07-31,balaghat,Balaghat Deep Shaft,6200,3215,44.0,86.4,71.5,75.0,17.5,6.5,80.8,2985,48.1,1,2954.1,3016.4,49.38,-0.4815,47.8
2025-08-01,balaghat,Balaghat Deep Shaft,6200,3475,44.2,85.1,81.8,72.2,19.9,4.1,60.0,2725,44.0,1,3217.3,2987.6,48.04,-0.4395,40.1
2025-08-02,balaghat,Balaghat Deep Shaft,6200,2086,44.4,87.5,62.4,51.1,16.2,7.8,118.4,4114,66.4,1,3060.1,2895.5,52.63,-0.6635,42.1
2025-08-03,balaghat,Balaghat Deep Shaft,6200,4015,44.3,85.1,80.9,82.9,20.3,3.7,34.3,2185,35.2,1,3190.1,2901.2,48.27,-0.3524,40.4
2025-08-04,balaghat,Balaghat Deep Shaft,6200,3624,43.8,87.6,76.5,73.5,19.7,4.3,60.9,2576,41.5,1,3156.0,2953.0,46.58,-0.4155,41.0
2025-08-05,balaghat,Balaghat Deep Shaft,6200,4704,43.4,86.4,86.6,88.8,21.6,2.4,17.9,1496,24.1,1,3562.3,3036.2,40.96,-0.2413,32.8
2025-08-06,balaghat,Balaghat Deep Shaft,6200,3520,44.7,86.9,77.9,75.3,19.5,4.5,65.8,2680,43.2,1,3519.9,3075.8,41.52,-0.4323,33.3
2025-08-07,balaghat,Balaghat Deep Shaft,6200,1944,44.2,87.7,57.4,54.5,14.2,9.8,142.1,4256,68.6,1,3338.3,3040.5,48.29,-0.6865,36.6
2025-08-08,balaghat,Balaghat Deep Shaft,6200,2188,44.2,86.6,60.8,55.8,16.0,8.0,116.9,4012,64.7,1,3154.4,2960.1,52.39,-0.6471,40.5
2025-08-09,balaghat,Balaghat Deep Shaft,6200,3694,43.8,85.7,75.7,75.8,20.0,4.0,35.6,2506,40.4,1,3384.1,2950.2,49.39,-0.4042,36.7
2025-08-10,balaghat,Balaghat Deep Shaft,6200,1864,44.8,85.7,50.6,56.3,13.4,10.6,153.1,4336,69.9,1,3076.9,2976.4,54.52,-0.6994,43.6
2025-08-11,balaghat,Balaghat Deep Shaft,6200,4057,45.4,88.6,80.4,79.8,20.7,3.3,43.4,2143,34.6,1,3138.7,3000.2,49.54,-0.3456,42.6
2025-08-12,balaghat,Balaghat Deep Shaft,6200,3027,45.0,86.2,73.0,66.8,18.2,5.8,81.1,3173,51.2,1,2899.1,3045.6,49.96,-0.5118,46.0
2025-08-13,balaghat,Balaghat Deep Shaft,6200,3654,44.8,86.5,75.1,76.5,19.5,4.5,49.8,2546,41.1,1,2918.3,3126.3,47.74,-0.4106,46.0
2025-08-14,balaghat,Balaghat Deep Shaft,6200,3908,43.6,86.0,78.6,81.8,20.1,3.9,37.1,2292,37.0,1,3198.9,3176.8,45.06,-0.3697,40.1
2025-08-15,balaghat,Balaghat Deep Shaft,6200,1671,44.0,85.1,42.7,61.0,11.5,12.5,180.2,4529,73.0,1,3125.0,3158.8,52.04,-0.7305,44.6
2025-08-16,balaghat,Balaghat Deep Shaft,6200,3863,43.0,86.6,78.3,77.9,20.6,3.4,33.0,2337,37.7,1,3149.1,3142.7,48.46,-0.3769,44.0
2025-08-17,balaghat,Balaghat Deep Shaft,6200,3107,44.1,85.7,70.1,69.2,18.4,5.6,78.2,3093,49.9,1,3326.7,3166.8,48.82,-0.4989,39.0
2025-08-18,balaghat,Balaghat Deep Shaft,6200,3223,44.6,86.6,72.3,71.2,17.7,6.3,80.6,2977,48.0,1,3207.6,3155.7,48.61,-0.4802,42.0
2025-08-19,balaghat,Balaghat Deep Shaft,6200,3449,44.9,86.2,76.2,74.7,18.7,5.3,59.4,2751,44.4,1,3267.9,3131.0,47.56,-0.4437,41.5
2025-08-20,balaghat,Balaghat Deep Shaft,6200,3194,44.2,85.4,72.8,69.0,18.8,5.2,63.4,3006,48.5,1,3202.1,3196.9,47.79,-0.4848,42.2
2025-08-21,balaghat,Balaghat Deep Shaft,6200,4206,44.1,85.5,86.8,82.6,21.3,2.7,36.2,1994,32.2,1,3244.7,3208.0,43.9,-0.3216,41.0
2025-08-22,balaghat,Balaghat Deep Shaft,6200,4532,45.1,86.2,86.7,85.3,21.5,2.5,28.5,1668,26.9,1,3653.4,3272.1,39.65,-0.269,31.0
2025-08-23,balaghat,Balaghat Deep Shaft,6200,4643,45.2,85.9,85.5,84.7,22.2,1.8,14.5,1557,25.1,1,3764.9,3277.6,36.01,-0.2511,29.4
2025-08-24,balaghat,Balaghat Deep Shaft,6200,3107,43.7,86.6,55.9,84.3,14.6,9.4,40.6,3093,49.9,1,3764.9,3326.7,39.48,-0.4989,33.2
2025-08-25,balaghat,Balaghat Deep Shaft,6200,3379,45.1,86.9,77.8,71.9,18.8,5.2,62.5,2821,45.5,1,3787.1,3333.1,40.99,-0.455,32.1
2025-08-26,balaghat,Balaghat Deep Shaft,6200,1499,44.7,88.1,42.7,54.9,11.2,12.8,183.8,4701,75.8,1,3508.6,3279.6,49.69,-0.7582,39.6
2025-08-27,balaghat,Balaghat Deep Shaft,6200,2310,43.5,86.6,61.7,59.4,15.8,8.2,109.0,3890,62.7,1,3382.3,3227.8,52.94,-0.6274,42.6
2025-08-28,balaghat,Balaghat Deep Shaft,6200,3908,43.4,84.7,74.5,80.8,19.8,4.2,42.6,2292,37.0,1,3339.7,3296.1,48.96,-0.3697,44.1
2025-08-29,balaghat,Balaghat Deep Shaft,6200,1865,44.0,86.2,55.1,53.8,14.0,10.0,154.7,4335,69.9,1,2958.7,3231.0,54.19,-0.6992,51.6
2025-08-30,balaghat,Balaghat Deep Shaft,6200,2559,43.5,85.1,73.1,60.8,17.6,6.4,96.9,3641,58.7,1,2661.0,3209.2,55.32,-0.5873,56.2
2025-08-31,balaghat,Balaghat Deep Shaft,6200,3735,44.1,85.5,78.5,79.9,19.2,4.8,50.8,2465,39.8,1,2750.7,3217.8,51.44,-0.3976,51.6
2025-09-01,balaghat,Balaghat Deep Shaft,6200,4494,45.2,86.3,85.6,86.9,21.5,2.5,15.9,1706,27.5,1,2910.0,3298.1,45.45,-0.2752,48.9
2025-09-02,balaghat,Balaghat Deep Shaft,6200,4260,43.9,87.6,79.0,84.5,20.8,3.2,28.6,1940,31.3,1,3304.4,3306.3,41.92,-0.3129,39.3
2025-09-03,balaghat,Balaghat Deep Shaft,6200,4516,44.7,87.0,85.9,84.5,21.1,2.9,17.0,1684,27.2,1,3619.6,3336.0,38.24,-0.2716,34.0
2025-09-04,balaghat,Balaghat Deep Shaft,6200,4720,44.2,87.6,85.2,84.8,22.2,1.8,19.4,1480,23.9,1,3735.6,3336.5,34.65,-0.2387,31.6
2025-09-05,balaghat,Balaghat Deep Shaft,6200,4741,44.2,85.2,90.9,87.1,23.1,0.9,6.4,1459,23.5,1,4146.4,3377.2,31.86,-0.2353,22.5
2025-09-06,balaghat,Balaghat Deep Shaft,6200,3614,43.6,85.7,77.1,79.4,19.0,5.0,51.1,2586,41.7,1,4297.1,3432.9,34.32,-0.4171,21.1
2025-09-07,balaghat,Balaghat Deep Shaft,6200,5096,43.8,85.2,88.9,94.8,22.0,2.0,9.9,1104,17.8,1,4491.6,3529.8,30.19,-0.1781,18.3
2025-09-08,balaghat,Balaghat Deep Shaft,6200,4633,44.3,87.8,85.2,86.2,21.5,2.5,16.2,1567,25.3,1,4511.4,3561.1,28.97,-0.2527,18.3
2025-09-09,balaghat,Balaghat Deep Shaft,6200,4671,42.8,85.2,84.6,88.6,21.6,2.4,9.8,1529,24.7,1,4570.1,3654.7,27.9,-0.2466,17.5
2025-09-10,balaghat,Balaghat Deep Shaft,6200,4703,40.0,83.1,91.7,91.6,22.1,1.9,12.2,1497,24.1,1,4596.9,3676.2,26.95,-0.2415,16.5
2025-09-11,balaghat,Balaghat Deep Shaft,6200,4605,44.4,85.5,85.0,85.9,21.4,2.6,15.6,1595,25.7,1,4580.4,3728.8,26.64,-0.2573,17.3
2025-09-12,balaghat,Balaghat Deep Shaft,6200,4522,44.2,87.8,87.3,86.1,21.0,3.0,22.0,1678,27.1,1,4549.1,3757.8,26.75,-0.2706,19.4
2025-09-13,balaghat,Balaghat Deep Shaft,6200,4711,43.9,85.5,85.2,86.1,21.7,2.3,27.1,1489,24.0,1,4705.9,3784.5,26.07,-0.2402,16.7
2025-09-14,balaghat,Balaghat Deep Shaft,6200,3489,44.3,86.2,75.4,72.3,19.2,4.8,52.2,2711,43.7,1,4476.3,3845.1,30.47,-0.4373,19.5
2025-09-15,balaghat,Balaghat Deep Shaft,6200,4184,43.8,85.2,81.5,80.0,20.9,3.1,39.2,2016,32.5,1,4412.1,3855.8,30.98,-0.3252,20.1
2025-09-16,balaghat,Balaghat Deep Shaft,6200,3775,43.9,87.4,76.0,77.9,19.5,4.5,43.8,2425,39.1,1,4284.1,3878.1,33.01,-0.3911,22.2
2025-09-17,balaghat,Balaghat Deep Shaft,6200,4716,44.2,85.0,86.0,88.9,21.6,2.4,11.2,1484,23.9,1,4286.0,3927.9,30.73,-0.2394,22.7
2025-09-18,balaghat,Balaghat Deep Shaft,6200,5414,43.5,87.5,90.0,92.6,23.3,0.7,0.0,786,12.7,1,4401.6,3993.4,26.22,-0.1268,20.8
2025-09-19,balaghat,Balaghat Deep Shaft,6200,5216,44.3,87.5,86.2,90.9,22.4,1.6,0.0,984,15.9,1,4500.7,4060.8,23.64,-0.1587,19.4
2025-09-20,balaghat,Balaghat Deep Shaft,6200,5001,44.0,85.4,88.9,90.6,22.7,1.3,0.0,1199,19.3,1,4542.1,4087.3,22.56,-0.1934,18.4
2025-09-21,balaghat,Balaghat Deep Shaft,6200,4932,43.6,85.5,88.4,86.6,22.8,1.2,0.0,1268,20.5,1,4748.3,4100.6,22.04,-0.2045,14.8
2025-09-22,balaghat,Balaghat Deep Shaft,6200,5142,43.8,85.5,95.1,90.2,23.1,0.9,0.0,1058,17.1,1,4885.1,4117.2,20.81,-0.1706,12.6
2025-09-23,balaghat,Balaghat Deep Shaft,6200,4763,44.4,86.2,89.1,86.4,23.0,1.0,0.0,1437,23.2,1,5026.3,4172.4,21.41,-0.2318,9.1
2025-09-24,balaghat,Balaghat Deep Shaft,6200,5047,44.0,85.4,90.3,91.4,23.0,1.0,0.0,1153,18.6,1,5073.6,4228.0,20.7,-0.186,7.7
2025-09-25,balaghat,Balaghat Deep Shaft,6200,5145,43.6,87.5,89.6,92.8,22.5,1.5,0.0,1055,17.0,1,5035.1,4349.6,19.78,-0.1702,8.5
2025-09-26,balaghat,Balaghat Deep Shaft,6200,4803,44.6,86.2,85.1,89.8,22.1,1.9,0.0,1397,22.5,1,4976.1,4432.7,20.46,-0.2253,8.8
2025-09-27,balaghat,Balaghat Deep Shaft,6200,5319,44.1,86.6,89.3,93.2,22.5,1.5,0.0,881,14.2,1,5021.6,4479.7,18.89,-0.1421,9.0
2025-09-28,balaghat,Balaghat Deep Shaft,6200,5202,44.1,87.8,87.6,89.1,22.9,1.1,0.0,998,16.1,1,5060.1,4590.9,18.2,-0.161,8.9
2025-09-29,balaghat,Balaghat Deep Shaft,6200,5157,44.5,85.9,89.4,89.1,23.1,0.9,0.0,1043,16.8,1,5062.3,4677.5,17.85,-0.1682,8.9
2025-09-30,balaghat,Balaghat Deep Shaft,6200,5151,44.7,87.5,86.3,90.9,22.1,1.9,0.0,1049,16.9,1,5117.7,4724.7,17.61,-0.1692,9.8
2025-10-01,balaghat,Balaghat Deep Shaft,6200,5061,44.1,87.9,89.0,90.2,22.4,1.6,0.0,1139,18.4,1,5119.7,4743.6,17.81,-0.1837,10.4
2025-10-02,balaghat,Balaghat Deep Shaft,6200,5304,44.8,88.2,91.8,90.6,22.6,1.4,0.0,896,14.5,1,5142.4,4778.4,16.98,-0.1445,10.3
2025-10-03,balaghat,Balaghat Deep Shaft,6200,4751,44.1,85.6,89.0,89.3,22.5,1.5,0.0,1449,23.4,1,5135.0,4786.3,18.59,-0.2337,9.9
2025-10-04,balaghat,Balaghat Deep Shaft,6200,4916,43.8,85.3,84.8,91.1,22.0,2.0,0.0,1284,20.7,1,5077.4,4792.8,19.11,-0.2071,10.4
2025-10-05,balaghat,Balaghat Deep Shaft,6200,5272,44.8,85.7,90.2,91.6,23.4,0.6,0.0,928,15.0,1,5087.4,4810.5,18.09,-0.1497,9.9
2025-10-06,balaghat,Balaghat Deep Shaft,6200,5407,45.1,86.7,92.9,92.8,22.9,1.1,0.0,793,12.8,1,5123.1,4870.3,16.76,-0.1279,10.1
2025-10-07,balaghat,Balaghat Deep Shaft,6200,5144,45.2,87.9,89.1,90.6,22.6,1.4,0.0,1056,17.0,1,5122.1,4871.9,16.82,-0.1703,9.6
2025-10-08,balaghat,Balaghat Deep Shaft,6200,5368,44.5,86.4,91.5,93.4,22.9,1.1,0.0,832,13.4,1,5166.0,4896.4,15.97,-0.1342,9.1
2025-10-09,balaghat,Balaghat Deep Shaft,6200,4933,43.8,86.3,93.2,91.9,22.5,1.5,0.0,1267,20.4,1,5113.0,4905.1,17.08,-0.2044,9.2
2025-10-10,balaghat,Balaghat Deep Shaft,6200,3683,44.1,87.4,61.4,88.2,16.6,7.4,0.0,2517,40.6,1,4960.4,4871.1,22.96,-0.406,15.1
2025-10-11,balaghat,Balaghat Deep Shaft,6200,4913,44.0,85.5,92.5,86.3,23.2,0.8,0.0,1287,20.8,1,4960.0,4881.4,22.42,-0.2076,13.9
2025-10-12,balaghat,Balaghat Deep Shaft,6200,4934,43.7,85.8,88.8,89.6,23.1,0.9,0.0,1266,20.4,1,4911.7,4895.1,21.91,-0.2042,14.2
2025-10-13,balaghat,Balaghat Deep Shaft,6200,4924,45.3,85.7,87.6,91.0,22.7,1.3,0.0,1276,20.6,1,4842.7,4902.2,21.58,-0.2058,14.4
2025-10-14,balaghat,Balaghat Deep Shaft,6200,5186,44.7,86.2,92.0,91.3,22.9,1.1,0.0,1014,16.4,1,4848.7,4958.8,20.29,-0.1635,14.1
2025-10-15,balaghat,Balaghat Deep Shaft,6200,4886,43.9,87.0,85.3,91.0,22.3,1.7,0.0,1314,21.2,1,4779.9,4982.2,20.52,-0.2119,14.7
2025-10-16,balaghat,Balaghat Deep Shaft,6200,4977,43.7,86.6,92.8,91.9,22.5,1.5,0.0,1223,19.7,1,4786.1,5022.2,20.31,-0.1973,14.7
2025-10-17,balaghat,Balaghat Deep Shaft,6200,4737,44.1,85.1,92.8,86.0,22.4,1.6,0.0,1463,23.6,1,4936.7,5022.9,21.13,-0.236,8.9
2025-10-18,balaghat,Balaghat Deep Shaft,6200,5122,44.3,85.4,91.1,89.9,23.0,1.0,0.0,1078,17.4,1,4966.6,5013.2,20.2,-0.1739,9.1
2025-10-19,balaghat,Balaghat Deep Shaft,6200,5130,43.5,87.5,91.6,93.4,22.1,1.9,0.0,1070,17.3,1,4994.6,5010.3,19.48,-0.1726,10.1
2025-10-20,balaghat,Balaghat Deep Shaft,6200,5141,43.0,85.1,90.4,91.8,22.8,1.2,0.0,1059,17.1,1,5025.6,5015.0,18.88,-0.1708,10.0
2025-10-21,balaghat,Balaghat Deep Shaft,6200,5303,43.5,86.7,90.3,93.3,22.5,1.5,0.0,897,14.5,1,5042.3,5027.4,17.79,-0.1447,10.4
2025-10-22,balaghat,Balaghat Deep Shaft,6200,5067,43.1,85.6,86.3,93.8,22.3,1.7,0.0,1133,18.3,1,5068.1,5024.9,17.91,-0.1827,10.4
2025-10-23,balaghat,Balaghat Deep Shaft,6200,4833,43.5,86.3,87.8,89.8,22.4,1.6,0.0,1367,22.0,1,5047.6,5027.2,18.94,-0.2205,10.5
2025-10-24,balaghat,Balaghat Deep Shaft,6200,5061,44.2,86.1,94.6,90.5,23.0,1.0,0.0,1139,18.4,1,5093.9,5027.7,18.8,-0.1837,9.9
2025-10-25,balaghat,Balaghat Deep Shaft,6200,5098,44.8,87.3,92.9,91.1,22.9,1.1,0.0,1102,17.8,1,5090.4,5026.1,18.55,-0.1777,10.0
2025-10-26,balaghat,Balaghat Deep Shaft,6200,5468,44.2,87.9,89.5,95.5,22.8,1.2,0.0,732,11.8,1,5138.7,5048.3,16.86,-0.1181,9.3
2025-10-27,balaghat,Balaghat Deep Shaft,6200,4900,44.1,87.5,95.1,88.6,22.9,1.1,0.0,1300,21.0,1,5104.3,5034.3,17.9,-0.2097,9.2
2025-10-28,balaghat,Balaghat Deep Shaft,6200,5068,44.1,85.3,92.7,90.6,22.8,1.2,0.0,1132,18.3,1,5070.7,5029.8,18.0,-0.1826,8.9
2025-10-29,balaghat,Balaghat Deep Shaft,6200,4966,44.1,86.8,89.4,92.1,22.0,2.0,0.0,1234,19.9,1,5056.3,5023.5,18.47,-0.199,9.2
2025-10-30,balaghat,Balaghat Deep Shaft,6200,5277,45.1,86.0,92.7,92.6,23.3,0.7,0.0,923,14.9,1,5119.7,5027.7,17.58,-0.1489,8.3
2025-10-31,balaghat,Balaghat Deep Shaft,6200,5466,44.1,87.1,94.7,92.1,23.1,0.9,0.0,734,11.8,1,5177.6,5041.2,16.14,-0.1184,8.2
2025-11-01,balaghat,Balaghat Deep Shaft,6200,5103,44.1,86.1,91.2,90.3,23.0,1.0,0.0,1097,17.7,1,5178.3,5034.5,16.53,-0.1769,8.1
2025-11-02,balaghat,Balaghat Deep Shaft,6200,4725,44.9,86.6,84.6,88.7,22.0,2.0,0.0,1475,23.8,1,5072.1,5033.6,18.34,-0.2379,8.9
2025-11-03,balaghat,Balaghat Deep Shaft,6200,5607,43.3,84.6,93.7,96.4,23.4,0.6,0.0,593,9.6,0,5173.1,5056.6,16.16,-0.0956,8.4
2025-11-04,balaghat,Balaghat Deep Shaft,6200,5344,44.4,87.7,87.6,92.1,22.7,1.3,0.0,856,13.8,1,5212.6,5059.0,15.57,-0.1381,8.5
2025-11-05,balaghat,Balaghat Deep Shaft,6200,4871,44.1,85.0,84.9,90.5,22.2,1.8,0.0,1329,21.4,1,5199.0,5041.2,17.03,-0.2144,8.3
2025-11-06,balaghat,Balaghat Deep Shaft,6200,4844,43.7,85.4,91.2,88.6,22.6,1.4,0.0,1356,21.9,1,5137.1,5031.2,18.25,-0.2187,9.0
2025-11-07,balaghat,Balaghat Deep Shaft,6200,5066,44.9,86.1,90.4,89.9,22.8,1.2,0.0,1134,18.3,1,5080.0,5021.1,18.26,-0.1829,9.3
2025-11-08,balaghat,Balaghat Deep Shaft,6200,5274,44.1,85.4,95.8,90.7,23.2,0.8,0.0,926,14.9,1,5104.4,5032.5,17.42,-0.1494,9.1
2025-11-09,balaghat,Balaghat Deep Shaft,6200,4973,45.6,86.1,88.9,94.3,22.2,1.8,0.0,1227,19.8,1,5139.9,5075.5,18.01,-0.1979,8.9
2025-11-10,balaghat,Balaghat Deep Shaft,6200,5080,43.7,86.8,88.0,92.0,22.5,1.5,0.0,1120,18.1,1,5064.6,5081.0,18.04,-0.1806,9.8
2025-11-11,balaghat,Balaghat Deep Shaft,6200,5447,43.9,87.8,94.6,92.5,23.1,0.9,0.0,753,12.1,1,5079.3,5098.1,16.55,-0.1215,9.4
2025-11-12,balaghat,Balaghat Deep Shaft,6200,5111,40.5,83.8,92.2,93.6,22.4,1.6,0.0,1089,17.6,1,5113.6,5104.4,16.81,-0.1756,9.2
2025-11-13,balaghat,Balaghat Deep Shaft,6200,5180,43.7,86.5,93.5,93.4,22.6,1.4,0.0,1020,16.5,1,5161.6,5104.2,16.74,-0.1645,9.2
2025-11-14,balaghat,Balaghat Deep Shaft,6200,5229,43.1,87.1,94.9,91.4,23.0,1.0,0.0,971,15.7,1,5184.9,5115.6,16.48,-0.1566,9.0
2025-11-15,balaghat,Balaghat Deep Shaft,6200,5029,44.1,87.1,92.9,92.0,22.4,1.6,0.0,1171,18.9,1,5149.9,5117.3,17.08,-0.1889,9.8
2025-11-16,balaghat,Balaghat Deep Shaft,6200,4979,44.7,87.3,85.5,89.7,22.3,1.7,0.0,1221,19.7,1,5150.7,5125.4,17.74,-0.1969,9.7
2025-11-17,balaghat,Balaghat Deep Shaft,6200,4867,43.2,85.5,85.9,91.0,22.5,1.5,0.0,1333,21.5,1,5120.3,5116.9,18.68,-0.215,9.7
2025-11-18,balaghat,Balaghat Deep Shaft,6200,5485,45.3,88.4,91.0,94.5,22.7,1.3,0.0,715,11.5,1,5125.7,5128.7,16.88,-0.1153,10.1
2025-11-19,balaghat,Balaghat Deep Shaft,6200,5103,44.3,86.5,86.8,94.6,22.4,1.6,0.0,1097,17.7,1,5124.6,5127.5,17.09,-0.1769,10.1
2025-11-20,balaghat,Balaghat Deep Shaft,6200,5209,43.8,85.9,92.3,94.9,23.1,0.9,0.0,991,16.0,1,5128.7,5124.3,16.82,-0.1598,9.6
2025-11-21,balaghat,Balaghat Deep Shaft,6200,5241,43.8,86.9,95.8,90.5,23.0,1.0,0.0,959,15.5,1,5130.4,5130.1,16.49,-0.1547,9.6
2025-11-22,balaghat,Balaghat Deep Shaft,6200,4928,44.7,87.4,92.5,91.5,22.2,1.8,0.0,1272,20.5,1,5116.0,5133.3,17.49,-0.2052,9.8
2025-11-23,balaghat,Balaghat Deep Shaft,6200,5025,44.8,85.7,89.5,89.3,23.1,0.9,0.0,1175,19.0,1,5122.6,5132.1,17.87,-0.1895,9.0
2025-11-24,balaghat,Balaghat Deep Shaft,6200,5045,44.4,86.6,87.7,89.8,22.9,1.1,0.0,1155,18.6,1,5148.0,5130.3,18.05,-0.1863,8.6
2025-11-25,balaghat,Balaghat Deep Shaft,6200,5125,44.5,86.2,93.3,90.0,22.4,1.6,0.0,1075,17.3,1,5096.6,5118.9,17.86,-0.1734,8.9
2025-11-26,balaghat,Balaghat Deep Shaft,6200,3439,43.8,85.4,59.4,89.5,15.6,8.4,0.0,2761,44.5,1,4858.9,5070.2,24.52,-0.4453,15.7
2025-11-27,balaghat,Balaghat Deep Shaft,6200,4995,42.5,85.6,88.2,90.7,23.0,1.0,0.0,1205,19.4,1,4828.3,5067.8,23.24,-0.1944,15.8
2025-11-28,balaghat,Balaghat Deep Shaft,6200,5236,43.9,85.4,95.0,91.5,22.9,1.1,0.0,964,15.5,1,4827.6,5076.8,21.31,-0.1555,15.9
2025-11-29,balaghat,Balaghat Deep Shaft,6200,5283,44.0,85.8,90.0,95.1,22.5,1.5,0.0,917,14.8,1,4878.3,5077.0,19.68,-0.1479,15.6
2025-11-30,balaghat,Balaghat Deep Shaft,6200,5236,43.7,85.8,91.9,92.4,23.3,0.7,0.0,964,15.5,1,4908.4,5069.3,18.63,-0.1555,15.4
2025-12-01,balaghat,Balaghat Deep Shaft,6200,5317,43.7,87.5,89.5,94.3,23.2,0.8,0.0,883,14.2,1,4947.3,5076.4,17.53,-0.1424,15.1
2025-12-02,balaghat,Balaghat Deep Shaft,6200,4988,44.1,86.5,89.6,88.0,23.1,0.9,0.0,1212,19.5,1,4927.7,5085.2,18.02,-0.1955,14.4
2025-12-03,balaghat,Balaghat Deep Shaft,6200,5036,44.5,86.6,94.1,89.0,22.6,1.4,0.0,1164,18.8,1,5155.9,5066.2,18.21,-0.1877,7.4
2025-12-04,balaghat,Balaghat Deep Shaft,6200,4937,44.5,87.8,86.7,91.4,22.3,1.7,0.0,1263,20.4,1,5147.6,5052.6,18.76,-0.2037,8.1
2025-12-05,balaghat,Balaghat Deep Shaft,6200,5004,44.8,86.8,92.0,91.5,22.3,1.7,0.0,1196,19.3,1,5114.4,5057.0,18.9,-0.1929,8.7
2025-12-06,balaghat,Balaghat Deep Shaft,6200,4969,44.3,85.5,95.5,89.6,23.5,0.5,0.0,1231,19.9,1,5069.6,5061.2,19.15,-0.1985,7.7
2025-12-07,balaghat,Balaghat Deep Shaft,6200,4880,42.8,86.3,86.7,91.6,22.3,1.7,0.0,1320,21.3,1,5018.7,5055.0,19.69,-0.2129,8.7
2025-12-08,balaghat,Balaghat Deep Shaft,6200,5333,44.1,87.8,92.4,89.2,23.1,0.9,0.0,867,14.0,1,5021.0,5057.0,18.26,-0.1398,8.8
2025-12-09,balaghat,Balaghat Deep Shaft,6200,5312,44.5,88.0,85.0,95.7,22.3,1.7,0.0,888,14.3,1,5067.3,5068.3,17.27,-0.1432,9.6
2025-12-10,balaghat,Balaghat Deep Shaft,6200,5131,45.0,86.7,95.5,91.6,23.2,0.8,0.0,1069,17.2,1,5080.9,5070.0,17.25,-0.1724,9.0
2025-12-11,balaghat,Balaghat Deep Shaft,6200,5315,43.5,86.5,90.6,92.9,22.5,1.5,0.0,885,14.3,1,5134.9,5065.6,16.52,-0.1427,8.8
2025-12-12,balaghat,Balaghat Deep Shaft,6200,5142,44.0,87.4,87.9,93.6,22.8,1.2,0.0,1058,17.1,1,5154.6,5066.6,16.66,-0.1706,8.3
2025-12-13,balaghat,Balaghat Deep Shaft,6200,5224,44.2,87.3,93.9,91.9,22.8,1.2,0.0,976,15.7,1,5191.0,5068.1,16.42,-0.1574,9.0
2025-12-14,balaghat,Balaghat Deep Shaft,6200,5338,44.1,86.3,95.3,93.0,23.4,0.6,0.0,862,13.9,1,5256.4,5071.7,15.79,-0.139,7.9
2025-12-15,balaghat,Balaghat Deep Shaft,6200,5704,44.5,87.5,93.5,94.9,23.3,0.7,0.0,496,8.0,0,5309.4,5094.2,13.84,-0.08,7.7
2025-12-16,balaghat,Balaghat Deep Shaft,6200,5054,43.2,86.1,84.1,92.4,22.1,1.9,0.0,1146,18.5,1,5272.6,5096.7,15.01,-0.1848,7.9
2025-12-17,balaghat,Balaghat Deep Shaft,6200,5275,44.5,85.5,86.3,92.7,22.6,1.4,0.0,925,14.9,1,5293.1,5110.3,14.98,-0.1492,8.5
2025-12-18,balaghat,Balaghat Deep Shaft,6200,5112,43.8,86.3,86.8,90.0,22.7,1.3,0.0,1088,17.5,1,5264.1,5097.9,15.61,-0.1755,8.3
2025-12-19,balaghat,Balaghat Deep Shaft,6200,5104,44.3,85.7,88.4,92.7,22.5,1.5,0.0,1096,17.7,1,5258.7,5097.9,16.13,-0.1768,8.6
2025-12-20,balaghat,Balaghat Deep Shaft,6200,5269,43.4,86.6,95.1,88.5,23.5,0.5,0.0,931,15.0,1,5265.1,5099.9,15.85,-0.1502,7.9
2025-12-21,balaghat,Balaghat Deep Shaft,6200,5201,44.2,86.0,94.1,93.0,23.4,0.6,0.0,999,16.1,1,5245.6,5098.6,15.91,-0.1611,7.9
2025-12-22,balaghat,Balaghat Deep Shaft,6200,5205,43.8,86.6,88.1,90.3,22.9,1.1,0.0,995,16.0,1,5174.3,5107.8,15.93,-0.1605,8.3
2025-12-23,balaghat,Balaghat Deep Shaft,6200,5271,44.9,87.7,87.5,94.8,22.1,1.9,0.0,929,15.0,1,5205.3,5116.0,15.7,-0.1498,8.3
2025-12-24,balaghat,Balaghat Deep Shaft,6200,4885,44.2,87.3,91.8,90.0,22.5,1.5,0.0,1315,21.2,1,5149.6,5110.7,17.08,-0.2121,8.4
2025-12-25,balaghat,Balaghat Deep Shaft,6200,5065,43.3,85.7,89.7,89.1,23.2,0.8,0.0,1135,18.3,1,5142.9,5108.7,17.38,-0.1831,7.9
2025-12-26,balaghat,Balaghat Deep Shaft,6200,5440,44.1,85.6,93.4,96.5,23.1,0.9,0.0,760,12.3,1,5190.9,5175.4,16.11,-0.1226,7.3
2025-12-27,balaghat,Balaghat Deep Shaft,6200,5192,43.9,85.3,91.9,93.8,23.2,0.8,0.0,1008,16.3,1,5179.9,5181.9,16.16,-0.1626,7.6
2025-12-28,balaghat,Balaghat Deep Shaft,6200,5145,42.6,84.6,90.0,88.9,23.4,0.6,0.0,1055,17.0,1,5171.9,5178.9,16.37,-0.1702,7.6
2025-12-29,balaghat,Balaghat Deep Shaft,6200,5038,43.6,85.0,87.6,92.0,22.5,1.5,0.0,1162,18.7,1,5148.0,5170.7,16.95,-0.1874,8.0
2025-12-30,balaghat,Balaghat Deep Shaft,6200,5304,44.4,88.1,95.1,92.6,22.9,1.1,0.0,896,14.5,1,5152.7,5173.0,16.34,-0.1445,7.2
2025-12-31,balaghat,Balaghat Deep Shaft,6200,5138,43.8,86.8,89.7,90.3,23.4,0.6,0.0,1062,17.1,1,5188.9,5167.0,16.53,-0.1713,6.3
2026-01-01,balaghat,Balaghat Deep Shaft,6200,5011,44.6,86.0,85.6,88.9,22.4,1.6,0.0,1189,19.2,1,5181.1,5167.8,17.2,-0.1918,7.1
2026-01-02,balaghat,Balaghat Deep Shaft,6200,5063,44.7,87.8,93.2,88.6,23.0,1.0,0.0,1137,18.3,1,5127.3,5168.7,17.47,-0.1834,7.2
2026-01-03,balaghat,Balaghat Deep Shaft,6200,5146,43.8,86.0,85.0,92.9,22.3,1.7,0.0,1054,17.0,1,5120.7,5175.7,17.35,-0.17,8.1
2026-01-04,balaghat,Balaghat Deep Shaft,6200,5496,44.5,86.4,88.9,95.1,22.7,1.3,0.0,704,11.4,1,5170.9,5192.1,15.87,-0.1135,8.8
2026-01-05,balaghat,Balaghat Deep Shaft,6200,4974,44.8,86.1,91.4,90.1,23.1,0.9,0.0,1226,19.8,1,5161.7,5192.2,16.85,-0.1977,8.2
2026-01-06,balaghat,Balaghat Deep Shaft,6200,5168,44.8,87.0,91.6,89.0,22.7,1.3,0.0,1032,16.6,1,5142.3,5201.8,16.79,-0.1665,8.4
2026-01-07,balaghat,Balaghat Deep Shaft,6200,5216,44.7,87.7,86.4,94.0,22.4,1.6,0.0,984,15.9,1,5153.4,5197.9,16.57,-0.1587,9.4
2026-01-08,balaghat,Balaghat Deep Shaft,6200,5057,44.8,86.7,84.8,90.0,22.0,2.0,0.0,1143,18.4,1,5160.0,5189.4,17.02,-0.1844,9.8
2026-01-09,balaghat,Balaghat Deep Shaft,6200,5164,44.6,87.1,94.1,93.8,22.9,1.1,0.0,1036,16.7,1,5174.4,5190.5,16.94,-0.1671,9.9
2026-01-10,balaghat,Balaghat Deep Shaft,6200,5563,44.2,87.3,92.3,93.6,23.5,0.5,0.0,637,10.3,1,5234.0,5198.8,15.28,-0.1027,8.7
2026-01-11,balaghat,Balaghat Deep Shaft,6200,5282,44.2,85.8,86.8,92.6,22.7,1.3,0.0,918,14.8,1,5203.4,5203.5,15.16,-0.1481,8.7
2026-01-12,balaghat,Balaghat Deep Shaft,6200,3361,43.6,85.0,61.4,89.8,15.8,8.2,0.0,2839,45.8,1,4973.0,5141.4,22.82,-0.4579,16.0
2026-01-13,balaghat,Balaghat Deep Shaft,6200,5293,44.8,87.6,89.3,90.8,23.1,0.9,0.0,907,14.6,1,4990.9,5139.9,20.77,-0.1463,15.6
2026-01-14,balaghat,Balaghat Deep Shaft,6200,4942,40.0,84.6,85.7,93.0,22.3,1.7,0.0,1258,20.3,1,4951.7,5114.5,20.65,-0.2029,15.7
2026-01-15,balaghat,Balaghat Deep Shaft,6200,5184,43.8,87.6,91.5,89.9,22.6,1.4,0.0,1016,16.4,1,4969.9,5118.8,19.59,-0.1639,15.1
2026-01-16,balaghat,Balaghat Deep Shaft,6200,5572,43.9,86.7,89.9,95.3,22.9,1.1,0.0,628,10.1,1,5028.1,5128.7,17.22,-0.1013,15.1
2026-01-17,balaghat,Balaghat Deep Shaft,6200,4870,44.0,85.6,88.7,91.1,22.5,1.5,0.0,1330,21.5,1,4929.1,5120.6,18.29,-0.2145,16.1
2026-01-18,balaghat,Balaghat Deep Shaft,6200,4788,43.4,84.6,92.8,88.2,23.1,0.9,0.0,1412,22.8,1,4858.6,5110.1,19.41,-0.2277,15.7
2026-01-19,balaghat,Balaghat Deep Shaft,6200,4967,43.1,86.1,87.7,91.7,22.4,1.6,0.0,1233,19.9,1,5088.0,5100.0,19.54,-0.1989,9.1
2026-01-20,balaghat,Balaghat Deep Shaft,6200,5002,44.8,85.5,92.9,89.2,22.8,1.2,0.0,1198,19.3,1,5046.4,5093.4,19.48,-0.1932,9.4
2026-01-21,balaghat,Balaghat Deep Shaft,6200,5119,43.9,86.0,89.9,88.3,23.4,0.6,0.0,1081,17.4,1,5071.7,5090.5,18.96,-0.1744,8.3
2026-01-22,balaghat,Balaghat Deep Shaft,6200,5119,44.9,86.6,96.1,90.8,23.1,0.9,0.0,1081,17.4,1,5062.4,5085.5,18.57,-0.1744,7.8
2026-01-23,balaghat,Balaghat Deep Shaft,6200,5347,44.5,87.6,87.2,94.0,22.6,1.4,0.0,853,13.8,1,5030.3,5100.9,17.38,-0.1376,8.1
2026-01-24,balaghat,Balaghat Deep Shaft,6200,5159,44.2,87.2,90.5,92.4,22.5,1.5,0.0,1041,16.8,1,5071.6,5104.0,17.23,-0.1679,8.1
2026-01-25,balaghat,Balaghat Deep Shaft,6200,4923,44.5,85.2,88.7,90.9,22.9,1.1,0.0,1277,20.6,1,5090.9,5086.8,18.07,-0.206,8.3
2026-01-26,balaghat,Balaghat Deep Shaft,6200,4945,44.4,86.8,94.3,89.0,22.8,1.2,0.0,1255,20.2,1,5087.7,5078.5,18.61,-0.2024,7.9
2026-01-27,balaghat,Balaghat Deep Shaft,6200,5010,45.2,86.7,93.3,92.0,22.4,1.6,0.0,1190,19.2,1,5088.9,5074.0,18.75,-0.1919,8.3
2026-01-28,balaghat,Balaghat Deep Shaft,6200,5494,44.4,88.1,95.9,95.0,23.4,0.6,0.0,706,11.4,1,5142.4,5089.2,16.92,-0.1139,8.3
2026-01-29,balaghat,Balaghat Deep Shaft,6200,5298,44.2,85.8,94.3,92.9,23.1,0.9,0.0,902,14.5,1,5168.0,5089.0,16.31,-0.1455,8.3
2026-01-30,balaghat,Balaghat Deep Shaft,6200,5293,44.4,85.7,89.9,89.7,23.4,0.6,0.0,907,14.6,1,5160.3,5094.2,15.88,-0.1463,7.5
2026-01-31,balaghat,Balaghat Deep Shaft,6200,5158,44.7,86.7,91.7,92.6,23.2,0.8,0.0,1042,16.8,1,5160.1,5099.1,16.11,-0.1681,6.8
2026-02-01,balaghat,Balaghat Deep Shaft,6200,5245,43.2,86.3,87.4,93.7,22.1,1.9,0.0,955,15.4,1,5206.1,5105.2,15.93,-0.154,7.6
2026-02-02,balaghat,Balaghat Deep Shaft,6200,4989,43.4,85.4,89.3,92.2,22.3,1.7,0.0,1211,19.5,1,5212.4,5099.9,16.83,-0.1953,8.1
2026-02-03,balaghat,Balaghat Deep Shaft,6200,5184,43.9,87.8,86.3,93.2,22.5,1.5,0.0,1016,16.4,1,5237.3,5089.5,16.72,-0.1639,8.0
2026-02-04,balaghat,Balaghat Deep Shaft,6200,4915,43.9,85.9,93.6,87.1,23.4,0.6,0.0,1285,20.7,1,5154.6,5087.6,17.71,-0.2073,8.0
2026-02-05,balaghat,Balaghat Deep Shaft,6200,5530,44.5,85.5,96.5,95.1,23.3,0.7,0.0,670,10.8,1,5187.7,5099.6,15.99,-0.1081,7.8
2026-02-06,balaghat,Balaghat Deep Shaft,6200,5100,43.5,86.0,94.8,88.9,23.3,0.7,0.0,1100,17.7,1,5160.1,5095.8,16.41,-0.1774,7.9
2026-02-07,balaghat,Balaghat Deep Shaft,6200,5150,43.8,85.0,89.2,89.4,23.0,1.0,0.0,1050,16.9,1,5159.0,5098.9,16.54,-0.1694,8.1
2026-02-08,balaghat,Balaghat Deep Shaft,6200,5329,44.1,86.3,91.8,94.0,23.0,1.0,0.0,871,14.0,1,5171.0,5104.4,15.9,-0.1405,7.2
2026-02-09,balaghat,Balaghat Deep Shaft,6200,4842,44.3,85.8,87.1,89.4,22.2,1.8,0.0,1358,21.9,1,5150.0,5080.3,17.4,-0.219,7.3
2026-02-10,balaghat,Balaghat Deep Shaft,6200,5207,44.5,87.5,91.7,91.9,23.3,0.7,0.0,993,16.0,1,5153.3,5077.8,17.05,-0.1602,6.5
2026-02-11,balaghat,Balaghat Deep Shaft,6200,5090,44.3,87.6,92.2,89.2,23.5,0.5,0.0,1110,17.9,1,5178.3,5135.5,17.26,-0.179,6.4
2026-02-12,balaghat,Balaghat Deep Shaft,6200,5468,43.8,87.4,90.0,95.9,23.3,0.7,0.0,732,11.8,1,5169.4,5141.3,15.9,-0.1181,6.4
2026-02-13,balaghat,Balaghat Deep Shaft,6200,4877,44.1,87.2,92.2,88.4,22.6,1.4,0.0,1323,21.3,1,5137.6,5139.1,17.25,-0.2134,7.1
2026-02-14,balaghat,Balaghat Deep Shaft,6200,5053,43.2,85.8,89.7,90.0,22.6,1.4,0.0,1147,18.5,1,5123.7,5134.8,17.56,-0.185,7.5
2026-02-15,balaghat,Balaghat Deep Shaft,6200,4986,44.8,86.5,92.7,86.8,23.2,0.8,0.0,1214,19.6,1,5074.7,5115.2,18.07,-0.1958,7.3
2026-02-16,balaghat,Balaghat Deep Shaft,6200,4918,43.7,85.6,93.2,90.9,22.6,1.4,0.0,1282,20.7,1,5085.6,5116.8,18.73,-0.2068,6.9
2026-02-17,balaghat,Balaghat Deep Shaft,6200,5094,42.6,87.0,90.9,90.5,22.2,1.8,0.0,1106,17.8,1,5069.4,5127.0,18.5,-0.1784,8.0
2026-02-18,balaghat,Balaghat Deep Shaft,6200,5084,45.1,87.8,90.5,92.1,22.8,1.2,0.0,1116,18.0,1,5068.6,5130.9,18.37,-0.18,8.7
2026-02-19,balaghat,Balaghat Deep Shaft,6200,5221,44.4,86.7,87.9,94.0,22.7,1.3,0.0,979,15.8,1,5033.3,5138.2,17.73,-0.1579,9.3
2026-02-20,balaghat,Balaghat Deep Shaft,6200,5309,43.7,86.5,93.5,92.3,22.8,1.2,0.0,891,14.4,1,5095.0,5144.6,16.9,-0.1437,9.1
2026-02-21,balaghat,Balaghat Deep Shaft,6200,5392,44.0,86.3,96.1,91.3,23.2,0.8,0.0,808,13.0,1,5143.4,5153.7,15.92,-0.1303,8.5
2026-02-22,balaghat,Balaghat Deep Shaft,6200,5439,44.9,87.1,93.2,93.9,22.5,1.5,0.0,761,12.3,1,5208.1,5156.7,15.02,-0.1227,9.2
2026-02-23,balaghat,Balaghat Deep Shaft,6200,5130,43.4,87.3,94.1,90.3,23.0,1.0,0.0,1070,17.3,1,5238.4,5155.8,15.59,-0.1726,8.8
2026-02-24,balaghat,Balaghat Deep Shaft,6200,4705,44.6,86.8,88.1,87.8,22.4,1.6,0.0,1495,24.1,1,5182.9,5148.5,17.72,-0.2411,8.6
2026-02-25,balaghat,Balaghat Deep Shaft,6200,4973,45.0,86.2,88.5,88.7,22.3,1.7,0.0,1227,19.8,1,5167.0,5149.4,18.24,-0.1979,9.1
2026-02-26,balaghat,Balaghat Deep Shaft,6200,5300,45.0,88.0,91.7,92.5,23.3,0.7,0.0,900,14.5,1,5178.3,5159.1,17.3,-0.1452,8.5
2026-02-27,balaghat,Balaghat Deep Shaft,6200,5280,44.5,86.2,86.1,93.2,22.4,1.6,0.0,920,14.8,1,5174.1,5152.0,16.68,-0.1484,8.9
2026-02-28,balaghat,Balaghat Deep Shaft,6200,3758,45.3,87.8,65.8,95.1,16.1,7.9,0.0,2442,39.4,1,4940.7,5100.6,22.36,-0.3939,16.0
2026-03-01,balaghat,Balaghat Deep Shaft,6200,5096,44.7,86.8,94.5,91.0,23.1,0.9,0.0,1104,17.8,1,4891.7,5094.1,21.22,-0.1781,15.4
2026-03-02,balaghat,Balaghat Deep Shaft,6200,4942,44.5,85.8,90.7,91.1,22.5,1.5,0.0,1258,20.3,1,4864.9,5086.9,20.99,-0.2029,15.9
2026-03-03,balaghat,Balaghat Deep Shaft,6200,5265,43.3,86.7,88.7,94.1,23.1,0.9,0.0,935,15.1,1,4944.9,5087.5,19.52,-0.1508,15.2
2026-03-04,balaghat,Balaghat Deep Shaft,6200,5472,44.7,85.9,91.9,94.3,23.2,0.8,0.0,728,11.7,1,5016.1,5103.6,17.56,-0.1174,14.3
2026-03-05,balaghat,Balaghat Deep Shaft,6200,4888,43.6,86.3,96.0,88.4,23.2,0.8,0.0,1312,21.2,1,4957.3,5093.8,18.47,-0.2116,14.4
2026-03-06,balaghat,Balaghat Deep Shaft,6200,5658,44.4,88.0,90.5,95.1,23.4,0.6,0.0,542,8.7,0,5011.3,5118.5,16.03,-0.0874,13.4
2026-03-07,balaghat,Balaghat Deep Shaft,6200,4846,44.6,85.3,85.4,87.6,22.2,1.8,0.0,1354,21.8,1,5166.7,5095.7,17.47,-0.2184,7.3
2026-03-08,balaghat,Balaghat Deep Shaft,6200,5313,44.7,85.7,91.6,90.8,23.1,0.9,0.0,887,14.3,1,5197.7,5102.8,16.68,-0.1431,7.3
2026-03-09,balaghat,Balaghat Deep Shaft,6200,5317,44.9,86.7,94.2,93.0,23.4,0.6,0.0,883,14.2,1,5251.3,5108.4,16.06,-0.1424,6.4
2026-03-10,balaghat,Balaghat Deep Shaft,6200,4962,44.6,86.0,96.6,90.0,23.2,0.8,0.0,1238,20.0,1,5208.0,5096.2,17.04,-0.1997,6.3
2026-03-11,balaghat,Balaghat Deep Shaft,6200,5329,44.8,86.6,89.7,94.8,22.6,1.4,0.0,871,14.0,1,5187.6,5112.4,16.28,-0.1405,6.9
2026-03-12,balaghat,Balaghat Deep Shaft,6200,5172,43.7,87.0,89.8,92.3,22.4,1.6,0.0,1028,16.6,1,5228.1,5111.2,16.36,-0.1658,7.7
2026-03-13,balaghat,Balaghat Deep Shaft,6200,5254,43.3,84.5,89.3,95.3,22.1,1.9,0.0,946,15.3,1,5170.4,5116.7,16.1,-0.1526,9.0
2026-03-14,balaghat,Balaghat Deep Shaft,6200,5119,43.8,86.4,87.2,91.9,22.3,1.7,0.0,1081,17.4,1,5209.4,5105.1,16.42,-0.1744,8.9
2026-03-15,balaghat,Balaghat Deep Shaft,6200,5228,44.2,85.9,87.9,91.8,22.9,1.1,0.0,972,15.7,1,5197.3,5116.8,16.24,-0.1568,9.1
2026-03-16,balaghat,Balaghat Deep Shaft,6200,5194,44.9,87.9,95.0,88.3,23.1,0.9,0.0,1006,16.2,1,5179.7,5121.5,16.23,-0.1623,9.4
2026-03-17,balaghat,Balaghat Deep Shaft,6200,5420,44.5,86.1,87.1,95.7,22.5,1.5,0.0,780,12.6,1,5245.1,5135.9,15.32,-0.1258,10.1
2026-03-18,balaghat,Balaghat Deep Shaft,6200,5057,38.5,84.1,87.8,94.8,22.1,1.9,0.0,1143,18.4,1,5206.3,5140.6,16.09,-0.1844,10.6
2026-03-19,balaghat,Balaghat Deep Shaft,6200,4832,43.2,87.2,87.4,90.8,22.1,1.9,0.0,1368,22.1,1,5157.7,5131.8,17.59,-0.2206,10.9
2026-03-20,balaghat,Balaghat Deep Shaft,6200,5502,43.5,85.0,92.6,94.3,23.4,0.6,0.0,698,11.3,1,5193.1,5145.8,16.02,-0.1126,9.6
2026-03-21,balaghat,Balaghat Deep Shaft,6200,5290,44.4,86.7,91.0,93.1,22.4,1.6,0.0,910,14.7,1,5217.6,5148.1,15.69,-0.1468,9.5
2026-03-22,balaghat,Balaghat Deep Shaft,6200,5175,44.1,87.7,95.3,91.7,23.0,1.0,0.0,1025,16.5,1,5210.0,5143.6,15.89,-0.1653,9.4
2026-03-23,balaghat,Balaghat Deep Shaft,6200,4898,43.2,85.0,92.9,89.6,22.8,1.2,0.0,1302,21.0,1,5167.7,5127.1,17.17,-0.21,9.7
2026-03-24,balaghat,Balaghat Deep Shaft,6200,4969,43.7,85.7,95.6,90.3,23.2,0.8,0.0,1231,19.9,1,5103.3,5111.5,17.85,-0.1985,9.0
2026-03-25,balaghat,Balaghat Deep Shaft,6200,4792,44.7,87.8,91.7,88.3,22.3,1.7,0.0,1408,22.7,1,5065.4,5100.2,19.06,-0.2271,8.8
2026-03-26,balaghat,Balaghat Deep Shaft,6200,5120,44.0,86.1,91.3,90.5,23.0,1.0,0.0,1080,17.4,1,5106.6,5114.0,18.65,-0.1742,7.9
2026-03-27,balaghat,Balaghat Deep Shaft,6200,5071,43.7,86.3,92.0,92.3,22.6,1.4,0.0,1129,18.2,1,5045.0,5117.3,18.54,-0.1821,8.7
2026-03-28,balaghat,Balaghat Deep Shaft,6200,5370,45.2,86.9,94.2,91.4,23.4,0.6,0.0,830,13.4,1,5056.4,5119.6,17.25,-0.1339,7.7
2026-03-29,balaghat,Balaghat Deep Shaft,6200,5051,44.9,85.5,90.0,90.7,22.2,1.8,0.0,1149,18.5,1,5038.7,5112.0,17.56,-0.1853,8.5
2026-03-30,balaghat,Balaghat Deep Shaft,6200,5392,44.2,86.6,92.8,91.8,23.2,0.8,0.0,808,13.0,1,5109.3,5166.5,16.42,-0.1303,8.1
2026-03-31,balaghat,Balaghat Deep Shaft,6200,5056,43.9,85.5,89.2,95.8,22.2,1.8,0.0,1144,18.5,1,5121.7,5165.1,16.94,-0.1845,9.1
2026-04-01,balaghat,Balaghat Deep Shaft,6200,4814,45.3,87.2,90.7,86.6,22.1,1.9,0.0,1386,22.4,1,5124.9,5160.9,18.31,-0.2235,9.3
2026-04-02,balaghat,Balaghat Deep Shaft,6200,5212,43.7,86.0,91.6,95.6,22.7,1.3,0.0,988,15.9,1,5138.0,5159.1,17.71,-0.1594,9.6
2026-04-03,balaghat,Balaghat Deep Shaft,6200,5381,43.9,85.0,95.2,92.5,23.2,0.8,0.0,819,13.2,1,5182.3,5156.1,16.58,-0.1321,9.0
2026-04-04,balaghat,Balaghat Deep Shaft,6200,5478,43.9,87.6,94.1,93.6,23.3,0.7,0.0,722,11.6,1,5197.7,5175.7,15.33,-0.1165,9.1
2026-04-05,balaghat,Balaghat Deep Shaft,6200,5367,43.5,86.9,91.5,94.5,22.3,1.7,0.0,833,13.4,1,5242.9,5166.0,14.85,-0.1344,9.0
2026-04-06,balaghat,Balaghat Deep Shaft,6200,5393,44.4,86.2,96.2,93.2,23.1,0.9,0.0,807,13.0,1,5243.0,5184.3,14.39,-0.1302,9.1
2026-04-07,balaghat,Balaghat Deep Shaft,6200,4960,44.2,85.2,92.2,92.4,22.8,1.2,0.0,1240,20.0,1,5229.3,5172.5,15.79,-0.2,8.5
2026-04-08,balaghat,Balaghat Deep Shaft,6200,5212,44.2,86.6,94.8,89.2,23.2,0.8,0.0,988,15.9,1,5286.1,5169.0,15.82,-0.1594,7.4
2026-04-09,balaghat,Balaghat Deep Shaft,6200,5083,43.9,85.3,91.6,93.7,22.8,1.2,0.0,1117,18.0,1,5267.7,5173.0,16.36,-0.1802,7.3
2026-04-10,balaghat,Balaghat Deep Shaft,6200,5423,45.6,86.1,93.9,95.0,23.2,0.8,0.0,777,12.5,1,5273.7,5176.2,15.4,-0.1253,7.3
2026-04-11,balaghat,Balaghat Deep Shaft,6200,5088,42.9,84.7,97.2,92.1,23.4,0.6,0.0,1112,17.9,1,5218.0,5173.4,16.02,-0.1794,7.2
2026-04-12,balaghat,Balaghat Deep Shaft,6200,5314,44.3,87.2,93.1,95.8,22.8,1.2,0.0,886,14.3,1,5210.4,5175.4,15.59,-0.1429,6.7
2026-04-13,balaghat,Balaghat Deep Shaft,6200,4772,43.9,85.5,89.8,89.3,22.3,1.7,0.0,1428,23.0,1,5121.7,5163.8,17.44,-0.2303,7.5
2026-04-14,balaghat,Balaghat Deep Shaft,6200,5374,43.8,87.7,87.2,92.4,22.7,1.3,0.0,826,13.3,1,5180.9,5168.7,16.41,-0.1332,7.6
2026-04-15,balaghat,Balaghat Deep Shaft,6200,4995,44.1,85.1,91.0,91.1,22.3,1.7,0.0,1205,19.4,1,5149.9,5162.0,17.16,-0.1944,8.5
2026-04-16,balaghat,Balaghat Deep Shaft,6200,3794,43.5,85.0,64.3,91.3,16.6,7.4,0.0,2406,38.8,1,4965.7,5107.8,22.57,-0.3881,14.7
2026-04-17,balaghat,Balaghat Deep Shaft,6200,5083,44.7,85.3,91.1,94.4,22.4,1.6,0.0,1117,18.0,1,4917.1,5108.7,21.43,-0.1802,15.5
2026-04-18,balaghat,Balaghat Deep Shaft,6200,5586,43.7,85.2,94.0,95.2,23.4,0.6,0.0,614,9.9,0,4988.3,5133.8,18.54,-0.099,15.5
2026-04-19,balaghat,Balaghat Deep Shaft,6200,5237,44.4,87.7,88.0,88.4,22.9,1.1,0.0,963,15.5,1,4977.3,5125.0,17.78,-0.1553,15.4
2026-04-20,balaghat,Balaghat Deep Shaft,6200,5057,45.4,86.5,92.6,88.6,22.7,1.3,0.0,1143,18.4,1,5018.0,5117.2,17.94,-0.1844,15.0
2026-04-21,balaghat,Balaghat Deep Shaft,6200,5074,43.6,86.4,85.5,90.6,22.1,1.9,0.0,1126,18.2,1,4975.1,5113.9,18.0,-0.1816,15.6
2026-04-22,balaghat,Balaghat Deep Shaft,6200,5149,43.5,87.0,89.6,95.9,22.1,1.9,0.0,1051,17.0,1,4997.1,5122.2,17.75,-0.1695,15.8
2026-04-23,balaghat,Balaghat Deep Shaft,6200,5227,44.4,86.5,88.8,93.8,22.9,1.1,0.0,973,15.7,1,5201.9,5130.8,17.24,-0.1569,9.5
2026-04-24,balaghat,Balaghat Deep Shaft,6200,5200,43.5,87.2,91.5,90.1,23.1,0.9,0.0,1000,16.1,1,5218.6,5144.4,16.95,-0.1613,8.8
2026-04-25,balaghat,Balaghat Deep Shaft,6200,5141,44.5,85.7,90.0,90.9,23.0,1.0,0.0,1059,17.1,1,5155.0,5145.1,16.99,-0.1708,9.2
2026-04-26,balaghat,Balaghat Deep Shaft,6200,5155,44.5,87.9,89.3,92.0,22.2,1.8,0.0,1045,16.9,1,5143.3,5147.9,16.97,-0.1685,9.9
2026-04-27,balaghat,Balaghat Deep Shaft,6200,5520,45.1,88.4,89.2,92.8,23.3,0.7,0.0,680,11.0,1,5209.4,5152.9,15.48,-0.1097,9.3
2026-04-28,balaghat,Balaghat Deep Shaft,6200,5353,43.2,84.6,95.7,93.0,23.3,0.7,0.0,847,13.7,1,5249.3,5163.0,15.03,-0.1366,8.1
2026-04-29,balaghat,Balaghat Deep Shaft,6200,5181,43.1,87.2,88.5,93.0,23.1,0.9,0.0,1019,16.4,1,5253.9,5156.0,15.37,-0.1644,7.1
2026-04-30,balaghat,Balaghat Deep Shaft,6200,4939,43.4,85.8,93.2,89.3,22.8,1.2,0.0,1261,20.3,1,5212.7,5152.1,16.61,-0.2034,7.2
2026-05-01,balaghat,Balaghat Deep Shaft,6200,4984,43.4,85.1,89.1,93.1,22.3,1.7,0.0,1216,19.6,1,5181.9,5157.7,17.35,-0.1961,8.0
2026-05-02,balaghat,Balaghat Deep Shaft,6200,5120,44.9,87.8,93.8,88.0,23.4,0.6,0.0,1080,17.4,1,5178.9,5154.7,17.37,-0.1742,7.6
2026-05-03,balaghat,Balaghat Deep Shaft,6200,4781,43.1,84.5,89.8,91.3,22.3,1.7,0.0,1419,22.9,1,5125.4,5134.7,18.75,-0.2289,7.5
2026-05-04,balaghat,Balaghat Deep Shaft,6200,4927,44.2,86.8,89.5,90.5,22.5,1.5,0.0,1273,20.5,1,5040.7,5116.3,19.19,-0.2053,8.3
2026-05-05,balaghat,Balaghat Deep Shaft,6200,4775,44.0,86.6,87.2,90.2,22.0,2.0,0.0,1425,23.0,1,4958.1,5096.6,20.14,-0.2298,9.6
2026-05-06,balaghat,Balaghat Deep Shaft,6200,4971,44.1,86.3,86.8,91.9,22.1,1.9,0.0,1229,19.8,1,4928.1,5082.5,20.06,-0.1982,10.6
2026-05-07,balaghat,Balaghat Deep Shaft,6200,4941,43.4,87.2,88.0,89.9,22.3,1.7,0.0,1259,20.3,1,4928.4,5081.9,20.12,-0.2031,11.1
2026-05-08,balaghat,Balaghat Deep Shaft,6200,4916,44.1,87.4,88.5,89.7,22.5,1.5,0.0,1284,20.7,1,4918.7,5072.0,20.26,-0.2071,10.9
2026-05-09,balaghat,Balaghat Deep Shaft,6200,5245,43.3,86.0,94.1,89.8,23.4,0.6,0.0,955,15.4,1,4936.6,5077.4,19.05,-0.154,10.9
2026-05-10,balaghat,Balaghat Deep Shaft,6200,5433,45.0,87.3,89.6,92.3,23.2,0.8,0.0,767,12.4,1,5029.7,5077.7,17.39,-0.1237,10.0
2026-05-11,balaghat,Balaghat Deep Shaft,6200,5497,44.7,87.9,90.3,95.1,22.5,1.5,0.0,703,11.3,1,5111.1,5091.4,15.86,-0.1134,10.0
2026-05-12,balaghat,Balaghat Deep Shaft,6200,5278,44.6,87.5,89.0,92.9,22.2,1.8,0.0,922,14.9,1,5183.0,5090.2,15.62,-0.1487,9.8
2026-05-13,balaghat,Balaghat Deep Shaft,6200,5061,43.1,87.2,92.1,91.0,22.7,1.3,0.0,1139,18.4,1,5195.9,5099.8,16.32,-0.1837,9.2
2026-05-14,balaghat,Balaghat Deep Shaft,6200,5196,45.1,87.5,83.9,93.4,22.0,2.0,0.0,1004,16.2,1,5232.3,5093.9,16.29,-0.1619,9.5
2026-05-15,balaghat,Balaghat Deep Shaft,6200,4646,43.8,84.8,88.9,89.8,22.1,1.9,0.0,1554,25.1,1,5193.7,5082.2,18.49,-0.2506,9.9
2025-01-01,dongri-buzurg,Dongri Buzurg Opencast,4800,4169,48.8,87.5,88.2,97.1,22.5,1.5,0.0,631,13.1,1,4169.0,4169.0,13.1,-0.1315,1.5
2025-01-02,dongri-buzurg,Dongri Buzurg Opencast,4800,4103,48.3,85.6,94.1,92.1,22.9,1.1,0.0,697,14.5,1,4136.0,4136.0,13.9,-0.1452,2.6
2025-01-03,dongri-buzurg,Dongri Buzurg Opencast,4800,3912,47.8,86.9,94.6,92.0,22.9,1.1,0.0,888,18.5,1,4061.3,4061.3,15.89,-0.185,3.7
2025-01-04,dongri-buzurg,Dongri Buzurg Opencast,4800,3961,48.8,85.4,90.6,95.9,22.0,2.0,0.0,839,17.5,1,4036.2,4036.2,16.48,-0.1748,5.7
2025-01-05,dongri-buzurg,Dongri Buzurg Opencast,4800,4047,48.3,86.1,92.9,94.1,23.4,0.6,0.0,753,15.7,1,4038.4,4038.4,16.22,-0.1569,6.3
2025-01-06,dongri-buzurg,Dongri Buzurg Opencast,4800,4086,47.5,84.5,95.5,94.8,23.0,1.0,0.0,714,14.9,1,4046.3,4046.3,15.82,-0.1488,7.3
2025-01-07,dongri-buzurg,Dongri Buzurg Opencast,4800,4085,48.4,86.3,91.2,98.7,22.4,1.6,0.0,715,14.9,1,4051.9,4051.9,15.56,-0.149,8.9
2025-01-08,dongri-buzurg,Dongri Buzurg Opencast,4800,4203,48.1,85.3,86.5,97.0,22.3,1.7,0.0,597,12.4,1,4056.7,4070.8,14.68,-0.1244,9.1
2025-01-09,dongri-buzurg,Dongri Buzurg Opencast,4800,4137,48.9,88.1,92.3,93.2,22.8,1.2,0.0,663,13.8,1,4061.6,4078.1,14.44,-0.1381,9.2
2025-01-10,dongri-buzurg,Dongri Buzurg Opencast,4800,4154,47.8,85.9,92.7,93.1,23.0,1.0,0.0,646,13.5,1,4096.1,4085.7,14.19,-0.1346,9.1
2025-01-11,dongri-buzurg,Dongri Buzurg Opencast,4800,4300,48.0,86.5,95.9,95.3,23.3,0.7,0.0,500,10.4,1,4144.6,4105.2,13.2,-0.1042,7.8
2025-01-12,dongri-buzurg,Dongri Buzurg Opencast,4800,3993,47.9,85.7,94.4,91.6,23.4,0.6,0.0,807,16.8,1,4136.9,4095.8,14.13,-0.1681,7.8
2025-01-13,dongri-buzurg,Dongri Buzurg Opencast,4800,4175,48.2,87.1,90.1,96.5,22.2,1.8,0.0,625,13.0,1,4149.6,4101.9,13.84,-0.1302,8.6
2025-01-14,dongri-buzurg,Dongri Buzurg Opencast,4800,3845,47.8,85.4,87.2,91.4,22.5,1.5,0.0,955,19.9,1,4115.3,4083.6,15.38,-0.199,8.5
2025-01-15,dongri-buzurg,Dongri Buzurg Opencast,4800,4269,48.9,86.5,95.6,94.2,23.1,0.9,0.0,531,11.1,1,4124.7,4095.9,14.3,-0.1106,7.7
2025-01-16,dongri-buzurg,Dongri Buzurg Opencast,4800,4284,47.6,86.5,90.0,97.8,22.8,1.2,0.0,516,10.8,1,4145.7,4107.7,13.41,-0.1075,7.7
2025-01-17,dongri-buzurg,Dongri Buzurg Opencast,4800,4095,49.1,86.7,89.2,90.3,23.2,0.8,0.0,705,14.7,1,4137.3,4106.9,13.74,-0.1469,7.5
2025-01-18,dongri-buzurg,Dongri Buzurg Opencast,4800,3984,47.9,85.3,92.6,96.4,22.3,1.7,0.0,816,17.0,1,4092.1,4100.1,14.56,-0.17,8.5
2025-01-19,dongri-buzurg,Dongri Buzurg Opencast,4800,4151,48.2,85.8,96.1,93.3,23.3,0.7,0.0,649,13.5,1,4114.7,4102.8,14.29,-0.1352,8.6
2025-01-20,dongri-buzurg,Dongri Buzurg Opencast,4800,4035,47.5,85.1,89.1,97.2,22.5,1.5,0.0,765,15.9,1,4094.7,4099.4,14.7,-0.1594,8.3
2025-01-21,dongri-buzurg,Dongri Buzurg Opencast,4800,4096,48.0,87.5,91.7,93.7,23.2,0.8,0.0,704,14.7,1,4130.6,4099.2,14.7,-0.1467,7.6
2025-01-22,dongri-buzurg,Dongri Buzurg Opencast,4800,4224,48.0,86.3,92.1,96.8,22.2,1.8,0.0,576,12.0,1,4124.1,4104.9,14.02,-0.12,8.5
2025-01-23,dongri-buzurg,Dongri Buzurg Opencast,4800,4387,48.4,87.9,94.9,98.1,22.8,1.2,0.0,413,8.6,0,4138.9,4117.2,12.66,-0.086,8.5
2025-01-24,dongri-buzurg,Dongri Buzurg Opencast,4800,3914,49.1,85.5,93.2,94.2,22.7,1.3,0.0,886,18.5,1,4113.0,4108.7,14.12,-0.1846,9.0
2025-01-25,dongri-buzurg,Dongri Buzurg Opencast,4800,4042,48.0,87.4,89.7,91.9,22.6,1.4,0.0,758,15.8,1,4121.3,4106.0,14.54,-0.1579,8.7
2025-01-26,dongri-buzurg,Dongri Buzurg Opencast,4800,4059,48.8,87.3,88.8,95.0,22.1,1.9,0.0,741,15.4,1,4108.1,4104.2,14.76,-0.1544,9.9
2025-01-27,dongri-buzurg,Dongri Buzurg Opencast,4800,3842,49.2,85.6,85.7,93.2,22.1,1.9,0.0,958,20.0,1,4080.6,4094.5,16.07,-0.1996,10.3
2025-01-28,dongri-buzurg,Dongri Buzurg Opencast,4800,4182,49.2,86.6,94.5,97.9,23.1,0.9,0.0,618,12.9,1,4092.9,4097.6,15.28,-0.1288,10.4
2025-01-29,dongri-buzurg,Dongri Buzurg Opencast,4800,4233,47.3,86.9,90.5,98.6,23.0,1.0,0.0,567,11.8,1,4094.1,4102.3,14.41,-0.1181,9.6
2025-01-30,dongri-buzurg,Dongri Buzurg Opencast,4800,4138,48.4,85.8,86.9,96.8,22.1,1.9,0.0,662,13.8,1,4058.6,4103.5,14.26,-0.1379,10.3
2025-01-31,dongri-buzurg,Dongri Buzurg Opencast,4800,4231,47.7,87.5,92.2,92.8,23.5,0.5,0.0,569,11.9,1,4103.9,4105.6,13.67,-0.1185,9.5
2025-02-01,dongri-buzurg,Dongri Buzurg Opencast,4800,3883,48.0,86.1,87.6,93.1,22.1,1.9,0.0,917,19.1,1,4081.1,4098.2,15.02,-0.191,10.0
2025-02-02,dongri-buzurg,Dongri Buzurg Opencast,4800,4122,48.3,87.6,93.5,95.1,22.9,1.1,0.0,678,14.1,1,4090.1,4105.2,14.79,-0.1412,9.2
2025-02-03,dongri-buzurg,Dongri Buzurg Opencast,4800,4068,49.3,87.5,90.7,93.5,22.8,1.2,0.0,732,15.2,1,4122.4,4108.8,14.9,-0.1525,8.5
2025-02-04,dongri-buzurg,Dongri Buzurg Opencast,4800,3982,48.0,85.8,88.3,95.8,22.5,1.5,0.0,818,17.0,1,4093.9,4106.6,15.42,-0.1704,9.1
2025-02-05,dongri-buzurg,Dongri Buzurg Opencast,4800,4120,48.8,86.7,88.1,94.0,22.5,1.5,0.0,680,14.2,1,4077.7,4107.8,15.12,-0.1417,9.6
2025-02-06,dongri-buzurg,Dongri Buzurg Opencast,4800,4334,48.2,86.0,96.5,95.9,23.2,0.8,0.0,466,9.7,0,4105.7,4116.1,13.76,-0.0971,8.5
2025-02-07,dongri-buzurg,Dongri Buzurg Opencast,4800,4039,48.5,86.2,89.4,90.7,23.3,0.7,0.0,761,15.9,1,4078.3,4110.6,14.3,-0.1585,8.7
2025-02-08,dongri-buzurg,Dongri Buzurg Opencast,4800,4237,49.2,87.7,96.7,92.5,23.4,0.6,0.0,563,11.7,1,4128.9,4113.9,13.65,-0.1173,7.4
2025-02-09,dongri-buzurg,Dongri Buzurg Opencast,4800,4476,47.8,86.7,93.5,99.0,23.4,0.6,0.0,324,6.8,0,4179.4,4124.7,11.94,-0.0675,6.9
2025-02-10,dongri-buzurg,Dongri Buzurg Opencast,4800,4098,48.0,85.8,88.3,97.1,22.3,1.7,0.0,702,14.6,1,4183.7,4117.9,12.6,-0.1462,7.4
2025-02-11,dongri-buzurg,Dongri Buzurg Opencast,4800,4242,48.9,88.2,88.9,98.4,22.4,1.6,0.0,558,11.6,1,4220.9,4126.2,12.35,-0.1162,7.5
2025-02-12,dongri-buzurg,Dongri Buzurg Opencast,4800,4150,49.2,87.2,87.7,94.4,22.4,1.6,0.0,650,13.5,1,4225.1,4125.4,12.64,-0.1354,7.6
2025-02-13,dongri-buzurg,Dongri Buzurg Opencast,4800,4147,48.2,86.1,87.9,92.1,22.9,1.1,0.0,653,13.6,1,4198.4,4135.5,12.88,-0.136,7.9
2025-02-14,dongri-buzurg,Dongri Buzurg Opencast,4800,4308,47.7,85.5,94.8,94.1,23.4,0.6,0.0,492,10.2,1,4236.9,4136.8,12.21,-0.1025,7.8
2025-02-15,dongri-buzurg,Dongri Buzurg Opencast,4800,4113,47.4,85.4,92.6,95.1,23.0,1.0,0.0,687,14.3,1,4219.1,4131.1,12.73,-0.1431,8.2
2025-02-16,dongri-buzurg,Dongri Buzurg Opencast,4800,3938,48.6,85.2,91.0,91.6,23.4,0.6,0.0,862,18.0,1,4142.3,4125.8,14.05,-0.1796,8.2
2025-02-17,dongri-buzurg,Dongri Buzurg Opencast,4800,2959,47.5,87.0,62.4,96.3,16.1,7.9,0.0,1841,38.4,1,3979.6,4091.7,20.14,-0.3835,14.4
2025-02-18,dongri-buzurg,Dongri Buzurg Opencast,4800,4048,48.5,86.2,91.7,92.4,22.4,1.6,0.0,752,15.7,1,3951.9,4088.2,19.03,-0.1567,14.4
2025-02-19,dongri-buzurg,Dongri Buzurg Opencast,4800,4197,48.0,86.0,89.4,93.3,23.0,1.0,0.0,603,12.6,1,3958.6,4093.6,17.42,-0.1256,13.8
2025-02-20,dongri-buzurg,Dongri Buzurg Opencast,4800,4067,48.4,86.2,95.1,95.2,23.1,0.9,0.0,733,15.3,1,3947.1,4092.7,16.89,-0.1527,13.6
2025-02-21,dongri-buzurg,Dongri Buzurg Opencast,4800,4019,49.9,86.4,88.6,92.1,22.4,1.6,0.0,781,16.3,1,3905.9,4085.8,16.74,-0.1627,14.6
2025-02-22,dongri-buzurg,Dongri Buzurg Opencast,4800,4019,48.8,88.1,91.1,94.0,22.1,1.9,0.0,781,16.3,1,3892.4,4073.6,16.63,-0.1627,15.5
2025-02-23,dongri-buzurg,Dongri Buzurg Opencast,4800,4099,48.4,85.5,86.7,93.0,22.6,1.4,0.0,701,14.6,1,3915.4,4079.7,16.12,-0.146,16.3
2025-02-24,dongri-buzurg,Dongri Buzurg Opencast,4800,4191,48.1,87.4,91.0,99.0,22.0,2.0,0.0,609,12.7,1,4091.4,4084.7,15.27,-0.1269,10.4
2025-02-25,dongri-buzurg,Dongri Buzurg Opencast,4800,4201,49.0,87.2,95.0,97.1,22.9,1.1,0.0,599,12.5,1,4113.3,4089.4,14.58,-0.1248,9.9
2025-02-26,dongri-buzurg,Dongri Buzurg Opencast,4800,4394,48.7,87.1,90.9,95.5,23.4,0.6,0.0,406,8.5,0,4141.4,4107.8,13.06,-0.0846,9.5
2025-02-27,dongri-buzurg,Dongri Buzurg Opencast,4800,4334,48.8,86.9,87.9,98.0,22.3,1.7,0.0,466,9.7,0,4179.6,4112.9,12.22,-0.0971,10.3
2025-02-28,dongri-buzurg,Dongri Buzurg Opencast,4800,4188,49.2,87.9,92.4,98.4,22.6,1.4,0.0,612,12.8,1,4203.7,4111.4,12.36,-0.1275,10.1
2025-03-01,dongri-buzurg,Dongri Buzurg Opencast,4800,4297,48.9,88.0,89.1,99.0,22.4,1.6,0.0,503,10.5,1,4243.4,4116.7,11.9,-0.1048,9.8
2025-03-02,dongri-buzurg,Dongri Buzurg Opencast,4800,4094,48.2,86.6,95.0,92.1,23.2,0.8,0.0,706,14.7,1,4242.7,4112.1,12.6,-0.1471,9.2
2025-03-03,dongri-buzurg,Dongri Buzurg Opencast,4800,4083,48.5,87.8,88.7,94.7,22.9,1.1,0.0,717,14.9,1,4227.3,4118.8,13.17,-0.1494,8.3
2025-03-04,dongri-buzurg,Dongri Buzurg Opencast,4800,3952,48.8,88.0,87.6,92.1,22.7,1.3,0.0,848,17.7,1,4191.7,4113.1,14.31,-0.1767,8.5
2025-03-05,dongri-buzurg,Dongri Buzurg Opencast,4800,4125,44.1,82.5,92.3,95.2,23.2,0.8,0.0,675,14.1,1,4153.3,4115.0,14.25,-0.1406,8.7
2025-03-06,dongri-buzurg,Dongri Buzurg Opencast,4800,4401,47.5,86.3,96.1,95.3,23.4,0.6,0.0,399,8.3,0,4162.9,4129.0,12.77,-0.0831,7.6
2025-03-07,dongri-buzurg,Dongri Buzurg Opencast,4800,3959,49.1,88.1,90.9,95.3,22.1,1.9,0.0,841,17.5,1,4130.1,4123.6,13.95,-0.1752,8.1
2025-03-08,dongri-buzurg,Dongri Buzurg Opencast,4800,3837,46.9,87.0,90.5,89.7,22.5,1.5,0.0,963,20.1,1,4064.4,4107.1,15.49,-0.2006,8.0
2025-03-09,dongri-buzurg,Dongri Buzurg Opencast,4800,4237,49.4,87.6,89.8,94.2,23.4,0.6,0.0,563,11.7,1,4084.9,4113.7,14.54,-0.1173,7.8
2025-03-10,dongri-buzurg,Dongri Buzurg Opencast,4800,4325,48.9,86.6,96.1,96.7,23.4,0.6,0.0,475,9.9,0,4119.4,4116.6,13.38,-0.099,7.3
2025-03-11,dongri-buzurg,Dongri Buzurg Opencast,4800,4233,49.2,85.4,95.3,97.6,23.4,0.6,0.0,567,11.8,1,4159.6,4108.5,12.99,-0.1181,6.6
2025-03-12,dongri-buzurg,Dongri Buzurg Opencast,4800,3804,47.6,84.5,91.1,93.4,22.3,1.7,0.0,996,20.8,1,4113.7,4098.7,14.94,-0.2075,7.5
2025-03-13,dongri-buzurg,Dongri Buzurg Opencast,4800,4056,49.5,86.1,90.0,90.7,23.0,1.0,0.0,744,15.5,1,4064.4,4092.5,15.08,-0.155,7.9
2025-03-14,dongri-buzurg,Dongri Buzurg Opencast,4800,4013,48.3,86.2,92.0,90.6,23.4,0.6,0.0,787,16.4,1,4072.1,4087.9,15.41,-0.164,6.6
2025-03-15,dongri-buzurg,Dongri Buzurg Opencast,4800,3821,47.9,87.2,90.6,92.3,22.0,2.0,0.0,979,20.4,1,4069.9,4077.1,16.66,-0.204,7.1
2025-03-16,dongri-buzurg,Dongri Buzurg Opencast,4800,4203,49.3,87.0,85.2,99.0,22.2,1.8,0.0,597,12.4,1,4065.0,4073.6,15.59,-0.1244,8.3
2025-03-17,dongri-buzurg,Dongri Buzurg Opencast,4800,3991,48.4,86.3,89.6,92.1,22.6,1.4,0.0,809,16.9,1,4017.3,4069.5,15.92,-0.1685,9.1
2025-03-18,dongri-buzurg,Dongri Buzurg Opencast,4800,3880,49.2,86.7,93.1,91.9,22.4,1.6,0.0,920,19.2,1,3966.9,4067.6,16.74,-0.1917,10.1
2025-03-19,dongri-buzurg,Dongri Buzurg Opencast,4800,3946,48.9,86.8,87.8,93.4,22.6,1.4,0.0,854,17.8,1,3987.1,4100.5,17.0,-0.1779,9.8
2025-03-20,dongri-buzurg,Dongri Buzurg Opencast,4800,4361,47.4,87.3,90.6,98.7,22.9,1.1,0.0,439,9.1,0,4030.7,4110.9,15.03,-0.0915,9.9
2025-03-21,dongri-buzurg,Dongri Buzurg Opencast,4800,4131,48.9,87.7,93.1,95.3,22.4,1.6,0.0,669,13.9,1,4047.6,4108.7,14.75,-0.1394,10.9
2025-03-22,dongri-buzurg,Dongri Buzurg Opencast,4800,3984,48.8,85.5,89.8,95.3,22.6,1.4,0.0,816,17.0,1,4070.9,4105.9,15.31,-0.17,10.3
2025-03-23,dongri-buzurg,Dongri Buzurg Opencast,4800,3708,48.6,85.6,87.9,88.7,22.2,1.8,0.0,1092,22.8,1,4000.1,4095.6,17.18,-0.2275,10.3
2025-03-24,dongri-buzurg,Dongri Buzurg Opencast,4800,4072,48.2,87.2,87.5,97.3,22.1,1.9,0.0,728,15.2,1,4011.7,4097.3,16.69,-0.1517,10.8
2025-03-25,dongri-buzurg,Dongri Buzurg Opencast,4800,4011,49.7,88.5,89.9,93.0,22.7,1.3,0.0,789,16.4,1,4030.4,4094.4,16.62,-0.1644,10.5
2025-03-26,dongri-buzurg,Dongri Buzurg Opencast,4800,3800,48.1,85.3,92.9,91.9,22.7,1.3,0.0,1000,20.8,1,4009.6,4081.4,17.66,-0.2083,10.4
2025-03-27,dongri-buzurg,Dongri Buzurg Opencast,4800,3988,49.9,86.9,87.4,91.1,22.5,1.5,0.0,812,16.9,1,3956.3,4074.3,17.47,-0.1692,10.8
2025-03-28,dongri-buzurg,Dongri Buzurg Opencast,4800,3838,48.9,88.1,85.9,91.3,22.0,2.0,0.0,962,20.0,1,3914.4,4055.7,18.1,-0.2004,11.2
2025-03-29,dongri-buzurg,Dongri Buzurg Opencast,4800,4306,49.7,88.0,94.5,94.1,23.1,0.9,0.0,494,10.3,1,3960.4,4054.8,16.15,-0.1029,10.7
2025-03-30,dongri-buzurg,Dongri Buzurg Opencast,4800,4301,48.8,87.3,92.5,95.0,23.0,1.0,0.0,499,10.4,1,4045.1,4058.6,14.71,-0.104,9.9
2025-03-31,dongri-buzurg,Dongri Buzurg Opencast,4800,4132,47.9,85.6,86.0,95.5,22.5,1.5,0.0,668,13.9,1,4053.7,4053.1,14.51,-0.1392,9.5
2025-04-01,dongri-buzurg,Dongri Buzurg Opencast,4800,4222,48.1,85.8,92.6,94.3,23.2,0.8,0.0,578,12.0,1,4083.9,4057.3,13.88,-0.1204,9.0
2025-04-02,dongri-buzurg,Dongri Buzurg Opencast,4800,3886,48.9,85.5,93.3,90.6,22.9,1.1,0.0,914,19.0,1,4096.1,4050.8,15.16,-0.1904,8.8
2025-04-03,dongri-buzurg,Dongri Buzurg Opencast,4800,3998,47.6,87.3,85.7,93.4,22.2,1.8,0.0,802,16.7,1,4097.6,4052.3,15.55,-0.1671,9.1
2025-04-04,dongri-buzurg,Dongri Buzurg Opencast,4800,4205,48.7,87.2,93.7,92.1,23.1,0.9,0.0,595,12.4,1,4150.0,4055.0,14.76,-0.124,8.0
2025-04-05,dongri-buzurg,Dongri Buzurg Opencast,4800,2856,48.7,86.1,65.1,95.5,15.9,8.1,0.0,1944,40.5,1,3942.9,4003.5,21.2,-0.405,15.2
2025-04-06,dongri-buzurg,Dongri Buzurg Opencast,4800,4161,48.3,85.5,89.7,95.4,22.5,1.5,0.0,639,13.3,1,3922.9,4010.2,19.22,-0.1331,15.7
2025-04-07,dongri-buzurg,Dongri Buzurg Opencast,4800,4039,49.2,86.0,89.5,93.2,22.1,1.9,0.0,761,15.9,1,3909.6,4016.9,18.39,-0.1585,16.1
2025-04-08,dongri-buzurg,Dongri Buzurg Opencast,4800,4033,49.1,86.3,91.4,96.9,22.2,1.8,0.0,767,16.0,1,3882.6,4010.1,17.79,-0.1598,17.1
2025-04-09,dongri-buzurg,Dongri Buzurg Opencast,4800,4223,48.4,85.4,96.2,97.2,23.2,0.8,0.0,577,12.0,1,3930.7,4006.7,16.34,-0.1202,16.8
2025-04-10,dongri-buzurg,Dongri Buzurg Opencast,4800,4244,48.9,86.7,88.1,99.0,22.2,1.8,0.0,556,11.6,1,3965.9,4007.1,15.16,-0.1158,16.8
2025-04-11,dongri-buzurg,Dongri Buzurg Opencast,4800,3949,48.1,85.2,86.3,92.9,22.3,1.7,0.0,851,17.7,1,3929.3,4011.9,15.79,-0.1773,17.6
2025-04-12,dongri-buzurg,Dongri Buzurg Opencast,4800,4333,48.2,86.6,88.8,95.8,23.0,1.0,0.0,467,9.7,0,4140.3,4021.2,14.27,-0.0973,10.5
2025-04-13,dongri-buzurg,Dongri Buzurg Opencast,4800,4189,47.7,86.8,86.7,95.8,22.1,1.9,0.0,611,12.7,1,4144.3,4027.0,13.88,-0.1273,10.9
2025-04-14,dongri-buzurg,Dongri Buzurg Opencast,4800,4124,48.8,87.1,89.8,97.0,22.3,1.7,0.0,676,14.1,1,4156.4,4037.1,13.93,-0.1408,10.7
2025-04-15,dongri-buzurg,Dongri Buzurg Opencast,4800,4023,48.5,86.5,91.1,95.1,22.7,1.3,0.0,777,16.2,1,4155.0,4031.1,14.5,-0.1619,10.2
2025-04-16,dongri-buzurg,Dongri Buzurg Opencast,4800,4318,49.1,87.1,95.7,97.6,23.1,0.9,0.0,482,10.0,1,4168.6,4042.0,13.38,-0.1004,10.3
2025-04-17,dongri-buzurg,Dongri Buzurg Opencast,4800,4307,47.9,86.3,90.1,99.0,23.2,0.8,0.0,493,10.3,1,4177.6,4056.3,12.61,-0.1027,9.3
2025-04-18,dongri-buzurg,Dongri Buzurg Opencast,4800,4202,49.0,87.3,92.0,99.0,22.7,1.3,0.0,598,12.5,1,4213.7,4064.8,12.58,-0.1246,8.9
2025-04-19,dongri-buzurg,Dongri Buzurg Opencast,4800,4092,48.8,87.7,93.7,94.7,22.9,1.1,0.0,708,14.8,1,4179.3,4055.8,13.13,-0.1475,9.0
2025-04-20,dongri-buzurg,Dongri Buzurg Opencast,4800,4079,47.9,86.1,85.9,96.7,22.4,1.6,0.0,721,15.0,1,4163.6,4054.1,13.6,-0.1502,8.7
2025-04-21,dongri-buzurg,Dongri Buzurg Opencast,4800,3992,48.4,85.5,88.4,94.5,22.6,1.4,0.0,808,16.8,1,4144.7,4054.4,14.4,-0.1683,8.4
2025-04-22,dongri-buzurg,Dongri Buzurg Opencast,4800,4188,48.7,86.7,89.7,93.9,22.5,1.5,0.0,612,12.8,1,4168.3,4070.4,14.0,-0.1275,8.6
2025-04-23,dongri-buzurg,Dongri Buzurg Opencast,4800,4075,48.7,87.1,91.9,94.9,23.1,0.9,0.0,725,15.1,1,4133.6,4070.5,14.28,-0.151,8.6
2025-04-24,dongri-buzurg,Dongri Buzurg Opencast,4800,4169,49.1,88.4,89.7,93.6,23.1,0.9,0.0,631,13.1,1,4113.9,4075.7,13.98,-0.1315,8.7
2025-04-25,dongri-buzurg,Dongri Buzurg Opencast,4800,4153,48.6,87.2,95.7,93.8,23.1,0.9,0.0,647,13.5,1,4106.9,4087.5,13.86,-0.1348,8.3
2025-04-26,dongri-buzurg,Dongri Buzurg Opencast,4800,4040,47.3,87.0,85.3,91.7,22.2,1.8,0.0,760,15.8,1,4099.4,4089.2,14.35,-0.1583,9.0
2025-04-27,dongri-buzurg,Dongri Buzurg Opencast,4800,4020,47.9,85.3,93.9,94.8,23.1,0.9,0.0,780,16.2,1,4091.0,4095.3,14.81,-0.1625,8.3
2025-04-28,dongri-buzurg,Dongri Buzurg Opencast,4800,4378,48.6,87.8,96.5,93.8,23.3,0.7,0.0,422,8.8,0,4146.1,4097.7,13.31,-0.0879,7.6
2025-04-29,dongri-buzurg,Dongri Buzurg Opencast,4800,4254,49.4,85.7,91.1,98.3,22.2,1.8,0.0,546,11.4,1,4155.6,4096.1,12.83,-0.1138,7.9
2025-04-30,dongri-buzurg,Dongri Buzurg Opencast,4800,4011,47.9,86.5,90.9,95.2,22.2,1.8,0.0,789,16.4,1,4146.4,4092.1,13.72,-0.1644,8.8
2025-05-01,dongri-buzurg,Dongri Buzurg Opencast,4800,4198,48.2,86.3,91.6,92.5,23.3,0.7,0.0,602,12.5,1,4150.6,4091.3,13.42,-0.1254,8.6
2025-05-02,dongri-buzurg,Dongri Buzurg Opencast,4800,3973,48.0,86.6,92.5,92.8,22.5,1.5,0.0,827,17.2,1,4124.9,4094.2,14.36,-0.1723,9.2
2025-05-03,dongri-buzurg,Dongri Buzurg Opencast,4800,4172,48.4,87.8,88.6,95.2,23.1,0.9,0.0,628,13.1,1,4143.7,4100.0,14.05,-0.1308,8.3
2025-05-04,dongri-buzurg,Dongri Buzurg Opencast,4800,3949,48.3,84.9,91.0,96.0,22.1,1.9,0.0,851,17.7,1,4133.6,4091.5,14.96,-0.1773,9.3
2025-05-05,dongri-buzurg,Dongri Buzurg Opencast,4800,4263,48.3,85.1,90.8,95.7,23.0,1.0,0.0,537,11.2,1,4117.1,4138.4,14.02,-0.1119,9.6
2025-05-06,dongri-buzurg,Dongri Buzurg Opencast,4800,4134,48.4,87.0,87.7,94.2,22.6,1.4,0.0,666,13.9,1,4100.0,4137.5,13.99,-0.1388,9.2
2025-05-07,dongri-buzurg,Dongri Buzurg Opencast,4800,4010,44.0,84.9,92.3,93.7,23.3,0.7,0.0,790,16.5,1,4099.9,4136.5,14.62,-0.1646,8.1
2025-05-08,dongri-buzurg,Dongri Buzurg Opencast,4800,4479,49.5,87.5,91.1,98.0,23.1,0.9,0.0,321,6.7,0,4140.0,4151.4,12.64,-0.0669,8.3
2025-05-09,dongri-buzurg,Dongri Buzurg Opencast,4800,4059,48.3,85.8,88.6,97.1,22.8,1.2,0.0,741,15.4,1,4152.3,4145.9,13.33,-0.1544,8.0
2025-05-10,dongri-buzurg,Dongri Buzurg Opencast,4800,4136,47.7,86.4,95.4,97.0,23.0,1.0,0.0,664,13.8,1,4147.1,4142.3,13.45,-0.1383,8.1
2025-05-11,dongri-buzurg,Dongri Buzurg Opencast,4800,4401,47.9,86.7,95.5,96.5,23.1,0.9,0.0,399,8.3,0,4211.7,4157.4,12.16,-0.0831,7.1
2025-05-12,dongri-buzurg,Dongri Buzurg Opencast,4800,3979,48.7,85.5,90.4,94.9,22.1,1.9,0.0,821,17.1,1,4171.1,4145.6,13.39,-0.171,8.0
2025-05-13,dongri-buzurg,Dongri Buzurg Opencast,4800,4488,48.4,86.8,95.3,99.0,23.2,0.8,0.0,312,6.5,0,4221.7,4155.5,11.67,-0.065,7.4
2025-05-14,dongri-buzurg,Dongri Buzurg Opencast,4800,4088,49.1,88.2,86.2,96.5,22.1,1.9,0.0,712,14.8,1,4232.9,4154.3,12.45,-0.1483,8.6
2025-05-15,dongri-buzurg,Dongri Buzurg Opencast,4800,4400,48.4,86.9,90.7,95.6,23.2,0.8,0.0,400,8.3,0,4221.6,4166.9,11.42,-0.0833,8.5
2025-05-16,dongri-buzurg,Dongri Buzurg Opencast,4800,4287,48.6,85.8,92.2,97.0,22.8,1.2,0.0,513,10.7,1,4254.1,4165.9,11.24,-0.1069,8.5
2025-05-17,dongri-buzurg,Dongri Buzurg Opencast,4800,4226,49.2,85.6,88.2,97.1,22.8,1.2,0.0,574,12.0,1,4267.0,4163.2,11.43,-0.1196,8.7
2025-05-18,dongri-buzurg,Dongri Buzurg Opencast,4800,4045,48.2,86.6,86.2,93.6,22.3,1.7,0.0,755,15.7,1,4216.1,4157.9,12.5,-0.1573,9.5
2025-05-19,dongri-buzurg,Dongri Buzurg Opencast,4800,4013,47.8,85.3,90.5,94.7,22.4,1.6,0.0,787,16.4,1,4221.0,4155.3,13.47,-0.164,9.2
2025-05-20,dongri-buzurg,Dongri Buzurg Opencast,4800,4219,47.6,84.6,90.3,96.2,23.1,0.9,0.0,581,12.1,1,4182.6,4160.0,13.13,-0.121,9.3
2025-05-21,dongri-buzurg,Dongri Buzurg Opencast,4800,4051,48.5,85.9,91.6,94.8,22.9,1.1,0.0,749,15.6,1,4177.3,4161.9,13.75,-0.156,8.5
2025-05-22,dongri-buzurg,Dongri Buzurg Opencast,4800,3060,49.1,86.7,68.4,97.4,16.8,7.2,0.0,1740,36.2,1,3985.9,4124.3,19.36,-0.3625,14.9
2025-05-23,dongri-buzurg,Dongri Buzurg Opencast,4800,3980,47.4,85.4,88.3,96.2,22.6,1.4,0.0,820,17.1,1,3942.0,4121.2,18.79,-0.1708,15.1
2025-05-24,dongri-buzurg,Dongri Buzurg Opencast,4800,4343,48.7,86.9,94.5,97.2,23.3,0.7,0.0,457,9.5,0,3958.7,4127.0,16.47,-0.0952,14.6
2025-05-25,dongri-buzurg,Dongri Buzurg Opencast,4800,4170,48.6,85.5,88.9,98.1,23.0,1.0,0.0,630,13.1,1,3976.6,4127.5,15.63,-0.1312,13.9
2025-05-26,dongri-buzurg,Dongri Buzurg Opencast,4800,4211,49.8,88.2,91.4,94.6,23.3,0.7,0.0,589,12.3,1,4004.9,4133.2,14.8,-0.1227,13.0
2025-05-27,dongri-buzurg,Dongri Buzurg Opencast,4800,4390,48.7,86.8,91.4,96.4,23.0,1.0,0.0,410,8.5,0,4029.3,4145.6,13.22,-0.0854,13.1
2025-05-28,dongri-buzurg,Dongri Buzurg Opencast,4800,4136,48.1,86.9,87.9,97.2,22.1,1.9,0.0,664,13.8,1,4041.4,4137.5,13.37,-0.1383,13.9
2025-05-29,dongri-buzurg,Dongri Buzurg Opencast,4800,4167,49.4,85.6,92.8,95.9,22.6,1.4,0.0,633,13.2,1,4199.6,4134.6,13.32,-0.1319,8.1
2025-05-30,dongri-buzurg,Dongri Buzurg Opencast,4800,3930,48.8,86.3,88.6,91.3,22.4,1.6,0.0,870,18.1,1,4192.4,4131.9,14.52,-0.1812,8.3
2025-05-31,dongri-buzurg,Dongri Buzurg Opencast,4800,3859,47.7,85.1,91.9,92.4,22.7,1.3,0.0,941,19.6,1,4123.3,4120.6,15.79,-0.196,8.9
2025-06-01,dongri-buzurg,Dongri Buzurg Opencast,4800,4068,47.5,85.7,89.7,95.2,22.8,1.2,0.0,732,15.2,1,4108.7,4123.8,15.64,-0.1525,9.1
2025-06-02,dongri-buzurg,Dongri Buzurg Opencast,4800,4040,49.2,88.3,88.1,93.8,22.1,1.9,0.0,760,15.8,1,4084.3,4119.4,15.68,-0.1583,10.3
2025-06-03,dongri-buzurg,Dongri Buzurg Opencast,4800,3838,49.5,87.1,92.0,92.9,22.1,1.9,0.0,962,20.0,1,4005.4,4115.7,16.76,-0.2004,11.2
2025-06-04,dongri-buzurg,Dongri Buzurg Opencast,4800,4048,48.4,86.7,89.7,95.9,22.7,1.3,0.0,752,15.7,1,3992.9,4108.5,16.5,-0.1567,10.6
2025-06-05,dongri-buzurg,Dongri Buzurg Opencast,4800,3710,48.5,85.7,90.6,91.0,22.2,1.8,0.0,1090,22.7,1,3927.6,4094.4,18.05,-0.2271,11.0
2025-06-06,dongri-buzurg,Dongri Buzurg Opencast,4800,4106,49.2,87.6,96.8,91.5,23.3,0.7,0.0,694,14.5,1,3952.7,4097.6,17.16,-0.1446,10.1
2025-06-07,dongri-buzurg,Dongri Buzurg Opencast,4800,4002,47.4,86.4,90.4,94.5,22.8,1.2,0.0,798,16.6,1,3973.1,4081.7,17.02,-0.1662,10.0
2025-06-08,dongri-buzurg,Dongri Buzurg Opencast,4800,4250,48.7,86.0,91.4,97.0,23.4,0.6,0.0,550,11.5,1,3999.1,4088.0,15.64,-0.1146,9.4
2025-06-09,dongri-buzurg,Dongri Buzurg Opencast,4800,3421,46.8,86.0,84.0,84.4,20.7,3.3,27.6,1379,28.7,1,3910.7,4064.2,18.91,-0.2873,10.8
2025-06-10,dongri-buzurg,Dongri Buzurg Opencast,4800,3657,48.0,85.1,86.0,89.2,21.7,2.3,14.5,1143,23.8,1,3884.9,4039.4,20.13,-0.2381,11.2
2025-06-11,dongri-buzurg,Dongri Buzurg Opencast,4800,4081,48.7,86.1,92.3,93.3,22.3,1.7,5.3,719,15.0,1,3889.6,4042.8,18.85,-0.1498,11.6
2025-06-12,dongri-buzurg,Dongri Buzurg Opencast,4800,3904,48.7,85.4,88.0,93.6,21.9,2.1,6.8,896,18.7,1,3917.3,4023.3,18.81,-0.1867,11.9
2025-06-13,dongri-buzurg,Dongri Buzurg Opencast,4800,3185,48.1,85.7,78.5,84.0,20.3,3.7,30.5,1615,33.6,1,3785.7,3993.2,22.51,-0.3365,14.9
2025-06-14,dongri-buzurg,Dongri Buzurg Opencast,4800,3436,48.4,86.5,84.7,85.7,21.5,2.5,27.0,1364,28.4,1,3704.9,3961.1,23.98,-0.2842,16.2
2025-06-15,dongri-buzurg,Dongri Buzurg Opencast,4800,3847,48.3,86.6,86.8,89.7,22.3,1.7,15.6,953,19.9,1,3647.3,3946.4,22.96,-0.1985,17.3
2025-06-16,dongri-buzurg,Dongri Buzurg Opencast,4800,3084,48.4,85.5,81.5,81.3,20.6,3.4,46.9,1716,35.8,1,3599.1,3908.4,26.17,-0.3575,17.4
2025-06-17,dongri-buzurg,Dongri Buzurg Opencast,4800,3233,49.4,87.5,81.1,82.4,20.0,4.0,35.2,1567,32.6,1,3538.6,3881.3,27.78,-0.3265,19.1
2025-06-18,dongri-buzurg,Dongri Buzurg Opencast,4800,3412,47.9,84.7,86.1,84.3,21.4,2.6,33.1,1388,28.9,1,3443.0,3861.3,28.06,-0.2892,20.0
2025-06-19,dongri-buzurg,Dongri Buzurg Opencast,4800,3722,48.6,85.5,87.4,92.4,21.8,2.2,8.7,1078,22.5,1,3417.0,3844.7,26.67,-0.2246,20.1
2025-06-20,dongri-buzurg,Dongri Buzurg Opencast,4800,2931,48.0,87.5,77.7,78.8,19.5,4.5,51.0,1869,38.9,1,3380.7,3807.4,29.73,-0.3894,20.9
2025-06-21,dongri-buzurg,Dongri Buzurg Opencast,4800,3271,47.9,85.9,84.5,82.2,20.4,3.6,41.7,1529,31.9,1,3357.1,3814.4,30.27,-0.3185,22.0
2025-06-22,dongri-buzurg,Dongri Buzurg Opencast,4800,3429,48.6,88.0,81.5,83.2,20.9,3.1,32.2,1371,28.6,1,3297.4,3796.0,29.85,-0.2856,23.4
2025-06-23,dongri-buzurg,Dongri Buzurg Opencast,4800,3635,48.7,86.4,85.2,87.1,21.4,2.6,24.6,1165,24.3,1,3376.1,3772.4,28.46,-0.2427,22.6
2025-06-24,dongri-buzurg,Dongri Buzurg Opencast,4800,3010,46.9,84.9,78.1,80.2,20.6,3.4,39.4,1790,37.3,1,3344.3,3733.8,30.67,-0.3729,22.0
2025-06-25,dongri-buzurg,Dongri Buzurg Opencast,4800,3591,48.4,85.5,84.2,90.1,21.0,3.0,27.6,1209,25.2,1,3369.9,3713.1,29.3,-0.2519,22.4
2025-06-26,dongri-buzurg,Dongri Buzurg Opencast,4800,3277,48.8,85.6,82.9,84.4,20.8,3.2,37.9,1523,31.7,1,3306.3,3676.0,29.9,-0.3173,23.4
2025-06-27,dongri-buzurg,Dongri Buzurg Opencast,4800,3618,48.1,86.8,83.3,87.5,20.9,3.1,24.6,1182,24.6,1,3404.4,3658.7,28.58,-0.2462,22.0
2025-06-28,dongri-buzurg,Dongri Buzurg Opencast,4800,3787,48.7,86.7,84.1,88.9,21.9,2.1,21.6,1013,21.1,1,3478.1,3646.1,26.71,-0.211,20.5
2025-06-29,dongri-buzurg,Dongri Buzurg Opencast,4800,3242,48.4,86.1,86.4,82.3,20.8,3.2,40.8,1558,32.5,1,3451.4,3623.1,28.16,-0.3246,20.6
2025-06-30,dongri-buzurg,Dongri Buzurg Opencast,4800,3884,48.7,86.7,87.8,92.4,22.1,1.9,12.8,916,19.1,1,3487.0,3624.0,25.89,-0.1908,19.9
2025-07-01,dongri-buzurg,Dongri Buzurg Opencast,4800,2253,47.5,84.5,69.3,70.3,17.6,6.4,74.3,2547,53.1,1,3378.9,3563.5,32.69,-0.5306,22.9
2025-07-02,dongri-buzurg,Dongri Buzurg Opencast,4800,3518,47.9,87.5,80.8,84.9,21.3,2.7,27.1,1282,26.7,1,3368.4,3546.1,31.2,-0.2671,22.6
2025-07-03,dongri-buzurg,Dongri Buzurg Opencast,4800,2826,48.4,86.2,81.8,72.8,19.8,4.2,53.7,1974,41.1,1,3304.0,3512.3,33.67,-0.4112,23.6
2025-07-04,dongri-buzurg,Dongri Buzurg Opencast,4800,3171,48.8,86.8,82.5,80.3,20.3,3.7,52.8,1629,33.9,1,3240.1,3483.1,33.73,-0.3394,24.2
2025-07-05,dongri-buzurg,Dongri Buzurg Opencast,4800,2974,50.0,88.2,81.6,76.4,19.9,4.1,50.4,1826,38.0,1,3124.0,3458.6,34.8,-0.3804,26.2
2025-07-06,dongri-buzurg,Dongri Buzurg Opencast,4800,3163,48.5,85.7,81.2,84.6,20.2,3.8,39.5,1637,34.1,1,3112.7,3427.1,34.62,-0.341,26.8
2025-07-07,dongri-buzurg,Dongri Buzurg Opencast,4800,3835,48.7,87.1,87.0,89.4,21.8,2.2,9.3,965,20.1,1,3105.7,3421.6,30.99,-0.201,27.1
2025-07-08,dongri-buzurg,Dongri Buzurg Opencast,4800,1278,47.6,85.5,42.8,65.6,10.3,13.7,105.1,3522,73.4,1,2966.4,3322.5,41.59,-0.7338,34.4
2025-07-09,dongri-buzurg,Dongri Buzurg Opencast,4800,2703,44.9,84.1,76.0,77.4,18.5,5.5,62.4,2097,43.7,1,2850.0,3298.6,42.12,-0.4369,37.2
2025-07-10,dongri-buzurg,Dongri Buzurg Opencast,4800,3158,48.0,87.0,75.6,80.3,19.8,4.2,51.8,1642,34.2,1,2897.4,3281.9,40.14,-0.3421,37.2
2025-07-11,dongri-buzurg,Dongri Buzurg Opencast,4800,2607,49.7,87.9,73.3,72.5,18.2,5.8,77.7,2193,45.7,1,2816.9,3232.8,41.53,-0.4569,39.3
2025-07-12,dongri-buzurg,Dongri Buzurg Opencast,4800,2909,48.2,86.3,79.1,78.8,19.6,4.4,56.8,1891,39.4,1,2807.6,3199.6,41.0,-0.394,39.6
2025-07-13,dongri-buzurg,Dongri Buzurg Opencast,4800,3506,48.7,87.4,84.8,84.5,21.2,2.8,28.8,1294,27.0,1,2856.6,3210.3,37.5,-0.2696,38.6
2025-07-14,dongri-buzurg,Dongri Buzurg Opencast,4800,2992,48.6,86.3,80.7,79.1,19.5,4.5,49.9,1808,37.7,1,2736.1,3195.5,37.55,-0.3767,40.9
2025-07-15,dongri-buzurg,Dongri Buzurg Opencast,4800,2434,48.2,85.0,71.3,74.2,18.0,6.0,70.6,2366,49.3,1,2901.3,3148.4,40.49,-0.4929,33.2
2025-07-16,dongri-buzurg,Dongri Buzurg Opencast,4800,3351,47.6,86.6,84.0,87.4,20.4,3.6,37.8,1449,30.2,1,2993.9,3157.3,37.91,-0.3019,31.3
2025-07-17,dongri-buzurg,Dongri Buzurg Opencast,4800,3300,48.7,85.3,84.6,81.6,21.0,3.0,35.7,1500,31.2,1,3014.1,3159.6,36.24,-0.3125,30.1
2025-07-18,dongri-buzurg,Dongri Buzurg Opencast,4800,3171,48.2,85.5,80.1,81.0,20.2,3.8,48.4,1629,33.9,1,3094.7,3151.5,35.65,-0.3394,28.1
2025-07-19,dongri-buzurg,Dongri Buzurg Opencast,4800,3484,47.5,85.3,86.2,87.2,20.8,3.2,37.0,1316,27.4,1,3176.9,3143.6,33.59,-0.2742,26.9
2025-07-20,dongri-buzurg,Dongri Buzurg Opencast,4800,3666,49.0,86.2,83.4,86.9,21.4,2.6,23.5,1134,23.6,1,3199.7,3168.1,31.09,-0.2362,26.7
2025-07-21,dongri-buzurg,Dongri Buzurg Opencast,4800,2239,48.8,87.4,69.6,68.3,17.0,7.0,85.2,2561,53.4,1,3092.1,3133.7,36.67,-0.5335,29.2
2025-07-22,dongri-buzurg,Dongri Buzurg Opencast,4800,1606,48.6,86.5,52.9,62.4,13.9,10.1,145.3,3194,66.5,1,2973.9,3072.9,44.13,-0.6654,33.3
2025-07-23,dongri-buzurg,Dongri Buzurg Opencast,4800,2858,47.8,86.2,79.7,76.6,20.1,3.9,51.5,1942,40.5,1,2903.4,3047.0,43.22,-0.4046,33.6
2025-07-24,dongri-buzurg,Dongri Buzurg Opencast,4800,3741,48.9,85.8,84.6,88.8,21.8,2.2,25.9,1059,22.1,1,2966.4,3071.4,37.94,-0.2206,32.8
2025-07-25,dongri-buzurg,Dongri Buzurg Opencast,4800,2719,49.5,88.5,72.3,74.0,18.6,5.4,67.8,2081,43.4,1,2901.9,3042.3,39.3,-0.4335,34.4
2025-07-26,dongri-buzurg,Dongri Buzurg Opencast,4800,3908,48.2,85.7,92.7,89.8,22.5,1.5,2.9,892,18.6,1,2962.4,3063.4,34.13,-0.1858,32.7
2025-07-27,dongri-buzurg,Dongri Buzurg Opencast,4800,4178,48.8,88.0,86.0,99.0,22.3,1.7,3.6,622,13.0,1,3035.6,3082.0,28.85,-0.1296,31.8
2025-07-28,dongri-buzurg,Dongri Buzurg Opencast,4800,1880,48.3,85.1,64.4,61.2,16.2,7.8,115.3,2920,60.8,1,2984.3,3018.5,36.83,-0.6083,32.6
2025-07-29,dongri-buzurg,Dongri Buzurg Opencast,4800,2435,47.7,84.5,71.5,74.9,17.7,6.3,79.0,2365,49.3,1,3102.7,2991.6,39.95,-0.4927,28.8
2025-07-30,dongri-buzurg,Dongri Buzurg Opencast,4800,1709,49.1,85.4,53.9,63.1,14.8,9.2,123.4,3091,64.4,1,2938.6,2919.1,46.06,-0.644,34.1
2025-07-31,dongri-buzurg,Dongri Buzurg Opencast,4800,2787,48.2,86.7,72.7,76.0,18.7,5.3,77.4,2013,41.9,1,2802.3,2936.9,45.02,-0.4194,37.2
2025-08-01,dongri-buzurg,Dongri Buzurg Opencast,4800,2975,48.5,85.2,78.7,79.0,19.8,4.2,51.3,1825,38.0,1,2838.9,2918.8,43.27,-0.3802,36.0
2025-08-02,dongri-buzurg,Dongri Buzurg Opencast,4800,2476,47.2,85.2,72.5,71.8,18.1,5.9,65.6,2324,48.4,1,2634.3,2907.1,44.55,-0.4842,40.4
2025-08-03,dongri-buzurg,Dongri Buzurg Opencast,4800,3290,47.8,87.5,81.4,81.2,20.8,3.2,41.1,1510,31.5,1,2507.4,2911.1,41.29,-0.3146,41.9
2025-08-04,dongri-buzurg,Dongri Buzurg Opencast,4800,3705,48.2,85.3,85.1,87.0,22.0,2.0,8.8,1095,22.8,1,2768.1,2935.4,36.67,-0.2281,36.1
2025-08-05,dongri-buzurg,Dongri Buzurg Opencast,4800,3837,48.6,85.6,86.9,88.1,22.6,1.4,12.4,963,20.1,1,2968.4,2957.9,32.52,-0.2006,31.2
2025-08-06,dongri-buzurg,Dongri Buzurg Opencast,4800,3923,47.7,87.0,89.4,91.1,22.9,1.1,7.0,877,18.3,1,3284.7,2960.8,28.97,-0.1827,23.1
2025-08-07,dongri-buzurg,Dongri Buzurg Opencast,4800,3016,48.7,86.4,80.9,79.2,19.5,4.5,66.7,1784,37.2,1,3317.4,3018.8,31.03,-0.3717,22.3
2025-08-08,dongri-buzurg,Dongri Buzurg Opencast,4800,3705,48.9,86.5,91.5,86.6,22.0,2.0,18.1,1095,22.8,1,3421.7,3052.2,28.97,-0.2281,20.1
2025-08-09,dongri-buzurg,Dongri Buzurg Opencast,4800,1770,47.8,85.6,64.0,58.5,15.6,8.4,127.8,3030,63.1,1,3320.9,3005.9,37.5,-0.6312,22.6
2025-08-10,dongri-buzurg,Dongri Buzurg Opencast,4800,3139,49.6,86.3,77.2,80.7,20.1,3.9,54.6,1661,34.6,1,3299.3,3023.6,36.78,-0.346,23.3
2025-08-11,dongri-buzurg,Dongri Buzurg Opencast,4800,1777,49.0,85.4,62.9,62.0,15.7,8.3,113.8,3023,63.0,1,3023.9,2985.9,43.33,-0.6298,29.6
2025-08-12,dongri-buzurg,Dongri Buzurg Opencast,4800,3823,49.0,87.7,90.6,91.1,22.2,1.8,16.5,977,20.4,1,3021.9,2996.5,37.6,-0.2035,30.0
2025-08-13,dongri-buzurg,Dongri Buzurg Opencast,4800,3220,48.5,87.3,79.8,83.8,20.4,3.6,47.7,1580,32.9,1,2921.4,3004.1,36.42,-0.3292,32.5
2025-08-14,dongri-buzurg,Dongri Buzurg Opencast,4800,2557,48.6,87.2,71.0,75.2,17.9,6.1,85.8,2243,46.7,1,2855.9,3008.2,38.99,-0.4673,34.1
2025-08-15,dongri-buzurg,Dongri Buzurg Opencast,4800,2795,48.7,85.4,78.7,78.5,19.4,4.6,44.9,2005,41.8,1,2725.9,2989.6,39.7,-0.4177,36.7
2025-08-16,dongri-buzurg,Dongri Buzurg Opencast,4800,2485,48.6,87.2,69.7,74.9,17.6,6.4,74.3,2315,48.2,1,2828.0,2962.5,41.82,-0.4823,34.7
2025-08-17,dongri-buzurg,Dongri Buzurg Opencast,4800,2859,48.0,87.3,77.2,78.0,18.8,5.2,59.0,1941,40.4,1,2788.0,2952.1,41.47,-0.4044,36.0
2025-08-18,dongri-buzurg,Dongri Buzurg Opencast,4800,3505,49.1,87.6,81.7,89.5,20.9,3.1,29.4,1295,27.0,1,3034.9,2952.8,37.85,-0.2698,30.8
2025-08-19,dongri-buzurg,Dongri Buzurg Opencast,4800,1975,49.1,87.9,57.1,64.3,15.6,8.4,111.3,2825,58.9,1,2770.9,2896.4,43.11,-0.5885,37.4
2025-08-20,dongri-buzurg,Dongri Buzurg Opencast,4800,2560,49.4,87.2,68.1,73.7,18.1,5.9,70.3,2240,46.7,1,2676.6,2907.1,44.01,-0.4667,39.7
2025-08-21,dongri-buzurg,Dongri Buzurg Opencast,4800,4129,48.9,87.4,92.8,92.7,22.4,1.6,11.4,671,14.0,1,2901.1,2991.2,36.51,-0.1398,35.2
2025-08-22,dongri-buzurg,Dongri Buzurg Opencast,4800,2281,49.4,88.1,68.5,69.4,16.5,7.5,99.1,2519,52.5,1,2827.7,2972.0,40.51,-0.5248,38.1
2025-08-23,dongri-buzurg,Dongri Buzurg Opencast,4800,3964,49.5,88.5,90.8,89.5,22.0,2.0,10.1,836,17.4,1,3039.0,2979.4,34.73,-0.1742,33.7
2025-08-24,dongri-buzurg,Dongri Buzurg Opencast,4800,2482,47.8,86.1,51.4,90.6,14.1,9.9,23.5,2318,48.3,1,2985.1,2971.5,38.12,-0.4829,38.4
2025-08-25,dongri-buzurg,Dongri Buzurg Opencast,4800,3484,48.3,84.9,84.1,88.0,20.9,3.1,22.3,1316,27.4,1,2982.1,2957.4,35.44,-0.2742,38.4
2025-08-26,dongri-buzurg,Dongri Buzurg Opencast,4800,3814,49.0,87.9,92.0,87.9,22.2,1.8,20.4,986,20.5,1,3244.9,2945.2,31.71,-0.2054,31.8
2025-08-27,dongri-buzurg,Dongri Buzurg Opencast,4800,3514,48.0,86.6,81.0,87.4,20.8,3.2,34.2,1286,26.8,1,3381.1,2999.7,30.48,-0.2679,29.1
2025-08-28,dongri-buzurg,Dongri Buzurg Opencast,4800,2944,47.2,84.8,75.8,82.6,19.1,4.9,49.2,1856,38.7,1,3211.9,3016.7,32.53,-0.3867,32.4
2025-08-29,dongri-buzurg,Dongri Buzurg Opencast,4800,3266,47.8,87.1,79.7,86.0,20.3,3.7,43.7,1534,32.0,1,3352.6,3068.6,32.4,-0.3196,28.6
2025-08-30,dongri-buzurg,Dongri Buzurg Opencast,4800,2222,48.8,87.2,66.2,66.6,17.3,6.7,98.2,2578,53.7,1,3103.7,3049.7,37.73,-0.5371,33.3
2025-08-31,dongri-buzurg,Dongri Buzurg Opencast,4800,2504,47.8,86.0,78.6,72.2,18.9,5.1,76.7,2296,47.8,1,3106.9,3034.0,40.24,-0.4783,28.5
2025-09-01,dongri-buzurg,Dongri Buzurg Opencast,4800,1851,49.5,86.2,63.1,61.9,15.6,8.4,114.1,2949,61.4,1,2873.6,3013.2,45.53,-0.6144,33.8
2025-09-02,dongri-buzurg,Dongri Buzurg Opencast,4800,3587,48.9,86.2,85.4,88.7,21.3,2.7,16.0,1213,25.3,1,2841.1,3023.1,40.47,-0.2527,34.7
2025-09-03,dongri-buzurg,Dongri Buzurg Opencast,4800,3764,47.8,86.1,82.9,90.8,21.8,2.2,19.5,1036,21.6,1,2876.9,3025.1,35.76,-0.2158,33.7
2025-09-04,dongri-buzurg,Dongri Buzurg Opencast,4800,3204,48.4,87.4,78.0,82.7,20.1,3.9,45.2,1596,33.2,1,2914.0,3004.0,35.12,-0.3325,32.7
2025-09-05,dongri-buzurg,Dongri Buzurg Opencast,4800,1791,48.9,86.3,58.7,62.0,15.1,8.9,115.5,3009,62.7,1,2703.3,2932.9,42.01,-0.6269,37.9
2025-09-06,dongri-buzurg,Dongri Buzurg Opencast,4800,3607,48.1,87.3,86.0,87.5,21.5,2.5,18.5,1193,24.9,1,2901.1,2952.6,37.73,-0.2485,33.7
2025-09-07,dongri-buzurg,Dongri Buzurg Opencast,4800,3262,49.5,85.6,84.7,83.1,20.5,3.5,36.7,1538,32.0,1,3009.4,2937.8,36.3,-0.3204,32.1
2025-09-08,dongri-buzurg,Dongri Buzurg Opencast,4800,3130,47.7,85.4,81.9,81.3,20.0,4.0,34.4,1670,34.8,1,3192.1,2983.2,35.93,-0.3479,27.7
2025-09-09,dongri-buzurg,Dongri Buzurg Opencast,4800,3725,48.7,87.4,86.1,87.5,21.3,2.7,34.6,1075,22.4,1,3211.9,3002.7,32.54,-0.224,27.7
2025-09-10,dongri-buzurg,Dongri Buzurg Opencast,4800,2862,43.9,84.5,81.8,78.9,20.1,3.9,51.3,1938,40.4,1,3083.0,3038.9,34.51,-0.4038,29.4
2025-09-11,dongri-buzurg,Dongri Buzurg Opencast,4800,4132,48.6,86.0,94.5,93.6,22.7,1.3,4.2,668,13.9,1,3215.6,3049.2,29.36,-0.1392,26.8
2025-09-12,dongri-buzurg,Dongri Buzurg Opencast,4800,3788,47.6,86.4,89.6,90.1,21.6,2.4,15.6,1012,21.1,1,3500.9,3068.1,27.29,-0.2108,20.3
2025-09-13,dongri-buzurg,Dongri Buzurg Opencast,4800,3583,48.4,86.5,80.9,87.2,20.9,3.1,32.9,1217,25.4,1,3497.4,3102.3,26.82,-0.2535,20.9
2025-09-14,dongri-buzurg,Dongri Buzurg Opencast,4800,3901,48.6,86.3,87.7,93.7,21.6,2.4,10.0,899,18.7,1,3588.7,3139.2,24.79,-0.1873,19.8
2025-09-15,dongri-buzurg,Dongri Buzurg Opencast,4800,4124,48.6,88.0,85.9,95.2,22.2,1.8,5.6,676,14.1,1,3730.7,3193.8,22.12,-0.1408,17.6
2025-09-16,dongri-buzurg,Dongri Buzurg Opencast,4800,3513,48.4,87.5,86.0,83.2,21.6,2.4,13.9,1287,26.8,1,3700.4,3215.6,23.29,-0.2681,17.3
2025-09-17,dongri-buzurg,Dongri Buzurg Opencast,4800,3322,49.1,86.8,79.8,85.0,21.0,3.0,38.3,1478,30.8,1,3766.1,3209.5,25.17,-0.3079,16.4
2025-09-18,dongri-buzurg,Dongri Buzurg Opencast,4800,4110,48.1,86.3,85.1,96.9,22.3,1.7,0.0,690,14.4,1,3763.0,3280.7,22.47,-0.1438,16.8
2025-09-19,dongri-buzurg,Dongri Buzurg Opencast,4800,4230,47.8,86.3,93.9,95.3,22.7,1.3,0.0,570,11.9,1,3826.1,3336.3,19.83,-0.1188,15.7
2025-09-20,dongri-buzurg,Dongri Buzurg Opencast,4800,4392,48.3,87.6,91.3,96.5,23.3,0.7,0.0,408,8.5,0,3941.7,3345.1,17.0,-0.085,13.3
2025-09-21,dongri-buzurg,Dongri Buzurg Opencast,4800,4101,48.9,86.1,91.9,93.3,22.5,1.5,0.0,699,14.6,1,3970.3,3405.8,16.4,-0.1456,12.4
2025-09-22,dongri-buzurg,Dongri Buzurg Opencast,4800,4394,49.1,87.9,93.7,95.7,23.3,0.7,0.0,406,8.5,0,4008.9,3420.1,14.42,-0.0846,11.3
2025-09-23,dongri-buzurg,Dongri Buzurg Opencast,4800,4160,47.9,86.1,85.4,95.0,22.3,1.7,0.0,640,13.3,1,4101.3,3476.0,14.14,-0.1333,10.6
2025-09-24,dongri-buzurg,Dongri Buzurg Opencast,4800,4359,48.3,86.4,91.2,97.7,22.8,1.2,0.0,441,9.2,0,4249.4,3505.2,12.91,-0.0919,8.8
2025-09-25,dongri-buzurg,Dongri Buzurg Opencast,4800,4060,47.9,86.9,90.4,90.8,22.8,1.2,0.0,740,15.4,1,4242.3,3513.4,13.53,-0.1542,8.3
2025-09-26,dongri-buzurg,Dongri Buzurg Opencast,4800,4045,48.3,87.0,88.7,93.2,23.1,0.9,0.0,755,15.7,1,4215.9,3531.1,14.07,-0.1573,7.9
2025-09-27,dongri-buzurg,Dongri Buzurg Opencast,4800,4283,47.3,85.9,91.7,96.2,22.7,1.3,0.0,517,10.8,1,4200.3,3575.7,13.25,-0.1077,8.5
2025-09-28,dongri-buzurg,Dongri Buzurg Opencast,4800,4134,48.0,87.1,88.9,92.8,22.8,1.2,0.0,666,13.9,1,4205.0,3604.7,13.42,-0.1388,8.2
2025-09-29,dongri-buzurg,Dongri Buzurg Opencast,4800,4446,48.2,87.2,91.3,98.6,23.0,1.0,0.0,354,7.4,0,4212.4,3678.8,11.91,-0.0738,8.5
2025-09-30,dongri-buzurg,Dongri Buzurg Opencast,4800,3921,48.7,86.0,89.7,94.1,22.2,1.8,0.0,879,18.3,1,4178.3,3726.0,13.51,-0.1831,8.6
2025-10-01,dongri-buzurg,Dongri Buzurg Opencast,4800,4298,48.4,87.4,94.3,94.6,22.8,1.2,0.0,502,10.5,1,4169.6,3807.6,12.76,-0.1046,8.6
2025-10-02,dongri-buzurg,Dongri Buzurg Opencast,4800,4210,48.4,85.8,92.4,96.7,22.7,1.3,0.0,590,12.3,1,4191.0,3828.4,12.64,-0.1229,8.7
2025-10-03,dongri-buzurg,Dongri Buzurg Opencast,4800,4560,47.8,87.6,96.6,97.2,23.4,0.6,0.0,240,5.0,0,4264.6,3854.9,10.73,-0.05,8.4
2025-10-04,dongri-buzurg,Dongri Buzurg Opencast,4800,4204,49.4,87.7,94.6,95.1,23.0,1.0,0.0,596,12.4,1,4253.3,3888.2,11.15,-0.1242,8.1
2025-10-05,dongri-buzurg,Dongri Buzurg Opencast,4800,4322,48.5,86.8,97.1,93.0,23.5,0.5,0.0,478,10.0,1,4280.1,3972.6,10.86,-0.0996,7.4
2025-10-06,dongri-buzurg,Dongri Buzurg Opencast,4800,4214,49.3,85.9,95.0,94.6,23.0,1.0,0.0,586,12.2,1,4247.0,3992.8,11.2,-0.1221,7.4
2025-10-07,dongri-buzurg,Dongri Buzurg Opencast,4800,3862,50.0,87.2,86.6,88.4,22.6,1.4,0.0,938,19.5,1,4238.6,4012.8,13.27,-0.1954,7.0
2025-10-08,dongri-buzurg,Dongri Buzurg Opencast,4800,3923,48.7,87.2,91.3,93.3,22.2,1.8,0.0,877,18.3,1,4185.0,4039.3,14.53,-0.1827,7.6
2025-10-09,dongri-buzurg,Dongri Buzurg Opencast,4800,4080,47.5,87.2,87.5,94.8,22.9,1.1,0.0,720,15.0,1,4166.4,4051.1,14.65,-0.15,7.4
2025-10-10,dongri-buzurg,Dongri Buzurg Opencast,4800,2825,48.6,86.5,61.3,93.7,15.7,8.3,0.0,1975,41.1,1,3918.6,4049.9,21.26,-0.4115,15.1
2025-10-11,dongri-buzurg,Dongri Buzurg Opencast,4800,4213,47.9,87.3,92.5,93.5,22.6,1.4,0.0,587,12.2,1,3919.9,4052.6,19.0,-0.1223,15.5
2025-10-12,dongri-buzurg,Dongri Buzurg Opencast,4800,4387,48.9,87.8,95.2,96.5,23.1,0.9,0.0,413,8.6,0,3929.1,4072.5,16.4,-0.086,15.9
2025-10-13,dongri-buzurg,Dongri Buzurg Opencast,4800,4031,48.8,87.6,89.5,92.9,23.1,0.9,0.0,769,16.0,1,3903.0,4087.5,16.3,-0.1602,15.8
2025-10-14,dongri-buzurg,Dongri Buzurg Opencast,4800,4032,48.4,85.1,93.0,96.9,22.5,1.5,0.0,768,16.0,1,3927.3,4091.8,16.22,-0.16,15.9
2025-10-15,dongri-buzurg,Dongri Buzurg Opencast,4800,4048,48.4,86.7,94.0,93.6,22.8,1.2,0.0,752,15.7,1,3945.1,4089.3,16.09,-0.1567,15.3
2025-10-16,dongri-buzurg,Dongri Buzurg Opencast,4800,4275,48.7,87.7,92.8,93.9,23.0,1.0,0.0,525,10.9,1,3973.0,4114.7,14.79,-0.1094,15.2
2025-10-17,dongri-buzurg,Dongri Buzurg Opencast,4800,4357,47.8,87.2,92.1,93.8,23.3,0.7,0.0,443,9.2,0,4191.9,4149.2,13.4,-0.0923,7.6
2025-10-18,dongri-buzurg,Dongri Buzurg Opencast,4800,4133,47.4,86.8,87.7,98.3,22.1,1.9,0.0,667,13.9,1,4180.4,4150.0,13.52,-0.139,8.1
2025-10-19,dongri-buzurg,Dongri Buzurg Opencast,4800,4021,49.3,85.7,85.3,98.4,22.2,1.8,0.0,779,16.2,1,4128.1,4143.0,14.19,-0.1623,9.0
2025-10-20,dongri-buzurg,Dongri Buzurg Opencast,4800,4236,49.0,85.9,92.8,97.2,22.6,1.4,0.0,564,11.8,1,4157.4,4137.8,13.59,-0.1175,9.5
2025-10-21,dongri-buzurg,Dongri Buzurg Opencast,4800,4061,48.4,86.7,95.7,91.8,23.0,1.0,0.0,739,15.4,1,4161.6,4136.5,14.05,-0.154,9.0
2025-10-22,dongri-buzurg,Dongri Buzurg Opencast,4800,4173,48.8,85.6,95.7,97.4,23.2,0.8,0.0,627,13.1,1,4179.4,4129.1,13.81,-0.1306,8.6
2025-10-23,dongri-buzurg,Dongri Buzurg Opencast,4800,4082,49.2,87.5,90.9,95.0,22.0,2.0,0.0,718,15.0,1,4151.9,4126.5,14.11,-0.1496,9.6
2025-10-24,dongri-buzurg,Dongri Buzurg Opencast,4800,4403,49.2,87.3,91.7,99.0,22.5,1.5,0.0,397,8.3,0,4158.4,4128.0,12.65,-0.0827,10.4
2025-10-25,dongri-buzurg,Dongri Buzurg Opencast,4800,4182,49.3,87.9,87.6,95.6,22.4,1.6,0.0,618,12.9,1,4165.4,4132.0,12.72,-0.1288,10.1
2025-10-26,dongri-buzurg,Dongri Buzurg Opencast,4800,4343,48.5,86.8,93.9,96.2,22.8,1.2,0.0,457,9.5,0,4211.4,4142.0,11.91,-0.0952,9.5
2025-10-27,dongri-buzurg,Dongri Buzurg Opencast,4800,3943,48.4,85.6,90.8,93.4,22.4,1.6,0.0,857,17.9,1,4169.6,4130.6,13.41,-0.1785,9.7
2025-10-28,dongri-buzurg,Dongri Buzurg Opencast,4800,4131,49.3,87.4,92.0,93.6,22.8,1.2,0.0,669,13.9,1,4179.6,4130.5,13.53,-0.1394,9.9
2025-10-29,dongri-buzurg,Dongri Buzurg Opencast,4800,4252,47.2,86.4,91.6,96.0,22.5,1.5,0.0,548,11.4,1,4190.9,4124.1,13.0,-0.1142,10.6
2025-10-30,dongri-buzurg,Dongri Buzurg Opencast,4800,4479,49.1,86.8,93.0,99.0,23.5,0.5,0.0,321,6.7,0,4247.6,4142.7,11.42,-0.0669,9.1
2025-10-31,dongri-buzurg,Dongri Buzurg Opencast,4800,4270,48.8,88.1,94.6,94.7,22.8,1.2,0.0,530,11.0,1,4228.6,4141.7,11.32,-0.1104,8.8
2025-11-01,dongri-buzurg,Dongri Buzurg Opencast,4800,3924,48.5,87.4,92.0,90.9,22.4,1.6,0.0,876,18.2,1,4191.7,4132.2,13.04,-0.1825,8.8
2025-11-02,dongri-buzurg,Dongri Buzurg Opencast,4800,4031,47.7,86.3,87.2,96.8,22.5,1.5,0.0,769,16.0,1,4147.1,4114.6,13.78,-0.1602,9.1
2025-11-03,dongri-buzurg,Dongri Buzurg Opencast,4800,3946,48.7,86.6,93.3,95.1,22.4,1.6,0.0,854,17.8,1,4147.6,4106.0,14.78,-0.1779,9.1
2025-11-04,dongri-buzurg,Dongri Buzurg Opencast,4800,3869,49.7,88.5,86.7,89.7,22.1,1.9,0.0,931,19.4,1,4110.1,4090.9,15.94,-0.194,9.8
2025-11-05,dongri-buzurg,Dongri Buzurg Opencast,4800,3857,47.5,86.9,91.3,88.8,22.6,1.4,0.0,943,19.6,1,4053.7,4079.0,16.85,-0.1965,9.7
2025-11-06,dongri-buzurg,Dongri Buzurg Opencast,4800,3819,49.3,87.9,84.8,91.9,22.1,1.9,0.0,981,20.4,1,3959.4,4077.5,17.74,-0.2044,11.1
2025-11-07,dongri-buzurg,Dongri Buzurg Opencast,4800,4191,49.0,87.6,94.4,95.6,22.7,1.3,0.0,609,12.7,1,3948.1,4086.5,16.48,-0.1269,11.2
2025-11-08,dongri-buzurg,Dongri Buzurg Opencast,4800,4417,48.7,87.9,91.7,99.0,23.1,0.9,0.0,383,8.0,0,4018.6,4097.7,14.36,-0.0798,10.5
2025-11-09,dongri-buzurg,Dongri Buzurg Opencast,4800,4150,47.4,84.8,92.3,95.0,23.0,1.0,0.0,650,13.5,1,4035.6,4141.9,14.15,-0.1354,10.0
2025-11-10,dongri-buzurg,Dongri Buzurg Opencast,4800,4255,48.3,86.9,90.4,95.9,23.4,0.6,0.0,545,11.4,1,4079.7,4143.3,13.46,-0.1135,9.0
2025-11-11,dongri-buzurg,Dongri Buzurg Opencast,4800,4232,48.3,86.6,93.8,97.3,22.9,1.1,0.0,568,11.8,1,4131.6,4138.1,13.04,-0.1183,8.2
2025-11-12,dongri-buzurg,Dongri Buzurg Opencast,4800,3907,45.3,85.9,87.9,95.1,22.0,2.0,0.0,893,18.6,1,4138.7,4134.0,14.43,-0.186,8.8
2025-11-13,dongri-buzurg,Dongri Buzurg Opencast,4800,4084,49.0,85.5,88.4,93.1,22.6,1.4,0.0,716,14.9,1,4176.6,4135.7,14.55,-0.1492,8.3
2025-11-14,dongri-buzurg,Dongri Buzurg Opencast,4800,4249,49.4,88.2,93.7,95.8,22.7,1.3,0.0,551,11.5,1,4184.9,4142.4,13.79,-0.1148,8.3
2025-11-15,dongri-buzurg,Dongri Buzurg Opencast,4800,4001,48.2,86.4,86.8,95.2,22.7,1.3,0.0,799,16.6,1,4125.4,4133.3,14.49,-0.1665,8.7
2025-11-16,dongri-buzurg,Dongri Buzurg Opencast,4800,3769,48.1,85.9,90.6,90.4,22.1,1.9,0.0,1031,21.5,1,4071.0,4113.7,16.24,-0.2148,9.6
2025-11-17,dongri-buzurg,Dongri Buzurg Opencast,4800,4055,48.0,86.9,86.2,91.8,22.5,1.5,0.0,745,15.5,1,4042.4,4111.1,16.06,-0.1552,10.5
2025-11-18,dongri-buzurg,Dongri Buzurg Opencast,4800,4001,48.5,86.0,86.0,93.1,22.1,1.9,0.0,799,16.6,1,4009.4,4110.4,16.19,-0.1665,11.3
2025-11-19,dongri-buzurg,Dongri Buzurg Opencast,4800,4334,49.0,87.9,92.9,95.1,23.3,0.7,0.0,466,9.7,0,4070.4,4113.7,14.57,-0.0971,10.0
2025-11-20,dongri-buzurg,Dongri Buzurg Opencast,4800,4057,47.7,86.2,89.0,94.9,22.1,1.9,0.0,743,15.5,1,4066.6,4113.5,14.8,-0.1548,10.5
2025-11-21,dongri-buzurg,Dongri Buzurg Opencast,4800,4121,47.5,87.0,88.9,93.2,23.2,0.8,0.0,679,14.1,1,4048.3,4111.8,14.63,-0.1415,10.0
2025-11-22,dongri-buzurg,Dongri Buzurg Opencast,4800,4133,48.1,86.3,96.0,96.7,23.2,0.8,0.0,667,13.9,1,4067.1,4113.5,14.45,-0.139,9.5
2025-11-23,dongri-buzurg,Dongri Buzurg Opencast,4800,3936,48.9,86.2,85.2,96.5,22.1,1.9,0.0,864,18.0,1,4091.0,4097.9,15.33,-0.18,9.5
2025-11-24,dongri-buzurg,Dongri Buzurg Opencast,4800,4190,48.8,85.6,92.7,96.0,22.7,1.3,0.0,610,12.7,1,4110.3,4098.2,14.68,-0.1271,9.3
2025-11-25,dongri-buzurg,Dongri Buzurg Opencast,4800,4076,48.2,87.3,90.3,93.9,23.2,0.8,0.0,724,15.1,1,4121.0,4089.3,14.78,-0.1508,8.2
2025-11-26,dongri-buzurg,Dongri Buzurg Opencast,4800,2872,48.3,85.1,60.3,97.6,16.2,7.8,0.0,1928,40.2,1,3912.1,4053.6,21.14,-0.4017,15.3
2025-11-27,dongri-buzurg,Dongri Buzurg Opencast,4800,3995,47.8,85.8,88.8,97.0,22.2,1.8,0.0,805,16.8,1,3903.3,4049.1,20.05,-0.1677,15.2
2025-11-28,dongri-buzurg,Dongri Buzurg Opencast,4800,4063,48.5,87.6,90.6,92.8,22.7,1.3,0.0,737,15.4,1,3895.0,4042.8,18.89,-0.1535,15.7
2025-11-29,dongri-buzurg,Dongri Buzurg Opencast,4800,4387,48.9,86.1,91.8,99.0,23.5,0.5,0.0,413,8.6,0,3931.3,4039.7,16.32,-0.086,15.4
2025-11-30,dongri-buzurg,Dongri Buzurg Opencast,4800,4117,47.8,87.1,92.1,93.1,23.2,0.8,0.0,683,14.2,1,3957.1,4034.6,15.79,-0.1423,14.3
2025-12-01,dongri-buzurg,Dongri Buzurg Opencast,4800,3900,49.2,88.4,90.9,89.8,22.9,1.1,0.0,900,18.8,1,3915.7,4033.8,16.54,-0.1875,14.1
2025-12-02,dongri-buzurg,Dongri Buzurg Opencast,4800,4065,48.2,86.7,89.9,95.5,22.1,1.9,0.0,735,15.3,1,3914.1,4034.9,16.23,-0.1531,15.2
2025-12-03,dongri-buzurg,Dongri Buzurg Opencast,4800,4148,48.1,87.6,91.7,95.6,22.9,1.1,0.0,652,13.6,1,4096.4,4041.7,15.57,-0.1358,8.5
2025-12-04,dongri-buzurg,Dongri Buzurg Opencast,4800,3855,48.2,85.6,88.6,90.4,22.9,1.1,0.0,945,19.7,1,4076.4,4041.2,16.6,-0.1969,7.8
2025-12-05,dongri-buzurg,Dongri Buzurg Opencast,4800,4083,48.4,86.2,89.9,95.7,22.6,1.4,0.0,717,14.9,1,4079.3,4048.7,16.18,-0.1494,7.9
2025-12-06,dongri-buzurg,Dongri Buzurg Opencast,4800,4001,48.5,85.2,92.8,92.4,23.3,0.7,0.0,799,16.6,1,4024.1,4054.8,16.28,-0.1665,8.1
2025-12-07,dongri-buzurg,Dongri Buzurg Opencast,4800,4059,49.0,86.1,96.7,93.1,23.4,0.6,0.0,741,15.4,1,4015.9,4050.4,16.06,-0.1544,7.9
2025-12-08,dongri-buzurg,Dongri Buzurg Opencast,4800,4424,48.5,86.5,93.8,99.0,23.3,0.7,0.0,376,7.8,0,4090.7,4050.6,14.0,-0.0783,7.5
2025-12-09,dongri-buzurg,Dongri Buzurg Opencast,4800,4071,48.2,85.7,89.3,96.1,22.5,1.5,0.0,729,15.2,1,4091.6,4048.0,14.3,-0.1519,7.1
2025-12-10,dongri-buzurg,Dongri Buzurg Opencast,4800,4123,49.7,86.0,91.0,95.8,22.5,1.5,0.0,677,14.1,1,4088.0,4043.6,14.25,-0.141,7.5
2025-12-11,dongri-buzurg,Dongri Buzurg Opencast,4800,4091,48.3,85.2,89.0,99.0,22.3,1.7,0.0,709,14.8,1,4121.7,4038.9,14.39,-0.1477,8.1
2025-12-12,dongri-buzurg,Dongri Buzurg Opencast,4800,4277,48.8,87.2,90.6,97.0,23.4,0.6,0.0,523,10.9,1,4149.4,4051.2,13.51,-0.109,7.3
2025-12-13,dongri-buzurg,Dongri Buzurg Opencast,4800,4050,48.2,86.9,94.8,91.2,23.0,1.0,0.0,750,15.6,1,4156.4,4050.1,14.04,-0.1562,7.6
2025-12-14,dongri-buzurg,Dongri Buzurg Opencast,4800,4246,48.0,86.7,86.4,98.1,22.2,1.8,0.0,554,11.5,1,4183.1,4050.0,13.4,-0.1154,8.8
2025-12-15,dongri-buzurg,Dongri Buzurg Opencast,4800,3954,48.0,87.5,90.9,94.1,22.3,1.7,0.0,846,17.6,1,4116.0,4048.4,14.45,-0.1762,9.8
2025-12-16,dongri-buzurg,Dongri Buzurg Opencast,4800,3897,48.9,86.3,90.4,91.7,22.7,1.3,0.0,903,18.8,1,4091.1,4052.7,15.54,-0.1881,9.6
2025-12-17,dongri-buzurg,Dongri Buzurg Opencast,4800,4409,47.8,86.5,94.9,97.8,23.5,0.5,0.0,391,8.1,0,4132.0,4064.5,13.68,-0.0815,8.6
2025-12-18,dongri-buzurg,Dongri Buzurg Opencast,4800,4092,48.9,86.6,87.3,93.4,22.5,1.5,0.0,708,14.8,1,4132.1,4067.5,13.96,-0.1475,8.4
2025-12-19,dongri-buzurg,Dongri Buzurg Opencast,4800,4239,48.2,85.6,91.7,97.8,23.1,0.9,0.0,561,11.7,1,4126.7,4064.4,13.39,-0.1169,8.7
2025-12-20,dongri-buzurg,Dongri Buzurg Opencast,4800,4248,48.4,86.0,87.7,98.3,22.1,1.9,0.0,552,11.5,1,4155.0,4070.7,12.92,-0.115,9.6
2025-12-21,dongri-buzurg,Dongri Buzurg Opencast,4800,4008,47.9,86.4,86.1,96.9,22.3,1.7,0.0,792,16.5,1,4121.0,4067.0,13.82,-0.165,9.5
2025-12-22,dongri-buzurg,Dongri Buzurg Opencast,4800,3891,47.9,85.2,92.3,93.1,22.3,1.7,0.0,909,18.9,1,4112.0,4058.9,15.09,-0.1894,9.5
2025-12-23,dongri-buzurg,Dongri Buzurg Opencast,4800,4150,48.1,85.3,89.8,94.3,23.4,0.6,0.0,650,13.5,1,4148.1,4066.0,14.69,-0.1354,8.8
2025-12-24,dongri-buzurg,Dongri Buzurg Opencast,4800,4007,48.8,85.3,92.6,94.5,23.3,0.7,0.0,793,16.5,1,4090.7,4059.9,15.14,-0.1652,9.0
2025-12-25,dongri-buzurg,Dongri Buzurg Opencast,4800,4016,47.9,84.7,88.7,95.4,22.2,1.8,0.0,784,16.3,1,4079.9,4057.9,15.43,-0.1633,9.3
2025-12-26,dongri-buzurg,Dongri Buzurg Opencast,4800,4260,47.5,87.4,95.1,96.2,23.0,1.0,0.0,540,11.2,1,4082.9,4104.2,14.37,-0.1125,9.4
2025-12-27,dongri-buzurg,Dongri Buzurg Opencast,4800,4221,47.9,86.8,95.8,92.5,23.3,0.7,0.0,579,12.1,1,4079.0,4111.7,13.81,-0.1206,8.2
2025-12-28,dongri-buzurg,Dongri Buzurg Opencast,4800,4089,49.0,86.4,90.1,94.1,23.3,0.7,0.0,711,14.8,1,4090.6,4112.6,14.05,-0.1481,7.2
2025-12-29,dongri-buzurg,Dongri Buzurg Opencast,4800,4257,48.0,87.5,87.1,97.5,22.8,1.2,0.0,543,11.3,1,4142.9,4108.3,13.37,-0.1131,6.7
2025-12-30,dongri-buzurg,Dongri Buzurg Opencast,4800,3879,48.5,85.2,86.3,90.0,22.4,1.6,0.0,921,19.2,1,4104.1,4100.3,14.82,-0.1919,7.7
2025-12-31,dongri-buzurg,Dongri Buzurg Opencast,4800,4339,48.6,87.1,92.6,98.2,23.0,1.0,0.0,461,9.6,0,4151.6,4115.0,13.52,-0.096,8.0
2026-01-01,dongri-buzurg,Dongri Buzurg Opencast,4800,4197,48.6,87.9,93.3,94.9,23.4,0.6,0.0,603,12.6,1,4177.4,4119.4,13.29,-0.1256,6.8
2026-01-02,dongri-buzurg,Dongri Buzurg Opencast,4800,3734,47.7,86.2,87.0,88.9,22.3,1.7,0.0,1066,22.2,1,4102.3,4105.6,15.52,-0.2221,7.5
2026-01-03,dongri-buzurg,Dongri Buzurg Opencast,4800,4085,48.5,85.4,88.8,92.3,23.1,0.9,0.0,715,14.9,1,4082.9,4113.2,15.36,-0.149,7.7
2026-01-04,dongri-buzurg,Dongri Buzurg Opencast,4800,3934,48.5,85.6,90.4,96.1,22.1,1.9,0.0,866,18.0,1,4060.7,4108.3,16.02,-0.1804,8.9
2026-01-05,dongri-buzurg,Dongri Buzurg Opencast,4800,4061,49.5,87.1,91.4,92.7,22.1,1.9,0.0,739,15.4,1,4032.7,4110.3,15.87,-0.154,9.6
2026-01-06,dongri-buzurg,Dongri Buzurg Opencast,4800,4094,47.9,84.7,92.9,94.0,22.6,1.4,0.0,706,14.7,1,4063.4,4111.4,15.57,-0.1471,9.4
2026-01-07,dongri-buzurg,Dongri Buzurg Opencast,4800,4084,47.2,86.5,93.6,91.7,22.6,1.4,0.0,716,14.9,1,4027.0,4100.1,15.41,-0.1492,9.8
2026-01-08,dongri-buzurg,Dongri Buzurg Opencast,4800,4142,47.6,85.6,89.0,97.7,23.1,0.9,0.0,658,13.7,1,4019.1,4102.5,14.98,-0.1371,10.1
2026-01-09,dongri-buzurg,Dongri Buzurg Opencast,4800,4077,48.7,86.4,94.0,90.3,22.9,1.1,0.0,723,15.1,1,4068.1,4100.9,15.01,-0.1506,9.5
2026-01-10,dongri-buzurg,Dongri Buzurg Opencast,4800,4110,48.1,86.5,89.0,95.5,23.0,1.0,0.0,690,14.4,1,4071.7,4101.6,14.86,-0.1438,9.6
2026-01-11,dongri-buzurg,Dongri Buzurg Opencast,4800,3997,49.0,87.3,91.3,93.1,22.3,1.7,0.0,803,16.7,1,4080.7,4092.2,15.32,-0.1673,9.4
2026-01-12,dongri-buzurg,Dongri Buzurg Opencast,4800,2911,48.3,85.2,63.8,92.6,16.2,7.8,0.0,1889,39.4,1,3916.4,4054.3,21.34,-0.3935,15.3
2026-01-13,dongri-buzurg,Dongri Buzurg Opencast,4800,4155,48.5,87.0,92.9,97.4,22.3,1.7,0.0,645,13.4,1,3925.1,4051.2,19.35,-0.1344,15.6
2026-01-14,dongri-buzurg,Dongri Buzurg Opencast,4800,4054,44.8,83.4,95.7,91.7,23.4,0.6,0.0,746,15.5,1,3920.9,4054.6,18.39,-0.1554,14.8
2026-01-15,dongri-buzurg,Dongri Buzurg Opencast,4800,4186,48.5,87.1,94.9,95.9,23.2,0.8,0.0,614,12.8,1,3927.1,4064.2,16.99,-0.1279,14.7
2026-01-16,dongri-buzurg,Dongri Buzurg Opencast,4800,4178,49.0,88.2,87.9,95.5,22.9,1.1,0.0,622,13.0,1,3941.6,4056.5,15.99,-0.1296,14.7
2026-01-17,dongri-buzurg,Dongri Buzurg Opencast,4800,4128,48.6,86.0,90.2,93.9,22.9,1.1,0.0,672,14.0,1,3944.1,4057.7,15.5,-0.14,14.8
2026-01-18,dongri-buzurg,Dongri Buzurg Opencast,4800,4151,48.0,86.3,89.5,94.6,23.3,0.7,0.0,649,13.5,1,3966.1,4054.8,15.0,-0.1352,13.8
2026-01-19,dongri-buzurg,Dongri Buzurg Opencast,4800,3698,48.5,86.0,86.0,90.1,22.3,1.7,0.0,1102,23.0,1,4078.6,4036.4,17.0,-0.2296,7.7
2026-01-20,dongri-buzurg,Dongri Buzurg Opencast,4800,4309,48.7,88.1,89.6,93.7,23.2,0.8,0.0,491,10.2,1,4100.6,4046.5,15.3,-0.1023,6.8
2026-01-21,dongri-buzurg,Dongri Buzurg Opencast,4800,4076,48.5,86.4,90.0,94.5,22.3,1.7,0.0,724,15.1,1,4103.7,4052.6,15.25,-0.1508,7.9
2026-01-22,dongri-buzurg,Dongri Buzurg Opencast,4800,4096,48.9,86.3,87.8,95.1,22.9,1.1,0.0,704,14.7,1,4090.9,4050.8,15.11,-0.1467,8.2
2026-01-23,dongri-buzurg,Dongri Buzurg Opencast,4800,4135,49.1,87.8,90.0,94.0,22.5,1.5,0.0,665,13.9,1,4084.7,4055.1,14.81,-0.1385,8.6
2026-01-24,dongri-buzurg,Dongri Buzurg Opencast,4800,4264,47.2,84.7,89.0,98.0,22.8,1.2,0.0,536,11.2,1,4104.1,4063.4,13.91,-0.1117,8.7
2026-01-25,dongri-buzurg,Dongri Buzurg Opencast,4800,3907,47.7,85.0,85.4,95.4,22.1,1.9,0.0,893,18.6,1,4069.3,4051.6,15.08,-0.186,9.9
2026-01-26,dongri-buzurg,Dongri Buzurg Opencast,4800,4092,48.4,87.2,90.3,92.0,23.5,0.5,0.0,708,14.8,1,4125.6,4047.3,15.01,-0.1475,8.7
2026-01-27,dongri-buzurg,Dongri Buzurg Opencast,4800,4169,48.9,87.2,86.5,95.3,22.5,1.5,0.0,631,13.1,1,4105.6,4050.0,14.53,-0.1315,9.4
2026-01-28,dongri-buzurg,Dongri Buzurg Opencast,4800,4117,48.2,86.7,90.1,96.1,22.3,1.7,0.0,683,14.2,1,4111.4,4045.3,14.45,-0.1423,9.4
2026-01-29,dongri-buzurg,Dongri Buzurg Opencast,4800,4042,48.1,86.9,89.8,93.1,23.1,0.9,0.0,758,15.8,1,4103.7,4050.7,14.79,-0.1579,9.2
2026-01-30,dongri-buzurg,Dongri Buzurg Opencast,4800,4192,48.8,85.9,94.6,94.0,23.4,0.6,0.0,608,12.7,1,4111.9,4045.8,14.27,-0.1267,8.3
2026-01-31,dongri-buzurg,Dongri Buzurg Opencast,4800,4187,50.0,87.7,89.6,94.6,23.4,0.6,0.0,613,12.8,1,4100.9,4045.5,13.9,-0.1277,7.7
2026-02-01,dongri-buzurg,Dongri Buzurg Opencast,4800,4030,47.5,84.9,90.6,96.6,22.6,1.4,0.0,770,16.0,1,4118.4,4055.4,14.42,-0.1604,7.2
2026-02-02,dongri-buzurg,Dongri Buzurg Opencast,4800,4104,48.8,86.2,89.8,99.0,22.3,1.7,0.0,696,14.5,1,4120.1,4056.0,14.44,-0.145,8.4
2026-02-03,dongri-buzurg,Dongri Buzurg Opencast,4800,4539,48.1,86.3,96.3,98.6,23.5,0.5,0.0,261,5.4,0,4173.0,4076.2,12.18,-0.0544,7.4
2026-02-04,dongri-buzurg,Dongri Buzurg Opencast,4800,4036,49.0,85.9,94.0,94.9,22.8,1.2,0.0,764,15.9,1,4161.4,4075.3,13.11,-0.1592,6.9
2026-02-05,dongri-buzurg,Dongri Buzurg Opencast,4800,4074,48.6,86.3,91.9,99.0,22.3,1.7,0.0,726,15.1,1,4166.0,4074.7,13.61,-0.1512,7.7
2026-02-06,dongri-buzurg,Dongri Buzurg Opencast,4800,3992,48.3,86.0,92.4,94.1,23.0,1.0,0.0,808,16.8,1,4137.4,4071.6,14.41,-0.1683,8.1
2026-02-07,dongri-buzurg,Dongri Buzurg Opencast,4800,4014,47.7,85.3,89.3,95.7,22.5,1.5,0.0,786,16.4,1,4112.7,4067.3,14.9,-0.1638,9.0
2026-02-08,dongri-buzurg,Dongri Buzurg Opencast,4800,3987,46.9,85.1,93.6,93.4,22.5,1.5,0.0,813,16.9,1,4106.6,4064.3,15.4,-0.1694,9.1
2026-02-09,dongri-buzurg,Dongri Buzurg Opencast,4800,4355,48.8,86.4,94.2,95.6,23.3,0.7,0.0,445,9.3,0,4142.4,4072.5,13.88,-0.0927,8.1
2026-02-10,dongri-buzurg,Dongri Buzurg Opencast,4800,4273,48.3,85.0,96.3,96.0,23.5,0.5,0.0,527,11.0,1,4104.4,4081.7,13.16,-0.1098,8.1
2026-02-11,dongri-buzurg,Dongri Buzurg Opencast,4800,4118,48.3,85.1,89.7,96.2,22.9,1.1,0.0,682,14.2,1,4116.1,4121.9,13.42,-0.1421,8.0
2026-02-12,dongri-buzurg,Dongri Buzurg Opencast,4800,4137,48.5,85.9,92.4,97.2,22.3,1.7,0.0,663,13.8,1,4125.1,4121.3,13.51,-0.1381,8.0
2026-02-13,dongri-buzurg,Dongri Buzurg Opencast,4800,3906,47.9,86.2,89.2,95.2,22.2,1.8,0.0,894,18.6,1,4112.9,4116.4,14.79,-0.1862,8.8
2026-02-14,dongri-buzurg,Dongri Buzurg Opencast,4800,4111,48.4,85.9,92.6,96.0,23.1,0.9,0.0,689,14.4,1,4126.7,4113.9,14.69,-0.1435,8.2
2026-02-15,dongri-buzurg,Dongri Buzurg Opencast,4800,4361,48.7,87.7,88.8,96.5,22.6,1.4,0.0,439,9.1,0,4180.1,4120.0,13.29,-0.0915,8.1
2026-02-16,dongri-buzurg,Dongri Buzurg Opencast,4800,3835,49.0,86.0,86.3,93.1,22.1,1.9,0.0,965,20.1,1,4105.9,4110.2,14.99,-0.201,9.3
2026-02-17,dongri-buzurg,Dongri Buzurg Opencast,4800,4260,48.8,85.5,89.4,98.3,23.3,0.7,0.0,540,11.2,1,4104.0,4113.9,14.05,-0.1125,9.5
2026-02-18,dongri-buzurg,Dongri Buzurg Opencast,4800,3833,49.3,86.3,91.2,87.9,23.0,1.0,0.0,967,20.1,1,4063.3,4118.4,15.56,-0.2015,9.4
2026-02-19,dongri-buzurg,Dongri Buzurg Opencast,4800,4324,49.1,87.0,90.6,97.7,23.4,0.6,0.0,476,9.9,0,4090.0,4118.9,14.14,-0.0992,8.3
2026-02-20,dongri-buzurg,Dongri Buzurg Opencast,4800,4322,48.5,87.7,89.4,97.5,22.9,1.1,0.0,478,10.0,1,4149.4,4127.1,13.11,-0.0996,7.6
2026-02-21,dongri-buzurg,Dongri Buzurg Opencast,4800,4149,48.9,87.0,92.7,93.2,22.7,1.3,0.0,651,13.6,1,4154.9,4128.8,13.23,-0.1356,8.0
2026-02-22,dongri-buzurg,Dongri Buzurg Opencast,4800,3947,49.3,86.8,89.7,90.7,22.7,1.3,0.0,853,17.8,1,4095.7,4122.6,14.37,-0.1777,7.9
2026-02-23,dongri-buzurg,Dongri Buzurg Opencast,4800,4249,48.2,85.5,93.5,96.1,22.7,1.3,0.0,551,11.5,1,4154.9,4122.1,13.66,-0.1148,7.3
2026-02-24,dongri-buzurg,Dongri Buzurg Opencast,4800,3867,48.3,85.1,93.7,92.6,22.7,1.3,0.0,933,19.4,1,4098.7,4120.7,15.09,-0.1944,7.9
2026-02-25,dongri-buzurg,Dongri Buzurg Opencast,4800,3827,47.7,87.0,89.3,90.7,22.3,1.7,0.0,973,20.3,1,4097.9,4111.9,16.39,-0.2027,8.6
2026-02-26,dongri-buzurg,Dongri Buzurg Opencast,4800,4195,47.9,84.8,88.9,95.8,22.7,1.3,0.0,605,12.6,1,4079.4,4112.8,15.45,-0.126,9.3
2026-02-27,dongri-buzurg,Dongri Buzurg Opencast,4800,4148,48.3,85.0,88.7,93.6,23.0,1.0,0.0,652,13.6,1,4054.6,4113.8,14.98,-0.1358,9.2
2026-02-28,dongri-buzurg,Dongri Buzurg Opencast,4800,3145,48.9,88.1,67.3,94.7,17.0,7.0,0.0,1655,34.5,1,3911.1,4083.9,19.86,-0.3448,14.9
2026-03-01,dongri-buzurg,Dongri Buzurg Opencast,4800,4297,48.2,86.5,87.2,99.0,22.2,1.8,0.0,503,10.5,1,3961.1,4087.4,17.52,-0.1048,15.4
2026-03-02,dongri-buzurg,Dongri Buzurg Opencast,4800,4268,47.9,85.6,95.9,95.2,23.1,0.9,0.0,532,11.1,1,3963.9,4090.1,15.92,-0.1108,15.0
2026-03-03,dongri-buzurg,Dongri Buzurg Opencast,4800,3951,48.7,85.4,90.0,95.9,22.1,1.9,0.0,849,17.7,1,3975.9,4087.5,16.36,-0.1769,15.6
2026-03-04,dongri-buzurg,Dongri Buzurg Opencast,4800,4007,49.5,86.6,94.7,93.9,23.1,0.9,0.0,793,16.5,1,4001.6,4084.2,16.4,-0.1652,14.8
2026-03-05,dongri-buzurg,Dongri Buzurg Opencast,4800,4078,47.1,84.3,93.3,94.2,23.0,1.0,0.0,722,15.0,1,3984.9,4068.9,16.05,-0.1504,14.5
2026-03-06,dongri-buzurg,Dongri Buzurg Opencast,4800,4285,48.4,85.7,95.1,97.6,23.0,1.0,0.0,515,10.7,1,4004.4,4077.2,14.71,-0.1073,14.5
2026-03-07,dongri-buzurg,Dongri Buzurg Opencast,4800,4153,48.8,87.3,90.2,91.9,22.7,1.3,0.0,647,13.5,1,4148.4,4079.8,14.41,-0.1348,8.8
2026-03-08,dongri-buzurg,Dongri Buzurg Opencast,4800,4385,48.6,87.6,93.1,94.0,23.3,0.7,0.0,415,8.6,0,4161.0,4092.9,12.96,-0.0865,7.7
2026-03-09,dongri-buzurg,Dongri Buzurg Opencast,4800,3786,48.4,86.6,92.7,89.3,22.5,1.5,0.0,1014,21.1,1,4092.1,4085.3,14.99,-0.2112,8.3
2026-03-10,dongri-buzurg,Dongri Buzurg Opencast,4800,3952,49.0,85.4,92.7,93.7,22.3,1.7,0.0,848,17.7,1,4092.3,4084.1,15.67,-0.1767,8.1
2026-03-11,dongri-buzurg,Dongri Buzurg Opencast,4800,3895,48.4,86.0,91.4,93.5,22.0,2.0,0.0,905,18.9,1,4076.3,4068.8,16.48,-0.1885,9.2
2026-03-12,dongri-buzurg,Dongri Buzurg Opencast,4800,4107,47.5,87.2,89.4,95.5,22.8,1.2,0.0,693,14.4,1,4080.4,4063.3,15.96,-0.1444,9.4
2026-03-13,dongri-buzurg,Dongri Buzurg Opencast,4800,4106,48.9,85.7,92.4,93.0,22.6,1.4,0.0,694,14.5,1,4054.9,4062.9,15.59,-0.1446,9.8
2026-03-14,dongri-buzurg,Dongri Buzurg Opencast,4800,4089,48.1,85.8,95.4,91.9,23.4,0.6,0.0,711,14.8,1,4045.7,4061.3,15.39,-0.1481,9.1
2026-03-15,dongri-buzurg,Dongri Buzurg Opencast,4800,4323,48.0,86.9,90.9,99.0,22.8,1.2,0.0,477,9.9,0,4036.9,4075.2,14.02,-0.0994,9.6
2026-03-16,dongri-buzurg,Dongri Buzurg Opencast,4800,4227,48.6,86.6,95.5,95.7,23.0,1.0,0.0,573,11.9,1,4099.9,4079.0,13.49,-0.1194,9.1
2026-03-17,dongri-buzurg,Dongri Buzurg Opencast,4800,4137,48.9,85.7,90.7,95.9,22.8,1.2,0.0,663,13.8,1,4126.3,4071.6,13.57,-0.1381,8.6
2026-03-18,dongri-buzurg,Dongri Buzurg Opencast,4800,4275,44.2,83.4,89.5,99.0,23.2,0.8,0.0,525,10.9,1,4180.6,4086.2,12.9,-0.1094,7.4
2026-03-19,dongri-buzurg,Dongri Buzurg Opencast,4800,4189,48.7,86.9,93.3,92.6,23.4,0.6,0.0,611,12.7,1,4192.3,4083.9,12.85,-0.1273,6.8
2026-03-20,dongri-buzurg,Dongri Buzurg Opencast,4800,3788,48.3,85.8,87.2,91.9,22.0,2.0,0.0,1012,21.1,1,4146.9,4082.4,14.91,-0.2108,7.4
2026-03-21,dongri-buzurg,Dongri Buzurg Opencast,4800,4354,47.9,86.0,91.4,99.0,23.5,0.5,0.0,446,9.3,0,4184.7,4083.4,13.51,-0.0929,7.3
2026-03-22,dongri-buzurg,Dongri Buzurg Opencast,4800,4103,49.0,86.6,92.0,92.2,23.4,0.6,0.0,697,14.5,1,4153.3,4076.1,13.76,-0.1452,6.7
2026-03-23,dongri-buzurg,Dongri Buzurg Opencast,4800,4014,47.8,85.8,90.3,96.7,22.0,2.0,0.0,786,16.4,1,4122.9,4071.6,14.42,-0.1638,7.7
2026-03-24,dongri-buzurg,Dongri Buzurg Opencast,4800,4145,48.2,86.9,90.7,96.8,22.8,1.2,0.0,655,13.6,1,4124.0,4078.2,14.21,-0.1365,7.7
2026-03-25,dongri-buzurg,Dongri Buzurg Opencast,4800,4007,48.9,87.0,90.6,92.8,22.5,1.5,0.0,793,16.5,1,4085.7,4070.1,14.79,-0.1652,8.4
2026-03-26,dongri-buzurg,Dongri Buzurg Opencast,4800,4061,48.1,86.9,88.4,94.2,22.5,1.5,0.0,739,15.4,1,4067.4,4076.6,14.94,-0.154,9.3
2026-03-27,dongri-buzurg,Dongri Buzurg Opencast,4800,4297,48.6,87.7,94.4,94.6,23.2,0.8,0.0,503,10.5,1,4140.1,4092.2,13.83,-0.1048,8.1
2026-03-28,dongri-buzurg,Dongri Buzurg Opencast,4800,4122,48.0,86.0,90.2,95.9,23.0,1.0,0.0,678,14.1,1,4107.0,4089.8,13.9,-0.1412,8.6
2026-03-29,dongri-buzurg,Dongri Buzurg Opencast,4800,4225,47.9,85.8,92.9,95.2,22.8,1.2,0.0,575,12.0,1,4124.4,4092.4,13.42,-0.1198,9.2
2026-03-30,dongri-buzurg,Dongri Buzurg Opencast,4800,4045,49.5,87.2,94.6,91.3,23.2,0.8,0.0,755,15.7,1,4128.9,4122.4,13.99,-0.1573,8.0
2026-03-31,dongri-buzurg,Dongri Buzurg Opencast,4800,3993,47.6,85.5,88.7,91.5,22.9,1.1,0.0,807,16.8,1,4107.1,4112.2,14.69,-0.1681,7.9
2026-04-01,dongri-buzurg,Dongri Buzurg Opencast,4800,4017,49.2,86.4,91.4,95.1,22.9,1.1,0.0,783,16.3,1,4108.6,4103.9,15.1,-0.1631,7.5
2026-04-02,dongri-buzurg,Dongri Buzurg Opencast,4800,3974,48.1,86.3,93.6,90.0,23.3,0.7,0.0,826,17.2,1,4096.1,4104.6,15.62,-0.1721,6.7
2026-04-03,dongri-buzurg,Dongri Buzurg Opencast,4800,4185,48.4,87.6,87.7,96.3,22.6,1.4,0.0,615,12.8,1,4080.1,4110.6,14.92,-0.1281,7.3
2026-04-04,dongri-buzurg,Dongri Buzurg Opencast,4800,4234,48.6,85.5,96.9,97.7,23.4,0.6,0.0,566,11.8,1,4096.1,4115.8,14.14,-0.1179,6.9
2026-04-05,dongri-buzurg,Dongri Buzurg Opencast,4800,4503,48.6,86.4,96.0,98.1,23.3,0.7,0.0,297,6.2,0,4135.9,4123.0,12.15,-0.0619,6.4
2026-04-06,dongri-buzurg,Dongri Buzurg Opencast,4800,3886,47.5,84.4,85.4,97.5,22.1,1.9,0.0,914,19.0,1,4113.1,4114.1,13.86,-0.1904,7.5
2026-04-07,dongri-buzurg,Dongri Buzurg Opencast,4800,4160,48.7,85.8,94.3,98.0,23.1,0.9,0.0,640,13.3,1,4137.0,4106.6,13.72,-0.1333,7.3
2026-04-08,dongri-buzurg,Dongri Buzurg Opencast,4800,4257,48.7,86.3,90.5,99.0,22.4,1.6,0.0,543,11.3,1,4171.3,4122.3,13.12,-0.1131,7.8
2026-04-09,dongri-buzurg,Dongri Buzurg Opencast,4800,4156,49.0,87.6,96.5,91.7,23.4,0.6,0.0,644,13.4,1,4197.3,4129.1,13.19,-0.1342,7.7
2026-04-10,dongri-buzurg,Dongri Buzurg Opencast,4800,4220,48.9,87.1,92.6,97.4,23.0,1.0,0.0,580,12.1,1,4202.3,4140.0,12.92,-0.1208,7.3
2026-04-11,dongri-buzurg,Dongri Buzurg Opencast,4800,4116,48.5,85.7,96.3,95.3,23.2,0.8,0.0,684,14.2,1,4185.4,4140.3,13.24,-0.1425,7.5
2026-04-12,dongri-buzurg,Dongri Buzurg Opencast,4800,4235,48.6,86.7,90.1,95.6,22.9,1.1,0.0,565,11.8,1,4147.1,4144.6,12.88,-0.1177,7.9
2026-04-13,dongri-buzurg,Dongri Buzurg Opencast,4800,4118,47.7,85.3,88.1,95.1,22.7,1.3,0.0,682,14.2,1,4180.3,4145.5,13.21,-0.1421,7.3
2026-04-14,dongri-buzurg,Dongri Buzurg Opencast,4800,4220,49.6,88.5,85.1,95.0,22.2,1.8,0.0,580,12.1,1,4188.9,4142.1,12.93,-0.1208,8.2
2026-04-15,dongri-buzurg,Dongri Buzurg Opencast,4800,4242,47.2,87.2,91.1,96.7,23.3,0.7,0.0,558,11.6,1,4186.7,4142.6,12.6,-0.1162,7.3
2026-04-16,dongri-buzurg,Dongri Buzurg Opencast,4800,2832,48.6,86.9,60.9,96.1,15.9,8.1,0.0,1968,41.0,1,3997.6,4099.1,19.7,-0.41,14.8
2026-04-17,dongri-buzurg,Dongri Buzurg Opencast,4800,4211,48.7,86.6,89.6,99.0,22.9,1.1,0.0,589,12.3,1,3996.3,4097.0,17.85,-0.1227,14.9
2026-04-18,dongri-buzurg,Dongri Buzurg Opencast,4800,3945,49.0,85.3,91.6,96.2,22.2,1.8,0.0,855,17.8,1,3971.9,4088.8,17.84,-0.1781,15.9
2026-04-19,dongri-buzurg,Dongri Buzurg Opencast,4800,4078,48.8,87.2,86.9,92.5,22.6,1.4,0.0,722,15.0,1,3949.4,4098.5,17.13,-0.1504,16.2
2026-04-20,dongri-buzurg,Dongri Buzurg Opencast,4800,4233,49.2,87.9,94.2,91.3,23.2,0.8,0.0,567,11.8,1,3965.9,4094.5,15.8,-0.1181,15.7
2026-04-21,dongri-buzurg,Dongri Buzurg Opencast,4800,4030,47.5,84.5,89.9,94.2,23.0,1.0,0.0,770,16.0,1,3938.7,4092.0,15.85,-0.1604,14.9
2026-04-22,dongri-buzurg,Dongri Buzurg Opencast,4800,4053,48.6,86.1,89.6,92.1,22.5,1.5,0.0,747,15.6,1,3911.7,4093.3,15.79,-0.1556,15.7
2026-04-23,dongri-buzurg,Dongri Buzurg Opencast,4800,4340,48.7,87.1,90.2,95.6,22.8,1.2,0.0,460,9.6,0,4127.1,4099.8,14.24,-0.0958,8.8
2026-04-24,dongri-buzurg,Dongri Buzurg Opencast,4800,4140,48.3,87.8,93.7,94.7,22.6,1.4,0.0,660,13.8,1,4117.0,4104.3,14.13,-0.1375,9.1
2026-04-25,dongri-buzurg,Dongri Buzurg Opencast,4800,3956,48.2,86.3,91.6,90.9,23.3,0.7,0.0,844,17.6,1,4118.6,4100.8,15.0,-0.1758,8.0
2026-04-26,dongri-buzurg,Dongri Buzurg Opencast,4800,4183,48.6,85.6,96.5,93.2,23.3,0.7,0.0,617,12.9,1,4133.6,4097.0,14.47,-0.1285,7.3
2026-04-27,dongri-buzurg,Dongri Buzurg Opencast,4800,4372,49.2,88.3,89.9,97.4,22.8,1.2,0.0,428,8.9,0,4153.4,4105.3,13.08,-0.0892,7.7
2026-04-28,dongri-buzurg,Dongri Buzurg Opencast,4800,4024,48.5,85.9,91.1,89.4,23.1,0.9,0.0,776,16.2,1,4152.6,4098.6,13.86,-0.1617,7.6
2026-04-29,dongri-buzurg,Dongri Buzurg Opencast,4800,4117,49.4,87.0,88.3,95.9,22.2,1.8,0.0,683,14.2,1,4161.7,4101.0,13.94,-0.1423,7.9
2026-04-30,dongri-buzurg,Dongri Buzurg Opencast,4800,4361,48.9,85.9,94.3,99.0,22.8,1.2,0.0,439,9.1,0,4164.7,4113.3,12.73,-0.0915,7.9
2026-05-01,dongri-buzurg,Dongri Buzurg Opencast,4800,4409,48.2,87.1,90.5,97.2,23.4,0.6,0.0,391,8.1,0,4203.1,4126.3,11.58,-0.0815,7.1
2026-05-02,dongri-buzurg,Dongri Buzurg Opencast,4800,4199,49.5,87.8,91.0,92.9,22.5,1.5,0.0,601,12.5,1,4237.9,4133.8,11.81,-0.1252,7.9
2026-05-03,dongri-buzurg,Dongri Buzurg Opencast,4800,4194,49.3,86.8,97.3,91.7,23.4,0.6,0.0,606,12.6,1,4239.4,4134.1,12.0,-0.1262,7.8
2026-05-04,dongri-buzurg,Dongri Buzurg Opencast,4800,3852,48.1,84.9,94.4,91.8,22.8,1.2,0.0,948,19.8,1,4165.1,4121.4,13.95,-0.1975,7.8
2026-05-05,dongri-buzurg,Dongri Buzurg Opencast,4800,4300,48.5,88.0,87.1,95.7,22.7,1.3,0.0,500,10.4,1,4204.6,4114.6,13.07,-0.1042,8.2
2026-05-06,dongri-buzurg,Dongri Buzurg Opencast,4800,4101,48.4,87.5,90.4,96.8,22.7,1.3,0.0,699,14.6,1,4202.3,4121.8,13.45,-0.1456,7.7
2026-05-07,dongri-buzurg,Dongri Buzurg Opencast,4800,3889,48.1,85.8,90.4,95.6,22.1,1.9,0.0,911,19.0,1,4134.9,4112.8,14.84,-0.1898,8.4
2026-05-08,dongri-buzurg,Dongri Buzurg Opencast,4800,4114,48.1,86.0,92.1,96.3,23.0,1.0,0.0,686,14.3,1,4092.7,4108.0,14.7,-0.1429,8.8
2026-05-09,dongri-buzurg,Dongri Buzurg Opencast,4800,4356,47.7,87.1,91.6,97.6,23.3,0.7,0.0,444,9.2,0,4115.1,4114.7,13.33,-0.0925,8.0
2026-05-10,dongri-buzurg,Dongri Buzurg Opencast,4800,4031,49.0,87.7,85.4,92.9,22.2,1.8,0.0,769,16.0,1,4091.9,4108.4,14.0,-0.1602,9.2
2026-05-11,dongri-buzurg,Dongri Buzurg Opencast,4800,4234,48.0,86.9,88.8,98.8,22.5,1.5,0.0,566,11.8,1,4146.4,4112.3,13.45,-0.1179,9.5
2026-05-12,dongri-buzurg,Dongri Buzurg Opencast,4800,4082,49.6,87.7,91.3,95.1,22.4,1.6,0.0,718,15.0,1,4115.3,4107.2,13.83,-0.1496,9.8
2026-05-13,dongri-buzurg,Dongri Buzurg Opencast,4800,4011,48.2,86.5,88.4,97.7,22.2,1.8,0.0,789,16.4,1,4102.4,4103.6,14.48,-0.1644,10.3
2026-05-14,dongri-buzurg,Dongri Buzurg Opencast,4800,3791,48.4,86.2,91.9,89.7,22.1,1.9,0.0,1009,21.0,1,4088.4,4089.3,16.11,-0.2102,10.3
2026-05-15,dongri-buzurg,Dongri Buzurg Opencast,4800,4064,48.0,84.9,93.3,99.0,22.4,1.6,0.0,736,15.3,1,4081.3,4083.4,15.91,-0.1533,10.9
2025-01-01,gumgaon,Gumgaon Incline Mine,2800,2197,38.4,85.3,91.3,87.2,23.3,0.7,0.0,603,21.5,1,2197.0,2197.0,21.5,-0.2154,0.7
2025-01-02,gumgaon,Gumgaon Incline Mine,2800,2375,38.0,86.9,92.5,88.6,23.2,0.8,0.0,425,15.2,1,2286.0,2286.0,17.9,-0.1518,1.5
2025-01-03,gumgaon,Gumgaon Incline Mine,2800,2134,39.1,86.1,92.1,84.2,22.9,1.1,0.0,666,23.8,1,2235.3,2235.3,20.45,-0.2379,2.6
2025-01-04,gumgaon,Gumgaon Incline Mine,2800,2258,38.9,87.6,93.8,88.6,22.7,1.3,0.0,542,19.4,1,2241.0,2241.0,20.07,-0.1936,3.9
2025-01-05,gumgaon,Gumgaon Incline Mine,2800,2344,38.0,85.0,90.7,94.6,22.5,1.5,0.0,456,16.3,1,2261.6,2261.6,18.83,-0.1629,5.4
2025-01-06,gumgaon,Gumgaon Incline Mine,2800,2177,38.2,85.3,88.0,88.8,22.3,1.7,0.0,623,22.2,1,2247.5,2247.5,19.86,-0.2225,7.1
2025-01-07,gumgaon,Gumgaon Incline Mine,2800,2356,39.0,87.0,92.3,91.5,23.1,0.9,0.0,444,15.9,1,2263.0,2263.0,18.71,-0.1586,8.0
2025-01-08,gumgaon,Gumgaon Incline Mine,2800,2363,38.4,87.9,95.9,88.3,23.4,0.6,0.0,437,15.6,1,2286.7,2275.5,17.85,-0.1561,7.9
2025-01-09,gumgaon,Gumgaon Incline Mine,2800,2343,37.8,87.4,91.2,85.8,23.5,0.5,0.0,457,16.3,1,2282.1,2283.0,17.43,-0.1632,7.6
2025-01-10,gumgaon,Gumgaon Incline Mine,2800,2306,39.7,86.7,90.7,94.7,22.5,1.5,0.0,494,17.6,1,2306.7,2285.3,17.48,-0.1764,8.0
2025-01-11,gumgaon,Gumgaon Incline Mine,2800,2248,37.5,84.9,91.7,94.4,22.2,1.8,0.0,552,19.7,1,2305.3,2281.9,18.06,-0.1971,8.5
2025-01-12,gumgaon,Gumgaon Incline Mine,2800,2208,37.6,85.0,93.1,86.8,23.3,0.7,0.0,592,21.1,1,2285.9,2275.8,18.84,-0.2114,7.7
2025-01-13,gumgaon,Gumgaon Incline Mine,2800,2282,39.1,85.6,92.9,90.2,22.8,1.2,0.0,518,18.5,1,2300.9,2276.2,18.75,-0.185,7.2
2025-01-14,gumgaon,Gumgaon Incline Mine,2800,2453,38.2,87.4,89.6,91.1,23.4,0.6,0.0,347,12.4,1,2314.7,2288.9,17.14,-0.1239,6.9
2025-01-15,gumgaon,Gumgaon Incline Mine,2800,2294,38.6,87.9,91.1,91.6,22.9,1.1,0.0,506,18.1,1,2304.9,2289.2,17.38,-0.1807,7.4
2025-01-16,gumgaon,Gumgaon Incline Mine,2800,2290,38.8,86.2,93.8,87.1,23.3,0.7,0.0,510,18.2,1,2297.3,2289.2,17.59,-0.1821,7.6
2025-01-17,gumgaon,Gumgaon Incline Mine,2800,2316,38.3,87.3,86.3,90.6,22.2,1.8,0.0,484,17.3,1,2298.7,2290.8,17.52,-0.1729,7.9
2025-01-18,gumgaon,Gumgaon Incline Mine,2800,2206,39.2,86.8,95.3,84.8,23.1,0.9,0.0,594,21.2,1,2292.7,2286.1,18.44,-0.2121,7.0
2025-01-19,gumgaon,Gumgaon Incline Mine,2800,2097,38.4,87.4,86.5,83.4,22.5,1.5,0.0,703,25.1,1,2276.9,2276.2,20.11,-0.2511,7.8
2025-01-20,gumgaon,Gumgaon Incline Mine,2800,2182,39.1,85.4,89.9,92.5,22.1,1.9,0.0,618,22.1,1,2262.6,2271.4,20.61,-0.2207,8.5
2025-01-21,gumgaon,Gumgaon Incline Mine,2800,2445,38.8,88.0,91.7,94.1,22.3,1.7,0.0,355,12.7,1,2261.4,2279.7,18.63,-0.1268,9.6
2025-01-22,gumgaon,Gumgaon Incline Mine,2800,2172,38.0,86.8,93.9,88.8,22.6,1.4,0.0,628,22.4,1,2244.0,2274.8,19.57,-0.2243,9.9
2025-01-23,gumgaon,Gumgaon Incline Mine,2800,2223,38.9,87.7,88.0,86.4,22.1,1.9,0.0,577,20.6,1,2234.4,2272.6,19.83,-0.2061,11.1
2025-01-24,gumgaon,Gumgaon Incline Mine,2800,2311,39.2,86.3,95.0,91.3,23.2,0.8,0.0,489,17.5,1,2233.7,2274.2,19.25,-0.1746,10.1
2025-01-25,gumgaon,Gumgaon Incline Mine,2800,2310,39.0,85.7,88.7,90.7,22.8,1.2,0.0,490,17.5,1,2248.6,2275.6,18.81,-0.175,10.4
2025-01-26,gumgaon,Gumgaon Incline Mine,2800,2259,37.9,87.0,94.9,86.7,23.3,0.7,0.0,541,19.3,1,2271.7,2275.0,18.93,-0.1932,9.6
2025-01-27,gumgaon,Gumgaon Incline Mine,2800,2228,38.3,85.1,93.0,89.8,22.5,1.5,0.0,572,20.4,1,2278.3,2273.2,19.3,-0.2043,9.2
2025-01-28,gumgaon,Gumgaon Incline Mine,2800,2158,39.1,85.8,93.4,87.0,22.5,1.5,0.0,642,22.9,1,2237.3,2269.1,20.2,-0.2293,9.0
2025-01-29,gumgaon,Gumgaon Incline Mine,2800,2228,37.9,85.7,89.1,90.7,22.3,1.7,0.0,572,20.4,1,2245.3,2267.7,20.25,-0.2043,9.3
2025-01-30,gumgaon,Gumgaon Incline Mine,2800,2297,38.6,87.3,89.6,92.1,22.3,1.7,0.0,503,18.0,1,2255.9,2268.7,19.69,-0.1796,9.1
2025-01-31,gumgaon,Gumgaon Incline Mine,2800,2156,37.7,85.5,90.1,89.3,22.3,1.7,0.0,644,23.0,1,2233.7,2267.3,20.52,-0.23,10.0
2025-02-01,gumgaon,Gumgaon Incline Mine,2800,2375,38.7,87.0,89.4,88.7,23.1,0.9,0.0,425,15.2,1,2243.0,2267.3,19.19,-0.1518,9.7
2025-02-02,gumgaon,Gumgaon Incline Mine,2800,2401,39.7,88.6,91.4,87.9,23.3,0.7,0.0,399,14.2,1,2263.3,2276.2,17.94,-0.1425,9.7
2025-02-03,gumgaon,Gumgaon Incline Mine,2800,2143,38.5,85.5,86.5,88.6,22.1,1.9,0.0,657,23.5,1,2251.1,2272.4,19.33,-0.2346,10.1
2025-02-04,gumgaon,Gumgaon Incline Mine,2800,2320,37.6,86.6,89.5,88.7,22.7,1.3,0.0,480,17.1,1,2274.3,2271.6,18.77,-0.1714,9.9
2025-02-05,gumgaon,Gumgaon Incline Mine,2800,2121,38.5,86.6,90.4,83.8,22.8,1.2,0.0,679,24.2,1,2259.0,2269.7,20.13,-0.2425,9.4
2025-02-06,gumgaon,Gumgaon Incline Mine,2800,2328,38.9,86.4,91.4,91.3,23.1,0.9,0.0,472,16.9,1,2263.4,2268.8,19.32,-0.1686,8.6
2025-02-07,gumgaon,Gumgaon Incline Mine,2800,2256,38.3,85.8,95.8,86.9,23.2,0.8,0.0,544,19.4,1,2277.7,2265.2,19.34,-0.1943,7.7
2025-02-08,gumgaon,Gumgaon Incline Mine,2800,2200,37.8,84.8,87.4,94.2,22.0,2.0,0.0,600,21.4,1,2252.7,2260.4,19.86,-0.2143,8.8
2025-02-09,gumgaon,Gumgaon Incline Mine,2800,2261,37.7,86.3,85.0,94.1,22.3,1.7,0.0,539,19.2,1,2232.7,2258.9,19.69,-0.1925,9.8
2025-02-10,gumgaon,Gumgaon Incline Mine,2800,2167,38.9,85.9,89.1,85.8,22.8,1.2,0.0,633,22.6,1,2236.1,2256.2,20.42,-0.2261,9.1
2025-02-11,gumgaon,Gumgaon Incline Mine,2800,2145,38.2,87.2,91.4,85.0,22.4,1.6,0.0,655,23.4,1,2211.1,2254.1,21.16,-0.2339,9.4
2025-02-12,gumgaon,Gumgaon Incline Mine,2800,2161,38.8,88.1,91.5,86.8,22.5,1.5,0.0,639,22.8,1,2216.9,2250.1,21.57,-0.2282,9.7
2025-02-13,gumgaon,Gumgaon Incline Mine,2800,2142,38.9,85.3,88.0,88.1,22.3,1.7,0.0,658,23.5,1,2190.3,2239.7,22.05,-0.235,10.5
2025-02-14,gumgaon,Gumgaon Incline Mine,2800,2136,38.2,86.9,87.8,88.6,22.1,1.9,0.0,664,23.7,1,2173.1,2234.5,22.47,-0.2371,11.6
2025-02-15,gumgaon,Gumgaon Incline Mine,2800,2205,39.5,87.6,91.9,85.8,22.1,1.9,0.0,595,21.2,1,2173.9,2231.6,22.15,-0.2125,11.5
2025-02-16,gumgaon,Gumgaon Incline Mine,2800,2225,37.6,84.6,92.1,89.6,22.3,1.7,0.0,575,20.5,1,2168.7,2228.6,21.74,-0.2054,11.5
2025-02-17,gumgaon,Gumgaon Incline Mine,2800,1535,39.5,85.7,62.1,87.0,16.4,7.6,0.0,1265,45.2,1,2078.4,2206.2,27.6,-0.4518,17.9
2025-02-18,gumgaon,Gumgaon Incline Mine,2800,2108,38.4,85.8,95.4,83.2,23.0,1.0,0.0,692,24.7,1,2073.1,2206.6,26.88,-0.2471,17.3
2025-02-19,gumgaon,Gumgaon Incline Mine,2800,2257,38.9,86.3,92.6,90.3,22.8,1.2,0.0,543,19.4,1,2086.9,2209.1,25.01,-0.1939,17.0
2025-02-20,gumgaon,Gumgaon Incline Mine,2800,2229,38.2,86.7,87.9,87.9,22.1,1.9,0.0,571,20.4,1,2099.3,2201.9,23.86,-0.2039,17.2
2025-02-21,gumgaon,Gumgaon Incline Mine,2800,2152,38.2,85.7,92.9,86.3,22.9,1.1,0.0,648,23.1,1,2101.6,2201.2,23.67,-0.2314,16.4
2025-02-22,gumgaon,Gumgaon Incline Mine,2800,2272,38.5,87.2,90.1,90.6,22.9,1.1,0.0,528,18.9,1,2111.1,2202.9,22.48,-0.1886,15.6
2025-02-23,gumgaon,Gumgaon Incline Mine,2800,2292,38.3,87.8,90.6,86.9,23.2,0.8,0.0,508,18.1,1,2120.7,2202.2,21.38,-0.1814,14.7
2025-02-24,gumgaon,Gumgaon Incline Mine,2800,2515,38.8,85.9,93.5,96.2,23.0,1.0,0.0,285,10.2,1,2260.7,2209.1,18.59,-0.1018,8.1
2025-02-25,gumgaon,Gumgaon Incline Mine,2800,2304,37.4,85.5,94.8,90.7,23.0,1.0,0.0,496,17.7,1,2288.7,2210.6,18.36,-0.1771,8.1
2025-02-26,gumgaon,Gumgaon Incline Mine,2800,2360,38.5,86.3,93.4,92.5,22.6,1.4,0.0,440,15.7,1,2303.4,2215.0,17.7,-0.1571,8.3
2025-02-27,gumgaon,Gumgaon Incline Mine,2800,2183,38.8,88.0,87.9,86.4,22.4,1.6,0.0,617,22.0,1,2296.9,2215.8,18.77,-0.2204,8.0
2025-02-28,gumgaon,Gumgaon Incline Mine,2800,2219,39.0,85.8,86.9,86.2,22.6,1.4,0.0,581,20.8,1,2306.4,2215.5,19.28,-0.2075,8.3
2025-03-01,gumgaon,Gumgaon Incline Mine,2800,2398,38.4,86.0,88.4,91.7,23.1,0.9,0.0,402,14.4,1,2324.4,2218.9,18.06,-0.1436,8.1
2025-03-02,gumgaon,Gumgaon Incline Mine,2800,2429,38.2,87.7,91.4,90.4,23.5,0.5,0.0,371,13.2,1,2344.0,2228.0,16.85,-0.1325,7.8
2025-03-03,gumgaon,Gumgaon Incline Mine,2800,2443,39.1,88.1,95.0,92.9,23.0,1.0,0.0,357,12.8,1,2333.7,2230.2,15.83,-0.1275,7.8
2025-03-04,gumgaon,Gumgaon Incline Mine,2800,2304,39.6,88.5,92.2,89.2,22.9,1.1,0.0,496,17.7,1,2333.7,2227.0,16.3,-0.1771,7.9
2025-03-05,gumgaon,Gumgaon Incline Mine,2800,2096,34.9,84.5,87.4,88.1,22.6,1.4,0.0,704,25.1,1,2296.0,2225.4,18.5,-0.2514,7.9
2025-03-06,gumgaon,Gumgaon Incline Mine,2800,2334,38.6,87.4,93.2,90.3,22.5,1.5,0.0,466,16.6,1,2317.6,2225.9,18.03,-0.1664,7.8
2025-03-07,gumgaon,Gumgaon Incline Mine,2800,2383,39.4,86.1,91.3,92.9,23.5,0.5,0.0,417,14.9,1,2341.0,2234.6,17.24,-0.1489,6.9
2025-03-08,gumgaon,Gumgaon Incline Mine,2800,2241,38.3,86.3,92.5,87.7,23.0,1.0,0.0,559,20.0,1,2318.6,2231.7,17.93,-0.1996,7.0
2025-03-09,gumgaon,Gumgaon Incline Mine,2800,2286,38.4,85.3,93.0,89.2,22.9,1.1,0.0,514,18.4,1,2298.1,2232.7,18.05,-0.1836,7.6
2025-03-10,gumgaon,Gumgaon Incline Mine,2800,2102,38.6,86.7,92.1,86.2,22.5,1.5,0.0,698,24.9,1,2249.4,2229.5,19.76,-0.2493,8.1
2025-03-11,gumgaon,Gumgaon Incline Mine,2800,2193,39.3,86.0,88.4,88.7,22.4,1.6,0.0,607,21.7,1,2233.6,2227.2,20.25,-0.2168,8.6
2025-03-12,gumgaon,Gumgaon Incline Mine,2800,2334,38.6,85.6,91.3,90.7,22.8,1.2,0.0,466,16.6,1,2267.6,2232.8,19.34,-0.1664,8.4
2025-03-13,gumgaon,Gumgaon Incline Mine,2800,2071,37.8,85.1,85.6,88.7,22.0,2.0,0.0,729,26.0,1,2230.0,2230.3,21.0,-0.2604,8.9
2025-03-14,gumgaon,Gumgaon Incline Mine,2800,2340,38.9,86.5,90.7,91.6,23.4,0.6,0.0,460,16.4,1,2223.9,2236.3,19.85,-0.1643,9.0
2025-03-15,gumgaon,Gumgaon Incline Mine,2800,2236,37.5,84.9,96.2,89.6,23.4,0.6,0.0,564,20.1,1,2223.1,2239.4,19.91,-0.2014,8.6
2025-03-16,gumgaon,Gumgaon Incline Mine,2800,2257,36.9,84.6,89.8,91.6,22.4,1.6,0.0,543,19.4,1,2219.0,2243.4,19.78,-0.1939,9.1
2025-03-17,gumgaon,Gumgaon Incline Mine,2800,2225,37.9,85.8,89.5,88.5,22.9,1.1,0.0,575,20.5,1,2236.6,2244.1,19.96,-0.2054,8.7
2025-03-18,gumgaon,Gumgaon Incline Mine,2800,2336,37.7,86.9,91.3,90.0,22.9,1.1,0.0,464,16.6,1,2257.0,2247.8,19.12,-0.1657,8.2
2025-03-19,gumgaon,Gumgaon Incline Mine,2800,2097,37.6,85.6,89.0,88.9,22.0,2.0,0.0,703,25.1,1,2223.1,2266.5,20.62,-0.2511,9.0
2025-03-20,gumgaon,Gumgaon Incline Mine,2800,2350,39.0,86.9,88.6,91.3,22.4,1.6,0.0,450,16.1,1,2263.0,2274.6,19.49,-0.1607,8.6
2025-03-21,gumgaon,Gumgaon Incline Mine,2800,2247,38.6,86.6,89.9,90.9,22.6,1.4,0.0,553,19.8,1,2249.7,2274.3,19.57,-0.1975,9.4
2025-03-22,gumgaon,Gumgaon Incline Mine,2800,2202,37.6,84.5,91.8,89.2,22.9,1.1,0.0,598,21.4,1,2244.9,2273.4,20.02,-0.2136,9.9
2025-03-23,gumgaon,Gumgaon Incline Mine,2800,2215,39.5,86.8,92.1,89.9,22.4,1.6,0.0,585,20.9,1,2238.9,2275.5,20.24,-0.2089,9.9
2025-03-24,gumgaon,Gumgaon Incline Mine,2800,2119,38.4,87.5,89.2,87.2,22.0,2.0,0.0,681,24.3,1,2223.7,2270.4,21.26,-0.2432,10.8
2025-03-25,gumgaon,Gumgaon Incline Mine,2800,2181,38.6,87.2,90.4,88.0,22.5,1.5,0.0,619,22.1,1,2201.6,2266.7,21.47,-0.2211,11.2
2025-03-26,gumgaon,Gumgaon Incline Mine,2800,2069,38.4,85.3,89.2,85.9,22.5,1.5,0.0,731,26.1,1,2197.6,2251.8,22.63,-0.2611,10.7
2025-03-27,gumgaon,Gumgaon Incline Mine,2800,2101,38.8,85.3,90.2,87.1,22.5,1.5,0.0,699,25.0,1,2162.0,2245.0,23.22,-0.2496,10.6
2025-03-28,gumgaon,Gumgaon Incline Mine,2800,2242,38.5,85.2,88.1,90.2,23.0,1.0,0.0,558,19.9,1,2161.3,2241.1,22.39,-0.1993,10.2
2025-03-29,gumgaon,Gumgaon Incline Mine,2800,2311,37.0,86.4,96.1,91.2,23.1,0.9,0.0,489,17.5,1,2176.9,2245.4,21.17,-0.1746,10.0
2025-03-30,gumgaon,Gumgaon Incline Mine,2800,2242,38.5,86.0,92.7,89.3,22.4,1.6,0.0,558,19.9,1,2180.7,2246.1,20.85,-0.1993,10.0
2025-03-31,gumgaon,Gumgaon Incline Mine,2800,2359,39.1,87.6,93.4,91.3,23.4,0.6,0.0,441,15.8,1,2215.0,2244.8,19.59,-0.1575,8.6
2025-04-01,gumgaon,Gumgaon Incline Mine,2800,2215,37.9,84.6,90.6,88.8,22.1,1.9,0.0,585,20.9,1,2219.9,2237.7,19.92,-0.2089,9.0
2025-04-02,gumgaon,Gumgaon Incline Mine,2800,2323,38.0,86.8,92.9,87.7,22.9,1.1,0.0,477,17.0,1,2256.1,2233.7,19.19,-0.1704,8.6
2025-04-03,gumgaon,Gumgaon Incline Mine,2800,2366,38.7,86.1,94.8,90.9,23.1,0.9,0.0,434,15.5,1,2294.0,2235.8,18.27,-0.155,8.0
2025-04-04,gumgaon,Gumgaon Incline Mine,2800,2172,38.1,86.3,84.7,86.2,22.1,1.9,0.0,628,22.4,1,2284.0,2238.3,19.3,-0.2243,8.9
2025-04-05,gumgaon,Gumgaon Incline Mine,2800,1592,38.4,87.8,64.0,86.1,16.4,7.6,0.0,1208,43.1,1,2181.3,2213.6,25.25,-0.4314,15.6
2025-04-06,gumgaon,Gumgaon Incline Mine,2800,2317,39.5,86.9,91.9,91.7,22.1,1.9,0.0,483,17.2,1,2192.0,2211.4,23.24,-0.1725,15.9
2025-04-07,gumgaon,Gumgaon Incline Mine,2800,2132,38.4,85.2,88.7,86.9,22.2,1.8,0.0,668,23.9,1,2159.6,2207.7,23.4,-0.2386,17.1
2025-04-08,gumgaon,Gumgaon Incline Mine,2800,2275,39.3,86.0,91.3,90.4,22.9,1.1,0.0,525,18.8,1,2168.1,2207.4,22.25,-0.1875,16.3
2025-04-09,gumgaon,Gumgaon Incline Mine,2800,2198,38.2,85.7,92.2,89.6,22.9,1.1,0.0,602,21.5,1,2150.3,2210.6,22.06,-0.215,16.3
2025-04-10,gumgaon,Gumgaon Incline Mine,2800,2397,38.9,86.2,89.5,90.5,23.2,0.8,0.0,403,14.4,1,2154.7,2217.4,20.15,-0.1439,16.2
2025-04-11,gumgaon,Gumgaon Incline Mine,2800,2257,38.6,87.2,88.9,91.1,22.2,1.8,0.0,543,19.4,1,2166.9,2214.8,19.96,-0.1939,16.1
2025-04-12,gumgaon,Gumgaon Incline Mine,2800,2071,38.0,85.6,91.9,86.5,22.2,1.8,0.0,729,26.0,1,2235.3,2214.8,21.47,-0.2604,10.3
2025-04-13,gumgaon,Gumgaon Incline Mine,2800,2224,38.5,87.3,85.8,88.8,22.3,1.7,0.0,576,20.6,1,2222.0,2210.9,21.25,-0.2057,10.1
2025-04-14,gumgaon,Gumgaon Incline Mine,2800,2175,38.9,85.6,89.2,89.9,22.7,1.3,0.0,625,22.3,1,2228.1,2208.9,21.51,-0.2232,9.6
2025-04-15,gumgaon,Gumgaon Incline Mine,2800,2288,38.8,87.1,90.3,89.6,22.7,1.3,0.0,512,18.3,1,2230.0,2209.9,20.71,-0.1829,9.8
2025-04-16,gumgaon,Gumgaon Incline Mine,2800,2288,38.2,86.4,91.3,93.1,22.2,1.8,0.0,512,18.3,1,2242.9,2212.0,20.11,-0.1829,10.5
2025-04-17,gumgaon,Gumgaon Incline Mine,2800,2281,37.8,84.8,89.2,90.8,22.2,1.8,0.0,519,18.5,1,2226.3,2210.2,19.71,-0.1854,11.5
2025-04-18,gumgaon,Gumgaon Incline Mine,2800,2493,38.6,87.2,93.1,92.0,23.5,0.5,0.0,307,11.0,1,2260.0,2223.4,17.53,-0.1096,10.2
2025-04-19,gumgaon,Gumgaon Incline Mine,2800,2359,39.3,87.2,96.4,91.8,23.2,0.8,0.0,441,15.8,1,2301.1,2223.7,17.1,-0.1575,9.2
2025-04-20,gumgaon,Gumgaon Incline Mine,2800,2206,39.4,86.0,89.3,88.5,22.6,1.4,0.0,594,21.2,1,2298.6,2222.3,18.12,-0.2121,8.9
2025-04-21,gumgaon,Gumgaon Incline Mine,2800,2332,37.6,87.1,91.5,89.7,22.8,1.2,0.0,468,16.7,1,2321.0,2226.7,17.77,-0.1671,8.8
2025-04-22,gumgaon,Gumgaon Incline Mine,2800,2269,37.8,86.4,92.0,88.1,23.2,0.8,0.0,531,19.0,1,2318.3,2228.5,18.08,-0.1896,8.3
2025-04-23,gumgaon,Gumgaon Incline Mine,2800,2106,38.4,86.6,89.0,87.8,22.2,1.8,0.0,694,24.8,1,2292.3,2228.0,19.76,-0.2479,8.3
2025-04-24,gumgaon,Gumgaon Incline Mine,2800,2439,39.7,87.9,91.9,94.0,22.4,1.6,0.0,361,12.9,1,2314.9,2236.6,18.04,-0.1289,8.1
2025-04-25,gumgaon,Gumgaon Incline Mine,2800,2248,37.9,86.6,96.2,89.0,23.2,0.8,0.0,552,19.7,1,2279.9,2242.6,18.46,-0.1971,8.4
2025-04-26,gumgaon,Gumgaon Incline Mine,2800,2300,38.7,87.5,91.5,86.1,23.5,0.5,0.0,500,17.9,1,2271.4,2249.2,18.32,-0.1786,8.1
2025-04-27,gumgaon,Gumgaon Incline Mine,2800,2230,39.1,87.7,95.7,84.7,23.4,0.6,0.0,570,20.4,1,2274.9,2248.8,18.84,-0.2036,7.3
2025-04-28,gumgaon,Gumgaon Incline Mine,2800,2365,38.9,86.8,87.4,95.1,22.1,1.9,0.0,435,15.5,1,2279.6,2250.6,18.0,-0.1554,8.0
2025-04-29,gumgaon,Gumgaon Incline Mine,2800,2307,39.2,86.8,94.1,87.7,23.1,0.9,0.0,493,17.6,1,2285.0,2252.8,17.9,-0.1761,8.1
2025-04-30,gumgaon,Gumgaon Incline Mine,2800,2197,38.4,85.9,90.6,89.4,22.3,1.7,0.0,603,21.5,1,2298.0,2247.4,18.8,-0.2154,8.0
2025-05-01,gumgaon,Gumgaon Incline Mine,2800,2219,39.3,86.9,86.7,89.2,22.5,1.5,0.0,581,20.8,1,2266.6,2247.5,19.3,-0.2075,7.9
2025-05-02,gumgaon,Gumgaon Incline Mine,2800,2123,37.8,86.3,86.7,87.7,22.2,1.8,0.0,677,24.2,1,2248.7,2240.9,20.53,-0.2418,8.9
2025-05-03,gumgaon,Gumgaon Incline Mine,2800,2154,38.3,86.5,91.3,86.9,22.4,1.6,0.0,646,23.1,1,2227.9,2233.8,21.17,-0.2307,10.0
2025-05-04,gumgaon,Gumgaon Incline Mine,2800,2253,38.5,86.1,92.8,87.2,23.4,0.6,0.0,547,19.5,1,2231.1,2236.5,20.75,-0.1954,10.0
2025-05-05,gumgaon,Gumgaon Incline Mine,2800,2219,38.2,87.4,93.4,89.1,22.7,1.3,0.0,581,20.8,1,2210.3,2257.4,20.76,-0.2075,9.4
2025-05-06,gumgaon,Gumgaon Incline Mine,2800,2237,38.9,85.3,94.9,85.9,23.1,0.9,0.0,563,20.1,1,2200.3,2254.7,20.6,-0.2011,9.4
2025-05-07,gumgaon,Gumgaon Incline Mine,2800,2114,34.0,83.2,94.8,86.3,22.8,1.2,0.0,686,24.5,1,2188.4,2254.1,21.57,-0.245,8.9
2025-05-08,gumgaon,Gumgaon Incline Mine,2800,2192,38.3,86.6,91.9,90.1,22.3,1.7,0.0,608,21.7,1,2184.6,2251.4,21.61,-0.2171,9.1
2025-05-09,gumgaon,Gumgaon Incline Mine,2800,2389,37.6,87.0,87.8,90.0,22.9,1.1,0.0,411,14.7,1,2222.6,2257.7,19.88,-0.1468,8.4
2025-05-10,gumgaon,Gumgaon Incline Mine,2800,2321,39.3,87.5,90.2,87.3,23.3,0.7,0.0,479,17.1,1,2246.4,2255.2,19.18,-0.1711,7.5
2025-05-11,gumgaon,Gumgaon Incline Mine,2800,2211,36.6,84.8,92.6,87.8,22.4,1.6,0.0,589,21.0,1,2240.4,2253.7,19.64,-0.2104,8.5
2025-05-12,gumgaon,Gumgaon Incline Mine,2800,2314,38.2,87.3,91.8,90.1,22.8,1.2,0.0,486,17.4,1,2254.0,2261.8,19.08,-0.1736,8.4
2025-05-13,gumgaon,Gumgaon Incline Mine,2800,2386,38.5,85.0,92.4,93.0,23.1,0.9,0.0,414,14.8,1,2275.3,2267.2,18.01,-0.1479,8.4
2025-05-14,gumgaon,Gumgaon Incline Mine,2800,2420,38.3,87.2,96.5,92.6,23.4,0.6,0.0,380,13.6,1,2319.0,2275.3,16.91,-0.1357,7.8
2025-05-15,gumgaon,Gumgaon Incline Mine,2800,2314,37.8,86.4,88.6,92.2,22.4,1.6,0.0,486,17.4,1,2336.4,2276.2,17.03,-0.1736,7.7
2025-05-16,gumgaon,Gumgaon Incline Mine,2800,2189,39.0,87.1,91.1,88.1,22.5,1.5,0.0,611,21.8,1,2307.9,2272.9,18.22,-0.2182,8.1
2025-05-17,gumgaon,Gumgaon Incline Mine,2800,2385,38.2,87.6,87.0,93.0,22.7,1.3,0.0,415,14.8,1,2317.0,2276.4,17.37,-0.1482,8.7
2025-05-18,gumgaon,Gumgaon Incline Mine,2800,2446,38.7,88.0,89.2,91.8,23.1,0.9,0.0,354,12.6,1,2350.6,2274.8,16.18,-0.1264,8.0
2025-05-19,gumgaon,Gumgaon Incline Mine,2800,2218,39.8,87.3,90.1,87.1,23.4,0.6,0.0,582,20.8,1,2336.9,2270.1,17.33,-0.2079,7.4
2025-05-20,gumgaon,Gumgaon Incline Mine,2800,2247,38.6,86.3,96.2,86.3,23.2,0.8,0.0,553,19.8,1,2317.0,2271.5,17.95,-0.1975,7.3
2025-05-21,gumgaon,Gumgaon Incline Mine,2800,2235,38.8,86.0,94.1,89.7,22.6,1.4,0.0,565,20.2,1,2290.6,2268.2,18.51,-0.2018,8.1
2025-05-22,gumgaon,Gumgaon Incline Mine,2800,1439,39.4,86.5,63.9,85.7,15.6,8.4,0.0,1361,48.6,1,2165.6,2240.6,26.03,-0.4861,14.9
2025-05-23,gumgaon,Gumgaon Incline Mine,2800,2148,37.7,86.1,92.0,86.2,23.2,0.8,0.0,652,23.3,1,2159.7,2242.0,25.35,-0.2329,14.2
2025-05-24,gumgaon,Gumgaon Incline Mine,2800,2220,39.2,87.4,87.7,90.5,22.4,1.6,0.0,580,20.7,1,2136.1,2234.7,24.19,-0.2071,14.5
2025-05-25,gumgaon,Gumgaon Incline Mine,2800,2221,38.6,86.3,94.5,88.3,23.3,0.7,0.0,579,20.7,1,2104.0,2233.8,23.32,-0.2068,14.3
2025-05-26,gumgaon,Gumgaon Incline Mine,2800,2268,38.5,86.1,86.9,90.8,22.3,1.7,0.0,532,19.0,1,2111.1,2232.7,22.24,-0.19,15.4
2025-05-27,gumgaon,Gumgaon Incline Mine,2800,2294,39.9,86.4,85.8,91.2,22.0,2.0,0.0,506,18.1,1,2117.9,2234.8,21.2,-0.1807,16.6
2025-05-28,gumgaon,Gumgaon Incline Mine,2800,2260,38.1,86.4,87.9,88.9,22.7,1.3,0.0,540,19.3,1,2121.4,2231.3,20.73,-0.1929,16.5
2025-05-29,gumgaon,Gumgaon Incline Mine,2800,2223,38.3,86.0,91.7,89.3,22.3,1.7,0.0,577,20.6,1,2233.4,2228.5,20.7,-0.2061,9.8
2025-05-30,gumgaon,Gumgaon Incline Mine,2800,2225,38.3,86.0,91.3,85.6,23.2,0.8,0.0,575,20.5,1,2244.4,2229.5,20.65,-0.2054,9.8
2025-05-31,gumgaon,Gumgaon Incline Mine,2800,2342,39.1,87.1,92.1,88.4,23.0,1.0,0.0,458,16.4,1,2261.9,2233.6,19.58,-0.1636,9.2
2025-06-01,gumgaon,Gumgaon Incline Mine,2800,2289,38.4,87.1,85.5,90.9,22.3,1.7,0.0,511,18.2,1,2271.6,2239.1,19.24,-0.1825,10.2
2025-06-02,gumgaon,Gumgaon Incline Mine,2800,2157,39.1,85.7,90.7,84.2,23.0,1.0,0.0,643,23.0,1,2255.7,2239.2,20.18,-0.2296,9.5
2025-06-03,gumgaon,Gumgaon Incline Mine,2800,2278,37.6,85.7,94.9,89.4,22.8,1.2,0.0,522,18.6,1,2253.4,2240.0,19.78,-0.1864,8.7
2025-06-04,gumgaon,Gumgaon Incline Mine,2800,2325,39.6,86.8,96.6,90.2,23.4,0.6,0.0,475,17.0,1,2262.7,2243.6,19.09,-0.1696,8.0
2025-06-05,gumgaon,Gumgaon Incline Mine,2800,2325,37.4,85.3,90.1,93.0,23.0,1.0,0.0,475,17.0,1,2277.3,2246.5,18.57,-0.1696,7.3
2025-06-06,gumgaon,Gumgaon Incline Mine,2800,2312,39.4,86.4,94.5,92.2,22.7,1.3,0.0,488,17.4,1,2289.7,2253.1,18.27,-0.1743,7.8
2025-06-07,gumgaon,Gumgaon Incline Mine,2800,2337,39.3,87.4,94.6,89.9,23.1,0.9,0.0,463,16.5,1,2289.0,2257.9,17.83,-0.1654,7.7
2025-06-08,gumgaon,Gumgaon Incline Mine,2800,2134,38.6,85.2,90.8,85.8,22.0,2.0,0.0,666,23.8,1,2266.9,2249.4,19.32,-0.2379,8.0
2025-06-09,gumgaon,Gumgaon Incline Mine,2800,1616,39.0,86.7,77.7,74.5,19.3,4.7,53.7,1184,42.3,1,2189.6,2225.9,25.07,-0.4229,11.7
2025-06-10,gumgaon,Gumgaon Incline Mine,2800,2199,38.5,87.7,94.6,86.2,23.2,0.8,3.6,601,21.5,1,2178.3,2225.5,24.18,-0.2146,11.3
2025-06-11,gumgaon,Gumgaon Incline Mine,2800,2148,37.2,85.5,90.9,89.4,22.4,1.6,6.4,652,23.3,1,2153.0,2220.0,23.96,-0.2329,12.3
2025-06-12,gumgaon,Gumgaon Incline Mine,2800,1747,38.0,85.1,83.8,76.8,20.8,3.2,26.8,1053,37.6,1,2070.4,2198.7,27.37,-0.3761,14.5
2025-06-13,gumgaon,Gumgaon Incline Mine,2800,1999,38.3,84.9,88.3,86.0,21.6,2.4,13.7,801,28.6,1,2025.7,2184.7,27.68,-0.2861,15.6
2025-06-14,gumgaon,Gumgaon Incline Mine,2800,2145,38.4,86.3,84.0,85.7,22.0,2.0,11.2,655,23.4,1,1998.3,2179.0,26.61,-0.2339,16.7
2025-06-15,gumgaon,Gumgaon Incline Mine,2800,2028,38.4,87.2,82.8,84.9,21.7,2.3,15.2,772,27.6,1,1983.1,2173.7,26.86,-0.2757,17.0
2025-06-16,gumgaon,Gumgaon Incline Mine,2800,1817,38.9,86.8,82.2,79.8,20.7,3.3,36.5,983,35.1,1,2011.9,2154.7,28.92,-0.3511,15.6
2025-06-17,gumgaon,Gumgaon Incline Mine,2800,2027,39.0,87.1,81.9,84.1,21.1,2.9,17.6,773,27.6,1,1987.3,2140.8,28.59,-0.2761,17.7
2025-06-18,gumgaon,Gumgaon Incline Mine,2800,1722,39.3,87.4,80.0,78.0,20.1,3.9,47.7,1078,38.5,1,1926.4,2124.2,31.07,-0.385,20.0
2025-06-19,gumgaon,Gumgaon Incline Mine,2800,2057,39.8,86.6,89.8,81.8,22.5,1.5,15.0,743,26.5,1,1970.7,2117.9,29.92,-0.2654,18.3
2025-06-20,gumgaon,Gumgaon Incline Mine,2800,2013,39.4,87.5,83.6,84.5,20.8,3.2,22.1,787,28.1,1,1972.7,2110.5,29.47,-0.2811,19.1
2025-06-21,gumgaon,Gumgaon Incline Mine,2800,1708,38.3,85.7,80.7,75.7,19.8,4.2,40.9,1092,39.0,1,1910.3,2119.5,31.85,-0.39,21.3
2025-06-22,gumgaon,Gumgaon Incline Mine,2800,939,38.7,85.2,55.8,58.3,14.3,9.7,144.7,1861,66.5,1,1754.7,2079.2,40.51,-0.6646,28.7
2025-06-23,gumgaon,Gumgaon Incline Mine,2800,1846,38.3,84.9,80.6,84.4,20.1,3.9,35.0,954,34.1,1,1758.9,2066.7,38.91,-0.3407,29.3
2025-06-24,gumgaon,Gumgaon Incline Mine,2800,1210,37.6,85.1,66.1,63.5,17.3,6.7,97.7,1590,56.8,1,1642.1,2033.0,43.38,-0.5679,33.1
2025-06-25,gumgaon,Gumgaon Incline Mine,2800,1784,37.4,86.7,80.5,76.9,20.1,3.9,41.4,1016,36.3,1,1651.0,2016.9,41.61,-0.3629,33.1
2025-06-26,gumgaon,Gumgaon Incline Mine,2800,1027,39.3,86.8,63.8,57.0,16.1,7.9,115.2,1773,63.3,1,1503.9,1974.6,47.03,-0.6332,39.5
2025-06-27,gumgaon,Gumgaon Incline Mine,2800,2204,38.6,86.2,88.8,84.9,23.1,0.9,3.2,596,21.3,1,1531.1,1972.8,40.6,-0.2129,37.2
2025-06-28,gumgaon,Gumgaon Incline Mine,2800,1362,38.4,87.1,72.1,68.4,18.0,6.0,72.0,1438,51.4,1,1481.7,1944.1,43.3,-0.5136,39.0
2025-06-29,gumgaon,Gumgaon Incline Mine,2800,1647,38.4,85.5,81.9,74.0,20.1,3.9,52.0,1153,41.2,1,1582.9,1924.8,42.78,-0.4118,33.2
2025-06-30,gumgaon,Gumgaon Incline Mine,2800,1703,39.2,86.2,80.8,76.7,20.7,3.3,43.4,1097,39.2,1,1562.4,1903.5,41.88,-0.3918,32.6
2025-07-01,gumgaon,Gumgaon Incline Mine,2800,1321,38.8,85.2,69.5,65.6,18.1,5.9,87.6,1479,52.8,1,1578.3,1871.2,44.61,-0.5282,31.8
2025-07-02,gumgaon,Gumgaon Incline Mine,2800,1401,39.8,86.3,72.0,68.8,18.2,5.8,73.0,1399,50.0,1,1523.6,1846.0,45.96,-0.4996,33.7
2025-07-03,gumgaon,Gumgaon Incline Mine,2800,1692,38.6,85.3,79.5,74.7,20.1,3.9,48.3,1108,39.6,1,1618.6,1826.5,44.37,-0.3957,29.7
2025-07-04,gumgaon,Gumgaon Incline Mine,2800,1331,39.1,87.1,62.2,69.8,16.7,7.3,90.2,1469,52.5,1,1493.9,1793.4,46.4,-0.5246,36.1
2025-07-05,gumgaon,Gumgaon Incline Mine,2800,1875,38.4,87.6,84.8,81.4,20.4,3.6,42.3,925,33.0,1,1567.1,1778.4,43.05,-0.3304,33.7
2025-07-06,gumgaon,Gumgaon Incline Mine,2800,2057,39.1,86.8,83.1,86.6,21.3,2.7,19.6,743,26.5,1,1625.7,1769.9,38.91,-0.2654,32.5
2025-07-07,gumgaon,Gumgaon Incline Mine,2800,1641,38.6,87.1,78.8,73.9,19.4,4.6,52.6,1159,41.4,1,1616.9,1746.7,39.54,-0.4139,33.8
2025-07-08,gumgaon,Gumgaon Incline Mine,2800,1346,38.9,86.1,60.2,81.7,14.7,9.3,19.3,1454,51.9,1,1620.4,1720.4,42.63,-0.5193,37.2
2025-07-09,gumgaon,Gumgaon Incline Mine,2800,1572,34.5,83.5,81.0,73.6,20.0,4.0,54.0,1228,43.9,1,1644.9,1718.9,42.94,-0.4386,35.4
2025-07-10,gumgaon,Gumgaon Incline Mine,2800,2085,38.0,87.4,92.3,83.8,22.2,1.8,7.4,715,25.5,1,1701.0,1715.1,38.58,-0.2554,33.3
2025-07-11,gumgaon,Gumgaon Incline Mine,2800,1470,39.3,87.2,71.2,72.1,18.5,5.5,62.1,1330,47.5,1,1720.9,1692.5,40.81,-0.475,31.5
2025-07-12,gumgaon,Gumgaon Incline Mine,2800,1450,40.0,86.1,67.0,71.1,17.9,6.1,79.9,1350,48.2,1,1660.1,1682.6,42.66,-0.4821,34.0
2025-07-13,gumgaon,Gumgaon Incline Mine,2800,1633,38.2,87.0,76.4,74.2,19.3,4.7,48.6,1167,41.7,1,1599.6,1670.4,42.42,-0.4168,36.0
2025-07-14,gumgaon,Gumgaon Incline Mine,2800,1261,38.1,86.6,69.3,62.5,18.0,6.0,83.0,1539,55.0,1,1545.3,1641.0,45.56,-0.5496,37.4
2025-07-15,gumgaon,Gumgaon Incline Mine,2800,793,37.9,87.0,49.2,50.8,13.5,10.5,161.2,2007,71.7,1,1466.3,1599.8,52.1,-0.7168,38.6
2025-07-16,gumgaon,Gumgaon Incline Mine,2800,546,37.9,85.3,34.0,52.5,9.5,14.5,213.3,2254,80.5,1,1319.7,1557.4,59.2,-0.805,49.1
2025-07-17,gumgaon,Gumgaon Incline Mine,2800,1913,38.4,85.9,78.0,83.6,20.6,3.4,32.8,887,31.7,1,1295.1,1553.6,52.32,-0.3168,50.7
2025-07-18,gumgaon,Gumgaon Incline Mine,2800,2192,39.1,87.3,89.5,87.4,21.7,2.3,8.9,608,21.7,1,1398.3,1569.3,44.67,-0.2171,47.5
2025-07-19,gumgaon,Gumgaon Incline Mine,2800,1138,39.4,87.2,62.8,63.1,16.4,7.6,96.5,1662,59.4,1,1353.7,1538.7,48.35,-0.5936,49.0
2025-07-20,gumgaon,Gumgaon Incline Mine,2800,1594,38.9,86.4,69.1,77.5,18.1,5.9,70.5,1206,43.1,1,1348.1,1524.7,47.04,-0.4307,50.2
2025-07-21,gumgaon,Gumgaon Incline Mine,2800,909,37.5,85.7,60.5,53.1,15.1,8.9,118.7,1891,67.5,1,1297.9,1498.1,52.15,-0.6754,53.1
2025-07-22,gumgaon,Gumgaon Incline Mine,2800,780,37.6,84.4,49.5,53.3,13.7,10.3,149.6,2020,72.1,1,1296.0,1492.8,57.14,-0.7214,52.9
2025-07-23,gumgaon,Gumgaon Incline Mine,2800,1930,38.3,85.8,85.5,82.7,21.4,2.6,35.3,870,31.1,1,1493.7,1495.6,50.63,-0.3107,41.0
2025-07-24,gumgaon,Gumgaon Incline Mine,2800,1387,38.3,86.2,76.5,67.8,18.8,5.2,68.0,1413,50.5,1,1418.6,1501.5,50.6,-0.5046,42.8
2025-07-25,gumgaon,Gumgaon Incline Mine,2800,1894,38.1,85.9,86.6,82.8,21.0,3.0,22.3,906,32.4,1,1376.0,1505.1,46.05,-0.3236,43.5
2025-07-26,gumgaon,Gumgaon Incline Mine,2800,1565,38.6,86.8,73.3,72.5,18.7,5.3,66.1,1235,44.1,1,1437.0,1523.1,45.56,-0.4411,41.2
2025-07-27,gumgaon,Gumgaon Incline Mine,2800,1815,38.3,85.7,79.2,80.9,20.6,3.4,37.3,985,35.2,1,1468.6,1510.1,42.97,-0.3518,38.7
2025-07-28,gumgaon,Gumgaon Incline Mine,2800,1196,38.0,85.5,72.1,64.2,17.3,6.7,98.1,1604,57.3,1,1509.6,1504.6,46.55,-0.5729,36.5
2025-07-29,gumgaon,Gumgaon Incline Mine,2800,1568,37.9,86.2,80.5,72.1,19.4,4.6,56.9,1232,44.0,1,1622.1,1501.9,45.91,-0.44,30.8
2025-07-30,gumgaon,Gumgaon Incline Mine,2800,2004,38.4,85.3,87.4,83.0,21.7,2.3,24.4,796,28.4,1,1632.7,1512.0,41.54,-0.2843,30.5
2025-07-31,gumgaon,Gumgaon Incline Mine,2800,723,37.3,85.8,48.6,51.2,12.6,11.4,163.5,2077,74.2,1,1537.9,1492.0,49.7,-0.7418,36.7
2025-08-01,gumgaon,Gumgaon Incline Mine,2800,1381,39.0,87.4,76.2,65.7,18.5,5.5,80.1,1419,50.7,1,1464.6,1491.4,49.95,-0.5068,39.2
2025-08-02,gumgaon,Gumgaon Incline Mine,2800,1326,38.3,86.3,76.9,63.7,18.8,5.2,70.1,1474,52.6,1,1430.4,1479.2,50.61,-0.5264,39.1
2025-08-03,gumgaon,Gumgaon Incline Mine,2800,1346,38.2,87.5,68.8,64.7,18.3,5.7,73.3,1454,51.9,1,1363.4,1479.7,50.94,-0.5193,41.4
2025-08-04,gumgaon,Gumgaon Incline Mine,2800,2187,37.9,85.5,92.7,87.8,22.4,1.6,5.6,613,21.9,1,1505.0,1490.1,43.68,-0.2189,36.3
2025-08-05,gumgaon,Gumgaon Incline Mine,2800,1460,39.2,85.5,76.4,68.5,19.1,4.9,60.9,1340,47.9,1,1489.6,1470.2,44.73,-0.4786,36.6
2025-08-06,gumgaon,Gumgaon Incline Mine,2800,2096,38.5,85.1,85.8,87.5,22.5,1.5,14.2,704,25.1,1,1502.7,1485.3,39.82,-0.2514,35.8
2025-08-07,gumgaon,Gumgaon Incline Mine,2800,1656,39.4,88.4,77.3,74.4,19.4,4.6,57.4,1144,40.9,1,1636.0,1495.7,40.09,-0.4086,29.0
2025-08-08,gumgaon,Gumgaon Incline Mine,2800,1047,37.8,87.2,66.9,57.2,16.7,7.3,102.2,1753,62.6,1,1588.3,1478.2,45.72,-0.6261,30.8
2025-08-09,gumgaon,Gumgaon Incline Mine,2800,1556,39.1,86.4,73.7,70.0,19.5,4.5,63.4,1244,44.4,1,1621.1,1460.5,45.39,-0.4443,30.1
2025-08-10,gumgaon,Gumgaon Incline Mine,2800,890,38.6,87.8,48.3,58.8,13.2,10.8,156.6,1910,68.2,1,1556.0,1441.2,51.09,-0.6821,35.2
2025-08-11,gumgaon,Gumgaon Incline Mine,2800,2177,39.4,87.3,85.8,89.2,22.3,1.7,5.0,623,22.2,1,1554.6,1465.4,43.87,-0.2225,35.3
2025-08-12,gumgaon,Gumgaon Incline Mine,2800,1473,38.3,85.6,74.7,71.4,19.3,4.7,61.6,1327,47.4,1,1556.4,1460.1,44.75,-0.4739,35.1
2025-08-13,gumgaon,Gumgaon Incline Mine,2800,1885,38.4,86.8,87.7,77.5,21.3,2.7,33.2,915,32.7,1,1526.3,1480.9,41.74,-0.3268,36.3
2025-08-14,gumgaon,Gumgaon Incline Mine,2800,2047,38.2,86.6,88.3,84.5,21.7,2.3,19.6,753,26.9,1,1582.1,1522.7,38.03,-0.2689,34.0
2025-08-15,gumgaon,Gumgaon Incline Mine,2800,2020,39.3,86.0,86.7,81.7,22.3,1.7,19.5,780,27.9,1,1721.1,1571.8,35.5,-0.2786,28.4
2025-08-16,gumgaon,Gumgaon Incline Mine,2800,1337,39.2,88.0,65.7,65.1,17.5,6.5,93.3,1463,52.2,1,1689.9,1552.6,39.67,-0.5225,30.4
2025-08-17,gumgaon,Gumgaon Incline Mine,2800,1399,38.1,86.5,72.6,69.3,17.8,6.2,77.5,1401,50.0,1,1762.6,1526.2,42.25,-0.5004,25.8
2025-08-18,gumgaon,Gumgaon Incline Mine,2800,1595,37.6,86.2,79.2,77.0,19.1,4.9,51.5,1205,43.0,1,1679.4,1541.4,42.44,-0.4304,29.0
2025-08-19,gumgaon,Gumgaon Incline Mine,2800,1911,38.4,86.4,86.7,80.9,21.2,2.8,31.9,889,31.8,1,1742.0,1552.0,39.78,-0.3175,27.1
2025-08-20,gumgaon,Gumgaon Incline Mine,2800,1598,38.0,86.0,74.6,73.8,19.4,4.6,51.3,1202,42.9,1,1701.0,1575.0,40.56,-0.4293,29.0
2025-08-21,gumgaon,Gumgaon Incline Mine,2800,1812,40.2,86.1,87.0,78.3,21.3,2.7,30.3,988,35.3,1,1667.4,1609.4,39.25,-0.3529,29.4
2025-08-22,gumgaon,Gumgaon Incline Mine,2800,1275,39.4,88.4,71.6,64.1,17.7,6.3,91.0,1525,54.5,1,1561.0,1587.5,43.06,-0.5446,34.0
2025-08-23,gumgaon,Gumgaon Incline Mine,2800,1279,37.9,86.4,69.0,63.8,17.9,6.1,81.4,1521,54.3,1,1552.7,1583.9,45.87,-0.5432,33.6
2025-08-24,gumgaon,Gumgaon Incline Mine,2800,1268,38.1,87.6,55.9,79.0,14.4,9.6,35.8,1532,54.7,1,1534.0,1563.1,48.08,-0.5471,37.0
2025-08-25,gumgaon,Gumgaon Incline Mine,2800,1671,39.3,85.5,80.1,76.9,19.8,4.2,54.8,1129,40.3,1,1544.9,1566.6,46.13,-0.4032,36.3
2025-08-26,gumgaon,Gumgaon Incline Mine,2800,1824,39.3,86.2,84.4,79.1,20.7,3.3,33.1,976,34.9,1,1532.4,1566.9,43.32,-0.3486,36.8
2025-08-27,gumgaon,Gumgaon Incline Mine,2800,1501,38.0,87.6,70.7,72.1,18.5,5.5,65.8,1299,46.4,1,1518.6,1577.1,44.09,-0.4639,37.7
2025-08-28,gumgaon,Gumgaon Incline Mine,2800,1793,38.7,87.4,83.4,77.7,20.5,3.5,28.5,1007,36.0,1,1515.9,1584.6,42.07,-0.3596,38.5
2025-08-29,gumgaon,Gumgaon Incline Mine,2800,2201,38.5,85.8,88.8,86.2,22.7,1.3,9.8,599,21.4,1,1648.1,1591.1,36.9,-0.2139,33.5
2025-08-30,gumgaon,Gumgaon Incline Mine,2800,1072,38.3,85.6,69.3,57.6,16.9,7.1,107.3,1728,61.7,1,1618.6,1602.8,43.1,-0.6171,34.5
2025-08-31,gumgaon,Gumgaon Incline Mine,2800,1513,39.2,88.3,77.8,73.5,18.7,5.3,62.7,1287,46.0,1,1653.6,1607.2,43.83,-0.4596,30.2
2025-09-01,gumgaon,Gumgaon Incline Mine,2800,1991,39.1,87.4,84.9,83.4,21.9,2.1,9.8,809,28.9,1,1699.3,1629.3,40.09,-0.2889,28.1
2025-09-02,gumgaon,Gumgaon Incline Mine,2800,1987,38.2,87.0,80.9,81.9,20.9,3.1,30.4,813,29.0,1,1722.6,1650.7,37.32,-0.2904,27.9
2025-09-03,gumgaon,Gumgaon Incline Mine,2800,2174,38.7,85.2,85.1,86.4,22.3,1.7,16.0,626,22.4,1,1818.7,1650.3,33.59,-0.2236,24.1
2025-09-04,gumgaon,Gumgaon Incline Mine,2800,1540,38.2,87.2,78.1,72.1,19.1,4.9,49.4,1260,45.0,1,1782.6,1652.9,36.44,-0.45,25.5
2025-09-05,gumgaon,Gumgaon Incline Mine,2800,1468,37.4,85.4,71.4,75.2,17.9,6.1,69.1,1332,47.6,1,1677.9,1632.0,39.23,-0.4757,30.3
2025-09-06,gumgaon,Gumgaon Incline Mine,2800,1266,38.4,87.1,67.6,63.6,17.7,6.3,83.0,1534,54.8,1,1705.6,1619.0,43.12,-0.5479,29.5
2025-09-07,gumgaon,Gumgaon Incline Mine,2800,1860,37.6,85.5,79.7,81.2,20.9,3.1,28.9,940,33.6,1,1755.1,1646.1,40.74,-0.3357,27.3
2025-09-08,gumgaon,Gumgaon Incline Mine,2800,1944,39.0,85.3,82.8,82.4,21.4,2.6,21.0,856,30.6,1,1748.4,1659.0,38.21,-0.3057,27.8
2025-09-09,gumgaon,Gumgaon Incline Mine,2800,1425,39.0,86.1,69.0,69.3,18.4,5.6,65.6,1375,49.1,1,1668.1,1676.9,40.93,-0.4911,30.3
2025-09-10,gumgaon,Gumgaon Incline Mine,2800,2137,33.8,83.6,87.3,86.7,22.4,1.6,2.6,663,23.7,1,1662.9,1675.5,36.62,-0.2368,30.2
2025-09-11,gumgaon,Gumgaon Incline Mine,2800,1800,38.7,85.4,81.3,82.5,20.3,3.7,36.9,1000,35.7,1,1700.0,1686.4,36.39,-0.3571,29.0
2025-09-12,gumgaon,Gumgaon Incline Mine,2800,1683,39.2,88.0,74.6,75.4,19.8,4.2,40.4,1117,39.9,1,1730.7,1679.7,37.27,-0.3989,27.1
2025-09-13,gumgaon,Gumgaon Incline Mine,2800,2095,37.5,84.4,87.3,89.5,22.2,1.8,9.0,705,25.2,1,1849.1,1681.3,34.25,-0.2518,22.6
2025-09-14,gumgaon,Gumgaon Incline Mine,2800,1774,38.0,85.1,82.2,77.6,20.8,3.2,42.6,1026,36.6,1,1836.9,1673.1,34.84,-0.3664,22.7
2025-09-15,gumgaon,Gumgaon Incline Mine,2800,2293,39.2,87.8,91.2,86.7,22.7,1.3,13.7,507,18.1,1,1886.7,1705.0,30.65,-0.1811,21.4
2025-09-16,gumgaon,Gumgaon Incline Mine,2800,2094,38.1,87.5,91.7,83.6,22.4,1.6,12.0,706,25.2,1,1982.3,1728.1,29.29,-0.2521,17.4
2025-09-17,gumgaon,Gumgaon Incline Mine,2800,1787,39.5,85.7,86.2,78.0,21.4,2.6,20.4,1013,36.2,1,1932.3,1734.5,31.02,-0.3618,18.4
2025-09-18,gumgaon,Gumgaon Incline Mine,2800,2228,38.7,85.9,94.3,89.3,23.2,0.8,0.0,572,20.4,1,1993.4,1745.1,28.36,-0.2043,15.5
2025-09-19,gumgaon,Gumgaon Incline Mine,2800,2425,39.2,86.3,91.3,91.4,23.3,0.7,0.0,375,13.4,1,2099.4,1772.7,24.62,-0.1339,12.0
2025-09-20,gumgaon,Gumgaon Incline Mine,2800,2258,38.5,85.2,92.6,88.9,23.3,0.7,0.0,542,19.4,1,2122.7,1787.5,23.32,-0.1936,10.9
2025-09-21,gumgaon,Gumgaon Incline Mine,2800,2100,39.9,88.1,91.1,86.5,22.1,1.9,0.0,700,25.0,1,2169.3,1815.0,23.74,-0.25,9.6
2025-09-22,gumgaon,Gumgaon Incline Mine,2800,2213,38.4,86.3,89.3,90.6,22.6,1.4,0.0,587,21.0,1,2157.9,1846.2,23.05,-0.2096,9.7
2025-09-23,gumgaon,Gumgaon Incline Mine,2800,2345,38.4,87.6,95.5,88.5,23.5,0.5,0.0,455,16.2,1,2193.7,1882.1,21.34,-0.1625,8.6
2025-09-24,gumgaon,Gumgaon Incline Mine,2800,2283,38.9,88.1,91.7,89.9,22.1,1.9,0.0,517,18.5,1,2264.6,1902.5,20.63,-0.1846,7.9
2025-09-25,gumgaon,Gumgaon Incline Mine,2800,2238,37.9,86.3,92.2,87.0,23.1,0.9,0.0,562,20.1,1,2266.0,1916.3,20.5,-0.2007,8.0
2025-09-26,gumgaon,Gumgaon Incline Mine,2800,2236,38.2,85.5,94.3,85.5,23.3,0.7,0.0,564,20.1,1,2239.0,1940.8,20.4,-0.2014,8.0
2025-09-27,gumgaon,Gumgaon Incline Mine,2800,2254,37.7,85.8,90.3,90.2,22.6,1.4,0.0,546,19.5,1,2238.4,1956.1,20.17,-0.195,8.7
2025-09-28,gumgaon,Gumgaon Incline Mine,2800,2296,38.8,87.9,92.2,87.5,22.4,1.6,0.0,504,18.0,1,2266.4,1959.3,19.63,-0.18,8.4
2025-09-29,gumgaon,Gumgaon Incline Mine,2800,2338,38.2,85.3,92.8,88.8,23.2,0.8,0.0,462,16.5,1,2284.3,2001.5,18.85,-0.165,7.8
2025-09-30,gumgaon,Gumgaon Incline Mine,2800,2321,37.6,84.8,88.6,91.9,23.0,1.0,0.0,479,17.1,1,2280.9,2028.4,18.41,-0.1711,8.3
2025-10-01,gumgaon,Gumgaon Incline Mine,2800,2198,39.4,86.0,92.1,88.5,23.0,1.0,0.0,602,21.5,1,2268.7,2035.3,19.18,-0.215,7.4
2025-10-02,gumgaon,Gumgaon Incline Mine,2800,2223,38.3,87.3,92.8,85.6,22.9,1.1,0.0,577,20.6,1,2266.6,2043.2,19.54,-0.2061,7.6
2025-10-03,gumgaon,Gumgaon Incline Mine,2800,2360,39.0,86.1,86.2,92.1,22.4,1.6,0.0,440,15.7,1,2284.3,2049.4,18.58,-0.1571,8.5
2025-10-04,gumgaon,Gumgaon Incline Mine,2800,2305,38.6,87.7,96.0,88.2,23.5,0.5,0.0,495,17.7,1,2291.6,2074.9,18.36,-0.1768,7.6
2025-10-05,gumgaon,Gumgaon Incline Mine,2800,2282,39.1,85.3,93.7,89.8,22.5,1.5,0.0,518,18.5,1,2289.6,2102.0,18.39,-0.185,7.5
2025-10-06,gumgaon,Gumgaon Incline Mine,2800,2074,39.4,86.8,90.2,85.9,22.2,1.8,0.0,726,25.9,1,2251.9,2129.0,20.27,-0.2593,8.5
2025-10-07,gumgaon,Gumgaon Incline Mine,2800,2174,38.3,86.0,88.5,88.0,22.7,1.3,0.0,626,22.4,1,2230.9,2139.4,20.8,-0.2236,8.8
2025-10-08,gumgaon,Gumgaon Incline Mine,2800,2191,39.4,86.9,88.8,88.6,22.1,1.9,0.0,609,21.8,1,2229.9,2147.7,21.05,-0.2175,9.7
2025-10-09,gumgaon,Gumgaon Incline Mine,2800,2358,39.5,88.4,93.8,89.4,23.0,1.0,0.0,442,15.8,1,2249.1,2178.8,19.74,-0.1579,9.6
2025-10-10,gumgaon,Gumgaon Incline Mine,2800,1643,38.0,86.1,60.6,90.0,16.0,8.0,0.0,1157,41.3,1,2146.7,2162.3,25.13,-0.4132,16.0
2025-10-11,gumgaon,Gumgaon Incline Mine,2800,2297,39.3,87.6,88.0,90.3,23.0,1.0,0.0,503,18.0,1,2145.6,2178.9,23.35,-0.1796,16.5
2025-10-12,gumgaon,Gumgaon Incline Mine,2800,2397,39.9,88.7,89.8,92.4,22.5,1.5,0.0,403,14.4,1,2162.0,2202.7,21.11,-0.1439,16.5
2025-10-13,gumgaon,Gumgaon Incline Mine,2800,2399,38.3,87.3,94.9,92.7,23.2,0.8,0.0,401,14.3,1,2208.4,2212.8,19.41,-0.1432,15.5
2025-10-14,gumgaon,Gumgaon Incline Mine,2800,2197,39.3,87.7,88.4,88.0,22.6,1.4,0.0,603,21.5,1,2211.7,2226.9,19.93,-0.2154,15.6
2025-10-15,gumgaon,Gumgaon Incline Mine,2800,2278,38.6,87.3,90.2,89.5,23.0,1.0,0.0,522,18.6,1,2224.1,2226.4,19.6,-0.1864,14.7
2025-10-16,gumgaon,Gumgaon Incline Mine,2800,2212,38.3,85.7,96.0,86.7,23.1,0.9,0.0,588,21.0,1,2203.3,2230.3,19.95,-0.21,14.6
2025-10-17,gumgaon,Gumgaon Incline Mine,2800,2254,38.7,87.3,93.2,87.0,22.4,1.6,0.0,546,19.5,1,2290.6,2245.9,19.84,-0.195,8.2
2025-10-18,gumgaon,Gumgaon Incline Mine,2800,2236,38.6,85.0,88.7,92.0,22.6,1.4,0.0,564,20.1,1,2281.9,2246.2,19.9,-0.2014,8.6
2025-10-19,gumgaon,Gumgaon Incline Mine,2800,2296,38.6,86.1,97.0,87.6,23.5,0.5,0.0,504,18.0,1,2267.4,2241.9,19.43,-0.18,7.6
2025-10-20,gumgaon,Gumgaon Incline Mine,2800,2219,38.3,85.9,88.9,88.9,22.1,1.9,0.0,581,20.8,1,2241.7,2240.6,19.77,-0.2075,8.7
2025-10-21,gumgaon,Gumgaon Incline Mine,2800,2333,38.6,87.3,88.3,91.9,22.9,1.1,0.0,467,16.7,1,2261.1,2248.3,19.0,-0.1668,8.4
2025-10-22,gumgaon,Gumgaon Incline Mine,2800,2315,39.4,85.8,94.8,88.1,23.2,0.8,0.0,485,17.3,1,2266.4,2251.7,18.58,-0.1732,8.2
2025-10-23,gumgaon,Gumgaon Incline Mine,2800,2279,40.0,88.5,88.1,87.7,22.9,1.1,0.0,521,18.6,1,2276.0,2249.5,18.58,-0.1861,8.4
2025-10-24,gumgaon,Gumgaon Incline Mine,2800,2016,38.5,86.4,93.5,81.2,22.7,1.3,0.0,784,28.0,1,2242.0,2240.6,20.94,-0.28,8.1
2025-10-25,gumgaon,Gumgaon Incline Mine,2800,2317,37.9,86.2,87.9,93.8,22.4,1.6,0.0,483,17.2,1,2253.6,2243.3,20.0,-0.1725,8.3
2025-10-26,gumgaon,Gumgaon Incline Mine,2800,2187,40.0,88.3,85.5,88.8,22.2,1.8,0.0,613,21.9,1,2238.0,2241.6,20.48,-0.2189,9.6
2025-10-27,gumgaon,Gumgaon Incline Mine,2800,2114,38.8,85.8,86.3,88.3,22.1,1.9,0.0,686,24.5,1,2223.0,2237.0,21.48,-0.245,9.6
2025-10-28,gumgaon,Gumgaon Incline Mine,2800,2183,38.7,87.6,93.3,85.8,23.0,1.0,0.0,617,22.0,1,2201.6,2233.2,21.61,-0.2204,9.5
2025-10-29,gumgaon,Gumgaon Incline Mine,2800,2359,38.6,86.3,94.9,89.6,23.0,1.0,0.0,441,15.8,1,2207.9,2233.9,20.16,-0.1575,9.7
2025-10-30,gumgaon,Gumgaon Incline Mine,2800,2186,39.2,86.3,93.9,85.2,22.7,1.3,0.0,614,21.9,1,2194.6,2229.4,20.59,-0.2193,9.9
2025-10-31,gumgaon,Gumgaon Incline Mine,2800,2349,38.8,87.3,91.4,93.5,22.3,1.7,0.0,451,16.1,1,2242.1,2234.4,19.47,-0.1611,10.3
2025-11-01,gumgaon,Gumgaon Incline Mine,2800,2173,39.3,86.1,88.3,88.8,22.3,1.7,0.0,627,22.4,1,2221.6,2232.8,20.2,-0.2239,10.4
2025-11-02,gumgaon,Gumgaon Incline Mine,2800,2286,37.6,86.4,92.9,89.9,23.2,0.8,0.0,514,18.4,1,2235.7,2230.3,19.75,-0.1836,9.4
2025-11-03,gumgaon,Gumgaon Incline Mine,2800,2152,38.3,85.7,91.5,90.1,22.0,2.0,0.0,648,23.1,1,2241.1,2225.2,20.59,-0.2314,9.5
2025-11-04,gumgaon,Gumgaon Incline Mine,2800,2437,38.5,86.4,93.2,90.7,23.5,0.5,0.0,363,13.0,1,2277.4,2230.4,18.69,-0.1296,9.0
2025-11-05,gumgaon,Gumgaon Incline Mine,2800,2219,39.3,86.0,86.2,91.9,22.5,1.5,0.0,581,20.8,1,2257.4,2235.2,19.22,-0.2075,9.5
2025-11-06,gumgaon,Gumgaon Incline Mine,2800,2232,38.1,86.4,91.9,85.0,22.8,1.2,0.0,568,20.3,1,2264.0,2237.1,19.49,-0.2029,9.4
2025-11-07,gumgaon,Gumgaon Incline Mine,2800,2248,39.1,87.2,87.5,88.9,22.6,1.4,0.0,552,19.7,1,2249.6,2239.0,19.54,-0.1971,9.1
2025-11-08,gumgaon,Gumgaon Incline Mine,2800,2273,38.5,87.6,92.0,90.7,22.3,1.7,0.0,527,18.8,1,2263.9,2236.2,19.36,-0.1882,9.1
2025-11-09,gumgaon,Gumgaon Incline Mine,2800,2235,38.8,87.2,94.5,86.5,22.7,1.3,0.0,565,20.2,1,2256.6,2255.9,19.57,-0.2018,9.6
2025-11-10,gumgaon,Gumgaon Incline Mine,2800,2095,38.5,85.5,85.2,87.9,22.2,1.8,0.0,705,25.2,1,2248.4,2249.2,20.98,-0.2518,9.4
2025-11-11,gumgaon,Gumgaon Incline Mine,2800,2177,38.0,84.9,90.2,91.2,22.1,1.9,0.0,623,22.2,1,2211.3,2241.9,21.28,-0.2225,10.8
2025-11-12,gumgaon,Gumgaon Incline Mine,2800,2246,34.3,84.7,90.8,89.3,22.7,1.3,0.0,554,19.8,1,2215.1,2236.8,20.91,-0.1979,10.6
2025-11-13,gumgaon,Gumgaon Incline Mine,2800,2081,38.8,87.5,91.9,85.0,22.1,1.9,0.0,719,25.7,1,2193.6,2232.9,22.11,-0.2568,11.3
2025-11-14,gumgaon,Gumgaon Incline Mine,2800,2118,37.7,85.7,86.8,88.9,22.2,1.8,0.0,682,24.4,1,2175.0,2227.6,22.68,-0.2436,11.7
2025-11-15,gumgaon,Gumgaon Incline Mine,2800,2391,38.3,86.8,92.9,90.2,23.1,0.9,0.0,409,14.6,1,2191.9,2233.5,20.66,-0.1461,10.9
2025-11-16,gumgaon,Gumgaon Incline Mine,2800,2159,38.7,86.8,86.1,86.2,22.4,1.6,0.0,641,22.9,1,2181.0,2230.4,21.22,-0.2289,11.2
2025-11-17,gumgaon,Gumgaon Incline Mine,2800,2239,40.4,88.8,88.7,84.6,22.6,1.4,0.0,561,20.0,1,2201.6,2230.5,20.92,-0.2004,10.8
2025-11-18,gumgaon,Gumgaon Incline Mine,2800,2223,38.5,85.3,86.7,87.0,22.5,1.5,0.0,577,20.6,1,2208.1,2228.0,20.84,-0.2061,10.4
2025-11-19,gumgaon,Gumgaon Incline Mine,2800,2297,39.3,87.3,89.3,87.8,22.6,1.4,0.0,503,18.0,1,2215.4,2230.6,20.13,-0.1796,10.5
2025-11-20,gumgaon,Gumgaon Incline Mine,2800,2319,38.6,86.5,93.6,89.2,22.8,1.2,0.0,481,17.2,1,2249.4,2230.2,19.4,-0.1718,9.8
2025-11-21,gumgaon,Gumgaon Incline Mine,2800,2266,39.2,85.7,89.4,90.7,23.1,0.9,0.0,534,19.1,1,2270.6,2228.5,19.32,-0.1907,8.9
2025-11-22,gumgaon,Gumgaon Incline Mine,2800,2372,39.0,86.0,94.2,94.2,22.7,1.3,0.0,428,15.3,1,2267.9,2231.6,18.32,-0.1529,9.3
2025-11-23,gumgaon,Gumgaon Incline Mine,2800,2043,39.3,87.9,94.4,79.4,23.2,0.8,0.0,757,27.0,1,2251.3,2232.5,20.49,-0.2704,8.5
2025-11-24,gumgaon,Gumgaon Incline Mine,2800,2280,38.2,87.3,89.3,87.8,22.6,1.4,0.0,520,18.6,1,2257.1,2231.3,20.02,-0.1857,8.5
2025-11-25,gumgaon,Gumgaon Incline Mine,2800,2058,38.0,85.5,85.5,87.0,22.1,1.9,0.0,742,26.5,1,2233.6,2227.0,21.64,-0.265,8.9
2025-11-26,gumgaon,Gumgaon Incline Mine,2800,1600,38.8,87.1,63.1,85.7,16.3,7.7,0.0,1200,42.9,1,2134.0,2209.9,26.95,-0.4286,15.2
2025-11-27,gumgaon,Gumgaon Incline Mine,2800,2327,38.3,87.4,90.4,91.3,23.3,0.7,0.0,473,16.9,1,2135.1,2214.7,24.44,-0.1689,14.7
2025-11-28,gumgaon,Gumgaon Incline Mine,2800,2333,38.6,86.5,93.5,91.2,23.0,1.0,0.0,467,16.7,1,2144.7,2213.8,22.5,-0.1668,14.8
2025-11-29,gumgaon,Gumgaon Incline Mine,2800,2329,39.1,87.5,84.7,91.6,22.2,1.8,0.0,471,16.8,1,2138.6,2218.6,21.08,-0.1682,15.3
2025-11-30,gumgaon,Gumgaon Incline Mine,2800,2203,39.8,85.9,85.8,88.3,22.0,2.0,0.0,597,21.3,1,2161.4,2213.7,21.13,-0.2132,16.5
2025-12-01,gumgaon,Gumgaon Incline Mine,2800,2337,39.4,88.4,93.3,88.6,23.1,0.9,0.0,463,16.5,1,2169.6,2219.2,19.98,-0.1654,16.0
2025-12-02,gumgaon,Gumgaon Incline Mine,2800,2219,38.6,86.9,90.8,90.1,22.1,1.9,0.0,581,20.8,1,2192.6,2216.9,20.18,-0.2075,16.0
2025-12-03,gumgaon,Gumgaon Incline Mine,2800,2183,39.5,86.1,87.3,89.3,22.6,1.4,0.0,617,22.0,1,2275.9,2218.0,20.64,-0.2204,9.7
2025-12-04,gumgaon,Gumgaon Incline Mine,2800,2177,38.3,86.8,93.6,84.6,23.4,0.6,0.0,623,22.2,1,2254.4,2209.3,21.03,-0.2225,9.6
2025-12-05,gumgaon,Gumgaon Incline Mine,2800,2392,39.1,88.3,90.7,87.1,23.4,0.6,0.0,408,14.6,1,2262.9,2215.1,19.42,-0.1457,9.2
2025-12-06,gumgaon,Gumgaon Incline Mine,2800,2298,38.1,87.3,96.0,86.2,23.5,0.5,0.0,502,17.9,1,2258.4,2217.3,19.04,-0.1793,7.9
2025-12-07,gumgaon,Gumgaon Incline Mine,2800,2415,39.1,88.2,96.0,95.1,23.1,0.9,0.0,385,13.8,1,2288.7,2222.8,17.73,-0.1375,6.8
2025-12-08,gumgaon,Gumgaon Incline Mine,2800,2367,38.2,86.2,91.8,91.6,22.9,1.1,0.0,433,15.5,1,2293.0,2226.0,17.17,-0.1546,7.0
2025-12-09,gumgaon,Gumgaon Incline Mine,2800,2271,38.0,85.7,92.3,89.4,23.0,1.0,0.0,529,18.9,1,2300.4,2227.2,17.6,-0.1889,6.1
2025-12-10,gumgaon,Gumgaon Incline Mine,2800,2379,38.8,86.1,89.1,93.2,22.4,1.6,0.0,421,15.0,1,2328.4,2236.6,16.95,-0.1504,6.3
2025-12-11,gumgaon,Gumgaon Incline Mine,2800,2221,38.3,85.1,93.6,92.6,22.6,1.4,0.0,579,20.7,1,2334.7,2238.1,17.89,-0.2068,7.1
2025-12-12,gumgaon,Gumgaon Incline Mine,2800,2318,38.2,87.5,92.8,89.3,22.9,1.1,0.0,482,17.2,1,2324.1,2240.5,17.72,-0.1721,7.6
2025-12-13,gumgaon,Gumgaon Incline Mine,2800,2186,38.1,85.0,87.2,89.6,22.4,1.6,0.0,614,21.9,1,2308.1,2244.0,18.76,-0.2193,8.7
2025-12-14,gumgaon,Gumgaon Incline Mine,2800,2313,39.0,87.0,93.6,88.0,23.3,0.7,0.0,487,17.4,1,2293.6,2250.5,18.42,-0.1739,8.5
2025-12-15,gumgaon,Gumgaon Incline Mine,2800,2428,39.6,87.7,90.2,89.2,23.3,0.7,0.0,372,13.3,1,2302.3,2251.7,17.14,-0.1329,8.1
2025-12-16,gumgaon,Gumgaon Incline Mine,2800,2333,38.9,86.4,87.6,91.0,22.8,1.2,0.0,467,16.7,1,2311.1,2257.5,17.03,-0.1668,8.3
2025-12-17,gumgaon,Gumgaon Incline Mine,2800,2147,37.8,84.6,84.9,86.6,22.1,1.9,0.0,653,23.3,1,2278.0,2254.5,18.6,-0.2332,8.6
2025-12-18,gumgaon,Gumgaon Incline Mine,2800,2176,39.3,86.8,87.9,88.2,22.0,2.0,0.0,624,22.3,1,2271.6,2252.9,19.52,-0.2229,9.2
2025-12-19,gumgaon,Gumgaon Incline Mine,2800,2163,38.8,86.9,87.9,88.1,22.3,1.7,0.0,637,22.8,1,2249.4,2248.4,20.34,-0.2275,9.8
2025-12-20,gumgaon,Gumgaon Incline Mine,2800,2240,39.7,87.2,93.4,90.1,22.6,1.4,0.0,560,20.0,1,2257.1,2245.8,20.26,-0.2,9.6
2025-12-21,gumgaon,Gumgaon Incline Mine,2800,2366,38.8,86.2,93.8,90.6,22.9,1.1,0.0,434,15.5,1,2264.7,2249.1,19.07,-0.155,10.0
2025-12-22,gumgaon,Gumgaon Incline Mine,2800,2237,39.3,87.4,92.2,89.3,22.4,1.6,0.0,563,20.1,1,2237.4,2244.6,19.33,-0.2011,10.9
2025-12-23,gumgaon,Gumgaon Incline Mine,2800,2324,38.5,86.1,93.5,88.5,23.0,1.0,0.0,476,17.0,1,2236.1,2254.0,18.74,-0.17,10.7
2025-12-24,gumgaon,Gumgaon Incline Mine,2800,2329,38.9,86.6,92.9,91.5,22.7,1.3,0.0,471,16.8,1,2262.1,2255.6,18.26,-0.1682,10.1
2025-12-25,gumgaon,Gumgaon Incline Mine,2800,2277,37.8,86.2,88.2,87.5,23.0,1.0,0.0,523,18.7,1,2276.6,2262.9,18.37,-0.1868,9.1
2025-12-26,gumgaon,Gumgaon Incline Mine,2800,2141,37.6,84.6,88.7,90.2,22.2,1.8,0.0,659,23.5,1,2273.4,2281.0,19.65,-0.2354,9.2
2025-12-27,gumgaon,Gumgaon Incline Mine,2800,2311,39.3,87.1,87.9,89.6,22.9,1.1,0.0,489,17.5,1,2283.6,2280.4,19.11,-0.1746,8.9
2025-12-28,gumgaon,Gumgaon Incline Mine,2800,2290,40.1,87.6,90.4,86.1,23.4,0.6,0.0,510,18.2,1,2272.7,2279.0,18.89,-0.1821,8.4
2025-12-29,gumgaon,Gumgaon Incline Mine,2800,2135,38.8,87.5,90.4,87.6,22.1,1.9,0.0,665,23.8,1,2258.1,2272.5,20.11,-0.2375,8.7
2025-12-30,gumgaon,Gumgaon Incline Mine,2800,2288,38.8,87.3,92.7,90.1,22.6,1.4,0.0,512,18.3,1,2253.0,2275.4,19.66,-0.1829,9.1
2025-12-31,gumgaon,Gumgaon Incline Mine,2800,2242,38.1,86.3,92.6,91.1,22.8,1.2,0.0,558,19.9,1,2240.6,2272.2,19.72,-0.1993,9.0
2026-01-01,gumgaon,Gumgaon Incline Mine,2800,2456,38.0,87.1,89.9,91.0,23.4,0.6,0.0,344,12.3,1,2266.1,2280.1,17.87,-0.1229,8.6
2026-01-02,gumgaon,Gumgaon Incline Mine,2800,2240,38.9,87.6,90.4,88.9,22.4,1.6,0.0,560,20.0,1,2280.3,2282.0,18.4,-0.2,8.4
2026-01-03,gumgaon,Gumgaon Incline Mine,2800,2418,39.3,88.1,89.3,93.4,22.7,1.3,0.0,382,13.6,1,2295.6,2290.0,17.2,-0.1364,8.6
2026-01-04,gumgaon,Gumgaon Incline Mine,2800,2212,38.2,85.7,96.0,86.8,23.5,0.5,0.0,588,21.0,1,2284.4,2284.0,18.15,-0.21,8.5
2026-01-05,gumgaon,Gumgaon Incline Mine,2800,2252,39.0,86.9,92.4,89.8,22.9,1.1,0.0,548,19.6,1,2301.1,2282.5,18.51,-0.1957,7.7
2026-01-06,gumgaon,Gumgaon Incline Mine,2800,2247,38.4,86.8,88.4,91.5,22.4,1.6,0.0,553,19.8,1,2295.3,2276.9,18.83,-0.1975,7.9
2026-01-07,gumgaon,Gumgaon Incline Mine,2800,2140,38.6,85.7,95.3,85.1,23.2,0.8,0.0,660,23.6,1,2280.7,2269.3,20.03,-0.2357,7.5
2026-01-08,gumgaon,Gumgaon Incline Mine,2800,2252,37.8,86.2,85.6,94.5,22.2,1.8,0.0,548,19.6,1,2251.6,2268.7,19.92,-0.1957,8.7
2026-01-09,gumgaon,Gumgaon Incline Mine,2800,2260,39.9,86.8,92.5,91.8,22.5,1.5,0.0,540,19.3,1,2254.4,2264.7,19.76,-0.1929,8.6
2026-01-10,gumgaon,Gumgaon Incline Mine,2800,2333,38.0,85.5,94.2,92.2,23.4,0.6,0.0,467,16.7,1,2242.3,2268.5,19.0,-0.1668,7.9
2026-01-11,gumgaon,Gumgaon Incline Mine,2800,2367,39.7,86.9,92.0,92.0,23.0,1.0,0.0,433,15.5,1,2264.4,2270.1,18.12,-0.1546,8.4
2026-01-12,gumgaon,Gumgaon Incline Mine,2800,1632,38.4,87.0,69.5,85.6,16.7,7.3,0.0,1168,41.7,1,2175.9,2251.6,24.02,-0.4171,14.6
2026-01-13,gumgaon,Gumgaon Incline Mine,2800,2262,38.6,87.7,87.6,91.1,22.4,1.6,0.0,538,19.2,1,2178.0,2249.9,22.81,-0.1921,14.6
2026-01-14,gumgaon,Gumgaon Incline Mine,2800,2028,35.2,83.5,90.2,86.7,22.3,1.7,0.0,772,27.6,1,2162.0,2236.6,24.01,-0.2757,15.5
2026-01-15,gumgaon,Gumgaon Incline Mine,2800,2211,37.6,87.1,89.7,86.5,23.0,1.0,0.0,589,21.0,1,2156.1,2232.5,23.26,-0.2104,14.7
2026-01-16,gumgaon,Gumgaon Incline Mine,2800,2173,37.7,85.5,88.1,86.8,22.3,1.7,0.0,627,22.4,1,2143.7,2233.4,23.04,-0.2239,14.9
2026-01-17,gumgaon,Gumgaon Incline Mine,2800,2221,39.1,86.2,87.0,90.3,22.6,1.4,0.0,579,20.7,1,2127.7,2234.9,22.46,-0.2068,15.7
2026-01-18,gumgaon,Gumgaon Incline Mine,2800,2138,38.6,85.9,91.1,87.3,22.1,1.9,0.0,662,23.6,1,2095.0,2234.1,22.74,-0.2364,16.6
2026-01-19,gumgaon,Gumgaon Incline Mine,2800,2233,38.7,87.3,94.2,85.1,23.3,0.7,0.0,567,20.2,1,2180.9,2233.8,22.11,-0.2025,10.0
2026-01-20,gumgaon,Gumgaon Incline Mine,2800,2263,38.7,85.5,89.9,91.4,22.5,1.5,0.0,537,19.2,1,2181.0,2230.4,21.38,-0.1918,9.9
2026-01-21,gumgaon,Gumgaon Incline Mine,2800,2195,38.4,85.2,87.8,87.3,22.2,1.8,0.0,605,21.6,1,2204.9,2229.0,21.44,-0.2161,10.0
2026-01-22,gumgaon,Gumgaon Incline Mine,2800,2120,38.6,87.2,87.8,83.1,22.6,1.4,0.0,680,24.3,1,2191.9,2222.2,22.15,-0.2429,10.4
2026-01-23,gumgaon,Gumgaon Incline Mine,2800,2207,38.4,86.9,86.6,89.6,22.6,1.4,0.0,593,21.2,1,2196.7,2218.1,21.91,-0.2118,10.1
2026-01-24,gumgaon,Gumgaon Incline Mine,2800,2141,38.9,86.4,92.5,83.4,23.4,0.6,0.0,659,23.5,1,2185.3,2213.6,22.31,-0.2354,9.3
2026-01-25,gumgaon,Gumgaon Incline Mine,2800,2153,37.5,84.5,93.8,87.8,22.7,1.3,0.0,647,23.1,1,2187.4,2214.0,22.51,-0.2311,8.7
2026-01-26,gumgaon,Gumgaon Incline Mine,2800,2328,37.6,87.2,89.0,92.6,22.7,1.3,0.0,472,16.9,1,2201.0,2214.6,21.11,-0.1686,9.3
2026-01-27,gumgaon,Gumgaon Incline Mine,2800,2342,37.7,86.8,96.6,92.2,23.3,0.7,0.0,458,16.4,1,2212.3,2216.3,19.93,-0.1636,8.5
2026-01-28,gumgaon,Gumgaon Incline Mine,2800,2358,38.9,86.4,87.7,95.5,22.3,1.7,0.0,442,15.8,1,2235.6,2223.7,18.9,-0.1579,8.4
2026-01-29,gumgaon,Gumgaon Incline Mine,2800,2312,38.4,85.9,96.6,91.9,23.2,0.8,0.0,488,17.4,1,2263.0,2224.5,18.52,-0.1743,7.8
2026-01-30,gumgaon,Gumgaon Incline Mine,2800,2232,38.0,85.5,92.0,89.0,22.6,1.4,0.0,568,20.3,1,2266.6,2224.2,18.97,-0.2029,7.8
2026-01-31,gumgaon,Gumgaon Incline Mine,2800,2333,38.3,85.2,90.8,90.4,22.9,1.1,0.0,467,16.7,1,2294.0,2220.1,18.4,-0.1668,8.3
2026-02-01,gumgaon,Gumgaon Incline Mine,2800,2226,38.2,85.0,93.9,90.6,22.9,1.1,0.0,574,20.5,1,2304.4,2219.6,18.93,-0.205,8.1
2026-02-02,gumgaon,Gumgaon Incline Mine,2800,2224,38.5,87.0,91.3,89.1,22.5,1.5,0.0,576,20.6,1,2289.6,2213.2,19.34,-0.2057,8.3
2026-02-03,gumgaon,Gumgaon Incline Mine,2800,2357,38.2,85.1,96.0,90.3,23.2,0.8,0.0,443,15.8,1,2291.7,2218.0,18.46,-0.1582,8.4
2026-02-04,gumgaon,Gumgaon Incline Mine,2800,2249,39.7,87.1,90.0,90.3,22.2,1.8,0.0,551,19.7,1,2276.1,2217.9,18.77,-0.1968,8.5
2026-02-05,gumgaon,Gumgaon Incline Mine,2800,2317,37.9,86.4,92.2,89.6,22.5,1.5,0.0,483,17.2,1,2276.9,2220.2,18.38,-0.1725,9.2
2026-02-06,gumgaon,Gumgaon Incline Mine,2800,2322,39.1,86.1,87.5,92.0,22.8,1.2,0.0,478,17.1,1,2289.7,2226.3,18.06,-0.1707,9.0
2026-02-07,gumgaon,Gumgaon Incline Mine,2800,2239,39.6,87.7,89.6,91.0,22.2,1.8,0.0,561,20.0,1,2276.3,2225.9,18.54,-0.2004,9.7
2026-02-08,gumgaon,Gumgaon Incline Mine,2800,2391,39.4,87.0,87.4,91.9,22.6,1.4,0.0,409,14.6,1,2299.9,2230.2,17.56,-0.1461,10.0
2026-02-09,gumgaon,Gumgaon Incline Mine,2800,2250,38.9,86.6,91.7,89.5,23.1,0.9,0.0,550,19.6,1,2303.6,2227.5,18.07,-0.1964,9.4
2026-02-10,gumgaon,Gumgaon Incline Mine,2800,2171,38.5,85.3,87.0,88.2,22.1,1.9,0.0,629,22.5,1,2277.0,2220.9,19.18,-0.2246,10.5
2026-02-11,gumgaon,Gumgaon Incline Mine,2800,2359,38.7,85.4,90.1,94.1,22.1,1.9,0.0,441,15.8,1,2292.7,2245.2,18.33,-0.1575,10.6
2026-02-12,gumgaon,Gumgaon Incline Mine,2800,2288,39.0,88.1,86.5,88.6,22.1,1.9,0.0,512,18.3,1,2288.6,2246.0,18.32,-0.1829,11.0
2026-02-13,gumgaon,Gumgaon Incline Mine,2800,2341,37.8,85.0,93.3,94.9,23.3,0.7,0.0,459,16.4,1,2291.3,2256.5,17.84,-0.1639,10.5
2026-02-14,gumgaon,Gumgaon Incline Mine,2800,2339,39.0,87.5,87.2,91.1,22.1,1.9,0.0,461,16.5,1,2305.6,2260.7,17.51,-0.1646,10.6
2026-02-15,gumgaon,Gumgaon Incline Mine,2800,2353,39.0,87.1,86.4,93.4,22.1,1.9,0.0,447,16.0,1,2300.1,2266.7,17.13,-0.1596,11.1
2026-02-16,gumgaon,Gumgaon Incline Mine,2800,2250,37.6,87.0,96.5,85.5,23.2,0.8,0.0,550,19.6,1,2300.1,2267.7,17.75,-0.1964,11.0
2026-02-17,gumgaon,Gumgaon Incline Mine,2800,2258,38.7,85.8,90.9,90.6,23.2,0.8,0.0,542,19.4,1,2312.6,2271.7,18.16,-0.1936,9.9
2026-02-18,gumgaon,Gumgaon Incline Mine,2800,2188,37.3,84.5,92.4,89.3,22.7,1.3,0.0,612,21.9,1,2288.1,2270.2,19.1,-0.2186,9.3
2026-02-19,gumgaon,Gumgaon Incline Mine,2800,2354,37.5,86.9,93.2,89.7,22.9,1.1,0.0,446,15.9,1,2297.6,2273.2,18.3,-0.1593,8.5
2026-02-20,gumgaon,Gumgaon Incline Mine,2800,2232,37.7,86.3,88.4,86.3,22.6,1.4,0.0,568,20.3,1,2282.0,2274.5,18.8,-0.2029,9.2
2026-02-21,gumgaon,Gumgaon Incline Mine,2800,2321,38.2,87.6,85.7,94.1,22.1,1.9,0.0,479,17.1,1,2279.4,2281.2,18.37,-0.1711,9.2
2026-02-22,gumgaon,Gumgaon Incline Mine,2800,2203,38.0,84.7,87.1,91.9,22.3,1.7,0.0,597,21.3,1,2258.0,2281.0,19.1,-0.2132,9.0
2026-02-23,gumgaon,Gumgaon Incline Mine,2800,2179,39.4,86.1,92.5,87.4,22.4,1.6,0.0,621,22.2,1,2247.9,2282.3,19.88,-0.2218,9.8
2026-02-24,gumgaon,Gumgaon Incline Mine,2800,2414,39.4,87.2,96.4,92.1,23.2,0.8,0.0,386,13.8,1,2270.1,2291.0,18.36,-0.1379,9.8
2026-02-25,gumgaon,Gumgaon Incline Mine,2800,2170,39.1,86.1,89.8,89.1,22.4,1.6,0.0,630,22.5,1,2267.6,2285.7,19.39,-0.225,10.1
2026-02-26,gumgaon,Gumgaon Incline Mine,2800,2342,38.9,85.6,91.8,90.9,22.9,1.1,0.0,458,16.4,1,2265.9,2285.7,18.65,-0.1636,10.1
2026-02-27,gumgaon,Gumgaon Incline Mine,2800,2401,37.9,86.7,93.3,92.0,22.7,1.3,0.0,399,14.2,1,2290.0,2287.2,17.53,-0.1425,10.0
2026-02-28,gumgaon,Gumgaon Incline Mine,2800,1561,39.8,86.2,61.9,88.1,16.5,7.5,0.0,1239,44.2,1,2181.4,2262.1,24.2,-0.4425,15.6
2026-03-01,gumgaon,Gumgaon Incline Mine,2800,2045,37.5,84.5,90.4,86.1,22.3,1.7,0.0,755,27.0,1,2158.9,2255.9,24.9,-0.2696,15.6
2026-03-02,gumgaon,Gumgaon Incline Mine,2800,2170,39.1,86.0,89.2,86.1,23.0,1.0,0.0,630,22.5,1,2157.6,2250.5,24.3,-0.225,15.0
2026-03-03,gumgaon,Gumgaon Incline Mine,2800,2146,38.6,85.2,86.8,86.8,22.2,1.8,0.0,654,23.4,1,2119.3,2247.8,24.08,-0.2336,16.0
2026-03-04,gumgaon,Gumgaon Incline Mine,2800,2399,39.3,88.3,86.5,94.3,22.0,2.0,0.0,401,14.3,1,2152.0,2253.6,21.63,-0.1432,16.4
2026-03-05,gumgaon,Gumgaon Incline Mine,2800,2330,39.4,88.2,85.8,90.0,22.5,1.5,0.0,470,16.8,1,2150.3,2252.7,20.42,-0.1679,16.8
2026-03-06,gumgaon,Gumgaon Incline Mine,2800,2336,39.6,86.7,95.4,92.1,23.3,0.7,0.0,464,16.6,1,2141.0,2255.6,19.47,-0.1657,16.2
2026-03-07,gumgaon,Gumgaon Incline Mine,2800,2246,39.2,87.7,87.5,87.8,22.8,1.2,0.0,554,19.8,1,2238.9,2253.3,19.55,-0.1979,9.9
2026-03-08,gumgaon,Gumgaon Incline Mine,2800,2164,38.7,87.4,85.9,89.9,22.1,1.9,0.0,636,22.7,1,2255.9,2248.0,20.34,-0.2271,10.1
2026-03-09,gumgaon,Gumgaon Incline Mine,2800,2190,38.2,85.3,93.4,90.1,22.5,1.5,0.0,610,21.8,1,2258.7,2246.4,20.7,-0.2179,10.6
2026-03-10,gumgaon,Gumgaon Incline Mine,2800,2283,39.7,87.5,94.5,87.1,22.8,1.2,0.0,517,18.5,1,2278.3,2242.8,20.15,-0.1846,10.0
2026-03-11,gumgaon,Gumgaon Incline Mine,2800,2115,37.5,86.5,85.8,85.0,22.4,1.6,0.0,685,24.5,1,2237.7,2238.3,21.24,-0.2446,9.6
2026-03-12,gumgaon,Gumgaon Incline Mine,2800,2193,38.7,86.5,92.7,86.8,22.6,1.4,0.0,607,21.7,1,2218.1,2239.0,21.35,-0.2168,9.5
2026-03-13,gumgaon,Gumgaon Incline Mine,2800,2201,38.4,87.4,89.7,84.6,23.2,0.8,0.0,599,21.4,1,2198.9,2233.7,21.37,-0.2139,9.6
2026-03-14,gumgaon,Gumgaon Incline Mine,2800,2268,39.5,86.0,92.9,88.6,23.0,1.0,0.0,532,19.0,1,2202.0,2233.1,20.77,-0.19,9.4
2026-03-15,gumgaon,Gumgaon Incline Mine,2800,2284,38.5,85.3,94.9,89.8,23.5,0.5,0.0,516,18.4,1,2219.1,2231.2,20.18,-0.1843,8.0
2026-03-16,gumgaon,Gumgaon Incline Mine,2800,2302,37.7,84.8,89.2,91.2,22.8,1.2,0.0,498,17.8,1,2235.1,2229.9,19.59,-0.1779,7.7
2026-03-17,gumgaon,Gumgaon Incline Mine,2800,2240,38.7,86.4,96.4,88.7,23.3,0.7,0.0,560,20.0,1,2229.0,2226.2,19.69,-0.2,7.2
2026-03-18,gumgaon,Gumgaon Incline Mine,2800,2048,33.8,82.8,87.6,86.3,22.6,1.4,0.0,752,26.9,1,2219.4,2219.4,21.49,-0.2686,7.0
2026-03-19,gumgaon,Gumgaon Incline Mine,2800,2219,38.8,86.8,89.3,88.4,22.1,1.9,0.0,581,20.8,1,2223.1,2218.1,21.32,-0.2075,7.5
2026-03-20,gumgaon,Gumgaon Incline Mine,2800,2273,37.5,87.3,93.0,90.4,22.4,1.6,0.0,527,18.8,1,2233.4,2221.0,20.69,-0.1882,8.3
2026-03-21,gumgaon,Gumgaon Incline Mine,2800,2145,39.0,86.6,93.8,86.2,22.9,1.1,0.0,655,23.4,1,2215.9,2214.0,21.37,-0.2339,8.4
2026-03-22,gumgaon,Gumgaon Incline Mine,2800,2338,38.1,86.2,96.6,90.1,23.4,0.6,0.0,462,16.5,1,2223.6,2217.5,20.15,-0.165,8.5
2026-03-23,gumgaon,Gumgaon Incline Mine,2800,2244,39.9,87.0,88.3,86.5,23.0,1.0,0.0,556,19.9,1,2215.3,2215.0,20.09,-0.1986,8.3
2026-03-24,gumgaon,Gumgaon Incline Mine,2800,2352,37.5,87.3,90.4,87.6,23.3,0.7,0.0,448,16.0,1,2231.3,2219.9,19.07,-0.16,8.3
2026-03-25,gumgaon,Gumgaon Incline Mine,2800,2300,38.9,87.2,92.6,89.8,23.3,0.7,0.0,500,17.9,1,2267.3,2224.0,18.77,-0.1786,7.6
2026-03-26,gumgaon,Gumgaon Incline Mine,2800,2133,37.7,84.8,93.6,84.9,23.2,0.8,0.0,667,23.8,1,2255.0,2214.6,20.03,-0.2382,6.5
2026-03-27,gumgaon,Gumgaon Incline Mine,2800,2320,38.5,87.1,95.4,89.6,22.9,1.1,0.0,480,17.1,1,2261.7,2219.6,19.3,-0.1714,6.0
2026-03-28,gumgaon,Gumgaon Incline Mine,2800,2300,38.7,86.8,88.0,89.3,22.6,1.4,0.0,500,17.9,1,2283.9,2218.2,18.95,-0.1786,6.3
2026-03-29,gumgaon,Gumgaon Incline Mine,2800,2399,38.1,86.7,87.6,91.0,22.9,1.1,0.0,401,14.3,1,2292.6,2218.1,17.79,-0.1432,6.8
2026-03-30,gumgaon,Gumgaon Incline Mine,2800,2357,38.2,86.4,88.1,90.8,22.9,1.1,0.0,443,15.8,1,2308.7,2244.7,17.29,-0.1582,6.9
2026-03-31,gumgaon,Gumgaon Incline Mine,2800,2244,38.2,85.9,89.4,87.3,22.9,1.1,0.0,556,19.9,1,2293.3,2251.3,17.94,-0.1986,7.3
2026-04-01,gumgaon,Gumgaon Incline Mine,2800,2109,38.6,86.8,85.0,87.5,22.3,1.7,0.0,691,24.7,1,2266.0,2249.3,19.63,-0.2468,8.3
2026-04-02,gumgaon,Gumgaon Incline Mine,2800,2311,39.6,86.3,90.9,91.9,22.3,1.7,0.0,489,17.5,1,2291.4,2254.8,19.1,-0.1746,9.2
2026-04-03,gumgaon,Gumgaon Incline Mine,2800,2250,38.7,86.8,88.0,86.1,22.8,1.2,0.0,550,19.6,1,2281.4,2249.8,19.22,-0.1964,9.3
2026-04-04,gumgaon,Gumgaon Incline Mine,2800,2281,37.8,87.2,91.4,89.9,22.7,1.3,0.0,519,18.5,1,2278.7,2248.2,19.04,-0.1854,9.2
2026-04-05,gumgaon,Gumgaon Incline Mine,2800,2314,38.1,86.6,88.4,88.5,23.0,1.0,0.0,486,17.4,1,2266.6,2247.4,18.63,-0.1736,9.1
2026-04-06,gumgaon,Gumgaon Incline Mine,2800,2093,39.1,85.8,87.8,86.4,22.1,1.9,0.0,707,25.2,1,2228.9,2242.3,20.27,-0.2525,9.9
2026-04-07,gumgaon,Gumgaon Incline Mine,2800,2204,38.5,86.5,86.3,85.5,22.6,1.4,0.0,596,21.3,1,2223.1,2243.7,20.53,-0.2129,10.2
2026-04-08,gumgaon,Gumgaon Incline Mine,2800,2274,38.6,87.1,86.2,90.9,22.2,1.8,0.0,526,18.8,1,2246.7,2246.5,20.1,-0.1879,10.3
2026-04-09,gumgaon,Gumgaon Incline Mine,2800,2071,36.9,85.7,85.7,87.0,22.3,1.7,0.0,729,26.0,1,2212.4,2239.4,21.57,-0.2604,10.3
2026-04-10,gumgaon,Gumgaon Incline Mine,2800,2245,37.9,84.6,94.7,90.1,23.5,0.5,0.0,555,19.8,1,2211.7,2243.7,21.13,-0.1982,9.6
2026-04-11,gumgaon,Gumgaon Incline Mine,2800,2290,38.4,87.6,90.6,90.5,22.2,1.8,0.0,510,18.2,1,2213.0,2247.0,20.4,-0.1821,10.1
2026-04-12,gumgaon,Gumgaon Incline Mine,2800,2388,38.6,87.4,91.6,88.7,23.3,0.7,0.0,412,14.7,1,2223.6,2253.2,18.97,-0.1471,9.8
2026-04-13,gumgaon,Gumgaon Incline Mine,2800,2361,38.3,85.6,91.8,93.4,23.2,0.8,0.0,439,15.7,1,2261.9,2256.3,18.15,-0.1568,8.7
2026-04-14,gumgaon,Gumgaon Incline Mine,2800,2175,39.5,88.0,90.0,85.0,22.7,1.3,0.0,625,22.3,1,2257.7,2252.7,19.19,-0.2232,8.6
2026-04-15,gumgaon,Gumgaon Incline Mine,2800,2352,38.3,86.9,87.5,92.6,22.8,1.2,0.0,448,16.0,1,2268.9,2254.3,18.39,-0.16,8.0
2026-04-16,gumgaon,Gumgaon Incline Mine,2800,1866,39.8,87.9,67.2,94.1,16.9,7.1,0.0,934,33.4,1,2239.6,2241.9,22.15,-0.3336,13.4
2026-04-17,gumgaon,Gumgaon Incline Mine,2800,2347,39.0,85.7,91.5,89.9,23.0,1.0,0.0,453,16.2,1,2254.1,2251.8,20.66,-0.1618,13.9
2026-04-18,gumgaon,Gumgaon Incline Mine,2800,2182,37.9,85.0,92.7,85.8,23.4,0.6,0.0,618,22.1,1,2238.7,2250.6,21.02,-0.2207,12.7
2026-04-19,gumgaon,Gumgaon Incline Mine,2800,2238,39.5,86.0,91.4,85.5,23.3,0.7,0.0,562,20.1,1,2217.3,2249.4,20.79,-0.2007,12.7
2026-04-20,gumgaon,Gumgaon Incline Mine,2800,2444,38.9,86.5,90.4,92.8,23.3,0.7,0.0,356,12.7,1,2229.1,2259.4,18.77,-0.1271,12.6
2026-04-21,gumgaon,Gumgaon Incline Mine,2800,2191,38.0,86.1,85.2,88.3,22.2,1.8,0.0,609,21.8,1,2231.4,2254.5,19.53,-0.2175,13.1
2026-04-22,gumgaon,Gumgaon Incline Mine,2800,2343,39.4,87.0,91.6,88.8,22.8,1.2,0.0,457,16.3,1,2230.1,2257.8,18.72,-0.1632,13.1
2026-04-23,gumgaon,Gumgaon Incline Mine,2800,2344,39.0,86.5,88.9,91.1,22.5,1.5,0.0,456,16.3,1,2298.4,2257.5,18.11,-0.1629,7.5
2026-04-24,gumgaon,Gumgaon Incline Mine,2800,2048,38.3,85.4,89.0,85.2,22.2,1.8,0.0,752,26.9,1,2255.7,2249.1,20.31,-0.2686,8.3
2026-04-25,gumgaon,Gumgaon Incline Mine,2800,2106,38.6,86.7,91.1,86.6,22.4,1.6,0.0,694,24.8,1,2244.9,2248.2,21.43,-0.2479,9.3
2026-04-26,gumgaon,Gumgaon Incline Mine,2800,2239,38.9,86.1,86.4,87.7,22.5,1.5,0.0,561,20.0,1,2245.0,2245.5,21.07,-0.2004,10.1
2026-04-27,gumgaon,Gumgaon Incline Mine,2800,2222,38.4,85.9,88.2,90.1,22.4,1.6,0.0,578,20.6,1,2213.3,2242.9,20.96,-0.2064,11.0
2026-04-28,gumgaon,Gumgaon Incline Mine,2800,2297,39.2,87.4,87.8,90.7,22.8,1.2,0.0,503,18.0,1,2228.4,2239.5,20.22,-0.1796,10.4
2026-04-29,gumgaon,Gumgaon Incline Mine,2800,2302,39.5,86.6,95.4,89.2,23.3,0.7,0.0,498,17.8,1,2222.6,2237.7,19.61,-0.1779,9.9
2026-04-30,gumgaon,Gumgaon Incline Mine,2800,2376,38.3,87.7,94.5,92.1,23.0,1.0,0.0,424,15.1,1,2227.1,2242.1,18.48,-0.1514,9.4
2026-05-01,gumgaon,Gumgaon Incline Mine,2800,2086,38.2,85.4,91.5,87.2,22.0,2.0,0.0,714,25.5,1,2232.6,2241.3,20.24,-0.255,9.6
2026-05-02,gumgaon,Gumgaon Incline Mine,2800,2176,38.8,87.8,97.1,84.7,23.4,0.6,0.0,624,22.3,1,2242.6,2236.8,20.75,-0.2229,8.6
2026-05-03,gumgaon,Gumgaon Incline Mine,2800,2138,38.5,85.2,88.0,83.7,22.9,1.1,0.0,662,23.6,1,2228.1,2233.1,21.47,-0.2364,8.2
2026-05-04,gumgaon,Gumgaon Incline Mine,2800,2153,37.7,86.0,89.2,86.5,22.6,1.4,0.0,647,23.1,1,2218.3,2228.8,21.87,-0.2311,8.0
2026-05-05,gumgaon,Gumgaon Incline Mine,2800,2229,39.4,88.2,91.2,88.4,22.4,1.6,0.0,571,20.4,1,2208.6,2226.0,21.51,-0.2039,8.4
2026-05-06,gumgaon,Gumgaon Incline Mine,2800,2359,37.5,84.7,96.1,91.6,23.4,0.6,0.0,441,15.8,1,2216.7,2234.9,20.08,-0.1575,8.3
2026-05-07,gumgaon,Gumgaon Incline Mine,2800,2246,38.3,85.4,86.6,90.9,22.0,2.0,0.0,554,19.8,1,2198.1,2236.3,20.01,-0.1979,9.3
2026-05-08,gumgaon,Gumgaon Incline Mine,2800,2267,38.8,87.1,93.6,92.0,22.5,1.5,0.0,533,19.0,1,2224.0,2236.0,19.76,-0.1904,8.8
2026-05-09,gumgaon,Gumgaon Incline Mine,2800,2159,38.0,87.0,89.9,87.2,22.6,1.4,0.0,641,22.9,1,2221.6,2239.0,20.54,-0.2289,9.6
2026-05-10,gumgaon,Gumgaon Incline Mine,2800,2151,38.6,87.8,88.4,84.6,22.1,1.9,0.0,649,23.2,1,2223.4,2235.8,21.21,-0.2318,10.4
2026-05-11,gumgaon,Gumgaon Incline Mine,2800,2102,39.1,85.5,88.0,85.8,22.6,1.4,0.0,698,24.9,1,2216.1,2229.6,22.13,-0.2493,10.4
2026-05-12,gumgaon,Gumgaon Incline Mine,2800,2271,38.6,87.6,91.4,91.0,22.1,1.9,0.0,529,18.9,1,2222.1,2225.7,21.32,-0.1889,10.7
2026-05-13,gumgaon,Gumgaon Incline Mine,2800,2114,38.4,84.9,86.2,86.6,22.5,1.5,0.0,686,24.5,1,2187.1,2217.4,22.12,-0.245,11.6
2026-05-14,gumgaon,Gumgaon Incline Mine,2800,2333,39.6,88.4,93.4,87.0,23.2,0.8,0.0,467,16.7,1,2199.6,2222.7,20.76,-0.1668,10.4
2026-05-15,gumgaon,Gumgaon Incline Mine,2800,2162,38.4,86.2,88.6,87.2,22.2,1.8,0.0,638,22.8,1,2184.6,2216.4,21.27,-0.2279,10.7
2025-01-01,tirodi,Tirodi Manganese Lease,3200,2577,35.7,85.6,96.3,89.5,23.3,0.7,0.0,623,19.5,1,2577.0,2577.0,19.5,-0.1947,0.7
2025-01-02,tirodi,Tirodi Manganese Lease,3200,2335,35.4,85.6,88.3,81.4,22.4,1.6,0.0,865,27.0,1,2456.0,2456.0,23.79,-0.2703,2.3
2025-01-03,tirodi,Tirodi Manganese Lease,3200,2428,35.1,84.9,88.0,86.4,23.0,1.0,0.0,772,24.1,1,2446.7,2446.7,23.92,-0.2412,3.3
2025-01-04,tirodi,Tirodi Manganese Lease,3200,2493,35.6,87.0,86.6,88.2,22.2,1.8,0.0,707,22.1,1,2458.2,2458.2,23.26,-0.2209,5.1
2025-01-05,tirodi,Tirodi Manganese Lease,3200,2428,36.4,86.0,88.0,89.1,22.1,1.9,0.0,772,24.1,1,2452.2,2452.2,23.53,-0.2412,7.0
2025-01-06,tirodi,Tirodi Manganese Lease,3200,2429,35.3,87.3,91.7,86.9,22.5,1.5,0.0,771,24.1,1,2448.3,2448.3,23.7,-0.2409,8.5
2025-01-07,tirodi,Tirodi Manganese Lease,3200,2448,35.8,87.4,89.2,86.1,22.0,2.0,0.0,752,23.5,1,2448.3,2448.3,23.65,-0.235,10.5
2025-01-08,tirodi,Tirodi Manganese Lease,3200,2480,36.8,86.2,88.9,85.0,22.7,1.3,0.0,720,22.5,1,2434.4,2452.2,23.33,-0.225,11.1
2025-01-09,tirodi,Tirodi Manganese Lease,3200,2479,36.8,85.9,90.3,88.6,22.9,1.1,0.0,721,22.5,1,2455.0,2455.2,23.1,-0.2253,10.6
2025-01-10,tirodi,Tirodi Manganese Lease,3200,2407,35.4,86.1,90.7,87.7,22.2,1.8,0.0,793,24.8,1,2452.0,2450.4,23.55,-0.2478,11.4
2025-01-11,tirodi,Tirodi Manganese Lease,3200,2411,35.5,84.6,87.5,86.8,22.9,1.1,0.0,789,24.7,1,2440.3,2446.8,23.85,-0.2466,10.7
2025-01-12,tirodi,Tirodi Manganese Lease,3200,2575,35.8,87.1,90.0,86.8,22.7,1.3,0.0,625,19.5,1,2461.3,2457.5,22.73,-0.1953,10.1
2025-01-13,tirodi,Tirodi Manganese Lease,3200,2517,36.6,85.8,88.7,88.6,22.8,1.2,0.0,683,21.3,1,2473.9,2462.1,22.36,-0.2134,9.8
2025-01-14,tirodi,Tirodi Manganese Lease,3200,2464,35.9,85.1,86.7,87.9,22.3,1.7,0.0,736,23.0,1,2476.1,2462.2,22.53,-0.23,9.5
2025-01-15,tirodi,Tirodi Manganese Lease,3200,2798,36.5,88.1,96.1,91.5,23.4,0.6,0.0,402,12.6,1,2521.6,2484.6,20.01,-0.1256,8.8
2025-01-16,tirodi,Tirodi Manganese Lease,3200,2471,36.8,85.7,89.4,86.6,22.0,2.0,0.0,729,22.8,1,2520.4,2483.8,20.71,-0.2278,9.7
2025-01-17,tirodi,Tirodi Manganese Lease,3200,2496,36.3,85.7,91.7,85.5,22.7,1.3,0.0,704,22.0,1,2533.1,2484.5,21.04,-0.22,9.2
2025-01-18,tirodi,Tirodi Manganese Lease,3200,2514,36.1,86.7,86.3,88.1,22.6,1.4,0.0,686,21.4,1,2547.9,2486.1,21.13,-0.2144,9.5
2025-01-19,tirodi,Tirodi Manganese Lease,3200,2466,37.0,87.0,86.9,87.2,22.5,1.5,0.0,734,22.9,1,2532.3,2485.1,21.57,-0.2294,9.7
2025-01-20,tirodi,Tirodi Manganese Lease,3200,2605,35.9,86.6,91.8,87.3,23.1,0.9,0.0,595,18.6,1,2544.9,2491.0,20.83,-0.1859,9.4
2025-01-21,tirodi,Tirodi Manganese Lease,3200,2680,35.6,87.4,93.5,88.0,23.0,1.0,0.0,520,16.2,1,2575.7,2500.0,19.67,-0.1625,8.7
2025-01-22,tirodi,Tirodi Manganese Lease,3200,2614,35.8,86.3,87.1,92.2,22.4,1.6,0.0,586,18.3,1,2549.4,2505.2,19.33,-0.1831,9.7
2025-01-23,tirodi,Tirodi Manganese Lease,3200,2673,36.6,85.5,89.3,88.4,23.2,0.8,0.0,527,16.5,1,2578.3,2512.5,18.62,-0.1647,8.5
2025-01-24,tirodi,Tirodi Manganese Lease,3200,2550,36.4,85.2,95.9,88.8,23.2,0.8,0.0,650,20.3,1,2586.0,2514.1,19.04,-0.2031,8.0
2025-01-25,tirodi,Tirodi Manganese Lease,3200,2385,36.1,87.7,89.2,84.0,22.5,1.5,0.0,815,25.5,1,2567.6,2508.9,20.66,-0.2547,8.1
2025-01-26,tirodi,Tirodi Manganese Lease,3200,2529,35.9,86.4,94.7,89.3,22.9,1.1,0.0,671,21.0,1,2576.6,2509.7,20.74,-0.2097,7.7
2025-01-27,tirodi,Tirodi Manganese Lease,3200,2490,36.0,86.9,85.5,89.4,22.1,1.9,0.0,710,22.2,1,2560.1,2509.0,21.11,-0.2219,8.7
2025-01-28,tirodi,Tirodi Manganese Lease,3200,2519,36.5,85.3,87.1,90.2,22.2,1.8,0.0,681,21.3,1,2537.1,2509.3,21.15,-0.2128,9.5
2025-01-29,tirodi,Tirodi Manganese Lease,3200,2368,35.8,85.1,91.0,85.6,22.7,1.3,0.0,832,26.0,1,2502.0,2504.4,22.37,-0.26,9.2
2025-01-30,tirodi,Tirodi Manganese Lease,3200,2484,36.3,86.2,92.7,87.1,23.0,1.0,0.0,716,22.4,1,2475.0,2503.8,22.37,-0.2238,9.4
2025-01-31,tirodi,Tirodi Manganese Lease,3200,2557,36.1,87.5,92.8,90.1,22.8,1.2,0.0,643,20.1,1,2476.0,2503.1,21.81,-0.2009,9.8
2025-02-01,tirodi,Tirodi Manganese Lease,3200,2588,35.7,87.2,92.0,87.4,22.6,1.4,0.0,612,19.1,1,2505.0,2511.5,21.13,-0.1912,9.7
2025-02-02,tirodi,Tirodi Manganese Lease,3200,2373,36.6,86.3,89.5,87.0,22.1,1.9,0.0,827,25.8,1,2482.7,2509.7,22.3,-0.2584,10.5
2025-02-03,tirodi,Tirodi Manganese Lease,3200,2464,37.1,85.9,88.7,88.4,22.1,1.9,0.0,736,23.0,1,2479.0,2508.7,22.47,-0.23,10.5
2025-02-04,tirodi,Tirodi Manganese Lease,3200,2536,36.4,87.5,85.7,87.8,22.2,1.8,0.0,664,20.8,1,2481.4,2512.3,22.05,-0.2075,10.5
2025-02-05,tirodi,Tirodi Manganese Lease,3200,2660,36.4,86.4,94.3,87.1,23.4,0.6,0.0,540,16.9,1,2523.1,2520.0,20.77,-0.1688,9.8
2025-02-06,tirodi,Tirodi Manganese Lease,3200,2434,36.1,86.6,88.8,86.3,22.4,1.6,0.0,766,23.9,1,2516.0,2519.6,21.55,-0.2394,10.4
2025-02-07,tirodi,Tirodi Manganese Lease,3200,2573,35.7,86.1,87.6,91.0,22.7,1.3,0.0,627,19.6,1,2518.3,2522.7,21.06,-0.1959,10.5
2025-02-08,tirodi,Tirodi Manganese Lease,3200,2401,36.4,85.6,91.3,84.5,22.6,1.4,0.0,799,25.0,1,2491.6,2520.1,22.05,-0.2497,10.5
2025-02-09,tirodi,Tirodi Manganese Lease,3200,2435,35.7,87.2,85.2,87.5,22.0,2.0,0.0,765,23.9,1,2500.4,2521.0,22.51,-0.2391,10.6
2025-02-10,tirodi,Tirodi Manganese Lease,3200,2569,36.6,85.8,89.3,91.1,22.4,1.6,0.0,631,19.7,1,2515.4,2526.3,21.81,-0.1972,10.3
2025-02-11,tirodi,Tirodi Manganese Lease,3200,2609,36.3,86.1,88.3,89.5,22.3,1.7,0.0,591,18.5,1,2525.9,2527.4,20.98,-0.1847,10.2
2025-02-12,tirodi,Tirodi Manganese Lease,3200,2652,36.7,87.9,91.7,87.0,22.8,1.2,0.0,548,17.1,1,2524.7,2531.9,20.01,-0.1713,10.8
2025-02-13,tirodi,Tirodi Manganese Lease,3200,2526,36.3,85.8,94.4,87.5,22.7,1.3,0.0,674,21.1,1,2537.9,2534.0,20.28,-0.2106,10.5
2025-02-14,tirodi,Tirodi Manganese Lease,3200,2515,36.0,86.0,89.6,87.5,22.6,1.4,0.0,685,21.4,1,2529.6,2524.5,20.56,-0.2141,10.6
2025-02-15,tirodi,Tirodi Manganese Lease,3200,2417,36.0,87.3,87.6,86.6,22.2,1.8,0.0,783,24.5,1,2531.9,2522.7,21.55,-0.2447,11.0
2025-02-16,tirodi,Tirodi Manganese Lease,3200,2651,36.9,85.5,93.3,90.0,22.9,1.1,0.0,549,17.2,1,2562.7,2527.9,20.46,-0.1716,10.1
2025-02-17,tirodi,Tirodi Manganese Lease,3200,1859,36.6,87.7,65.8,89.1,16.6,7.4,0.0,1341,41.9,1,2461.3,2506.1,25.82,-0.4191,15.9
2025-02-18,tirodi,Tirodi Manganese Lease,3200,2575,35.9,86.4,91.1,90.0,22.0,2.0,0.0,625,19.5,1,2456.4,2509.7,24.24,-0.1953,16.2
2025-02-19,tirodi,Tirodi Manganese Lease,3200,2446,36.9,85.5,90.2,86.2,22.8,1.2,0.0,754,23.6,1,2427.0,2504.4,24.08,-0.2356,16.2
2025-02-20,tirodi,Tirodi Manganese Lease,3200,2475,37.4,87.9,92.0,86.9,22.6,1.4,0.0,725,22.7,1,2419.7,2497.6,23.73,-0.2266,16.3
2025-02-21,tirodi,Tirodi Manganese Lease,3200,2604,35.8,85.2,93.3,91.1,22.6,1.4,0.0,596,18.6,1,2432.4,2497.2,22.45,-0.1862,16.3
2025-02-22,tirodi,Tirodi Manganese Lease,3200,2445,36.5,88.1,89.8,85.5,22.8,1.2,0.0,755,23.6,1,2436.4,2489.6,22.74,-0.2359,15.7
2025-02-23,tirodi,Tirodi Manganese Lease,3200,2511,35.3,85.4,93.9,86.9,22.8,1.2,0.0,689,21.5,1,2416.4,2488.3,22.43,-0.2153,15.8
2025-02-24,tirodi,Tirodi Manganese Lease,3200,2435,36.0,86.2,90.4,85.3,22.9,1.1,0.0,765,23.9,1,2498.7,2490.0,22.8,-0.2391,9.5
2025-02-25,tirodi,Tirodi Manganese Lease,3200,2575,36.4,87.0,88.9,90.5,22.4,1.6,0.0,625,19.5,1,2498.7,2491.5,21.97,-0.1953,9.1
2025-02-26,tirodi,Tirodi Manganese Lease,3200,2658,36.9,87.0,92.7,91.1,23.4,0.6,0.0,542,16.9,1,2529.0,2497.1,20.7,-0.1694,8.5
2025-02-27,tirodi,Tirodi Manganese Lease,3200,2606,36.8,86.2,94.8,88.3,22.9,1.1,0.0,594,18.6,1,2547.7,2500.0,20.18,-0.1856,8.2
2025-02-28,tirodi,Tirodi Manganese Lease,3200,2318,36.5,85.4,92.3,81.0,22.6,1.4,0.0,882,27.6,1,2506.9,2498.4,22.03,-0.2756,8.2
2025-03-01,tirodi,Tirodi Manganese Lease,3200,2661,36.1,85.9,94.7,91.4,23.3,0.7,0.0,539,16.8,1,2537.7,2504.3,20.73,-0.1684,7.7
2025-03-02,tirodi,Tirodi Manganese Lease,3200,2624,35.9,85.1,97.4,88.9,23.4,0.6,0.0,576,18.0,1,2553.9,2506.5,20.04,-0.18,7.1
2025-03-03,tirodi,Tirodi Manganese Lease,3200,2557,35.4,84.6,86.7,89.5,22.7,1.3,0.0,643,20.1,1,2571.3,2505.5,20.06,-0.2009,7.3
2025-03-04,tirodi,Tirodi Manganese Lease,3200,2717,36.1,87.7,94.5,93.0,23.3,0.7,0.0,483,15.1,1,2591.6,2516.9,18.82,-0.1509,6.4
2025-03-05,tirodi,Tirodi Manganese Lease,3200,2635,32.0,85.2,92.3,91.7,22.8,1.2,0.0,565,17.7,1,2588.3,2522.6,18.54,-0.1766,7.0
2025-03-06,tirodi,Tirodi Manganese Lease,3200,2725,36.2,86.6,95.4,88.7,23.3,0.7,0.0,475,14.8,1,2605.3,2528.9,17.6,-0.1484,6.6
2025-03-07,tirodi,Tirodi Manganese Lease,3200,2556,36.6,88.1,90.8,87.3,22.0,2.0,0.0,644,20.1,1,2639.3,2525.5,18.23,-0.2013,7.2
2025-03-08,tirodi,Tirodi Manganese Lease,3200,2578,36.6,85.8,88.6,90.8,22.3,1.7,0.0,622,19.4,1,2627.4,2530.3,18.52,-0.1944,8.2
2025-03-09,tirodi,Tirodi Manganese Lease,3200,2683,37.7,87.7,85.1,91.4,22.3,1.7,0.0,517,16.2,1,2635.9,2533.9,17.94,-0.1616,9.3
2025-03-10,tirodi,Tirodi Manganese Lease,3200,2514,37.0,86.6,94.6,86.5,23.4,0.6,0.0,686,21.4,1,2629.7,2537.7,18.81,-0.2144,8.6
2025-03-11,tirodi,Tirodi Manganese Lease,3200,2529,36.9,86.6,89.5,85.5,22.9,1.1,0.0,671,21.0,1,2602.9,2540.8,19.35,-0.2097,9.0
2025-03-12,tirodi,Tirodi Manganese Lease,3200,2691,36.2,87.1,93.3,88.7,23.2,0.8,0.0,509,15.9,1,2610.9,2544.9,18.49,-0.1591,8.6
2025-03-13,tirodi,Tirodi Manganese Lease,3200,2696,36.1,86.7,94.5,86.8,23.5,0.5,0.0,504,15.8,1,2606.7,2547.8,17.82,-0.1575,8.4
2025-03-14,tirodi,Tirodi Manganese Lease,3200,2604,36.0,87.6,90.2,89.2,22.8,1.2,0.0,596,18.6,1,2613.6,2546.2,18.01,-0.1862,7.6
2025-03-15,tirodi,Tirodi Manganese Lease,3200,2437,36.8,87.5,86.9,83.6,22.6,1.4,0.0,763,23.8,1,2593.4,2543.2,19.46,-0.2384,7.3
2025-03-16,tirodi,Tirodi Manganese Lease,3200,2545,35.7,86.6,88.7,89.4,22.6,1.4,0.0,655,20.5,1,2573.7,2544.2,19.72,-0.2047,7.0
2025-03-17,tirodi,Tirodi Manganese Lease,3200,2504,35.4,84.6,96.6,87.0,23.2,0.8,0.0,696,21.8,1,2572.3,2547.1,20.24,-0.2175,7.2
2025-03-18,tirodi,Tirodi Manganese Lease,3200,2514,35.6,85.3,90.3,88.6,23.2,0.8,0.0,686,21.4,1,2570.1,2542.6,20.53,-0.2144,6.9
2025-03-19,tirodi,Tirodi Manganese Lease,3200,2420,35.5,84.7,84.6,89.1,22.0,2.0,0.0,780,24.4,1,2531.4,2561.3,21.5,-0.2438,8.1
2025-03-20,tirodi,Tirodi Manganese Lease,3200,2442,35.4,85.5,91.7,88.0,22.3,1.7,0.0,758,23.7,1,2495.1,2556.8,22.05,-0.2369,9.3
2025-03-21,tirodi,Tirodi Manganese Lease,3200,2392,37.4,86.4,91.7,86.9,22.3,1.7,0.0,808,25.2,1,2464.9,2555.0,22.84,-0.2525,9.8
2025-03-22,tirodi,Tirodi Manganese Lease,3200,2605,36.4,86.5,93.6,90.3,23.1,0.9,0.0,595,18.6,1,2488.9,2559.4,21.78,-0.1859,9.3
2025-03-23,tirodi,Tirodi Manganese Lease,3200,2561,36.4,87.1,88.8,86.7,22.8,1.2,0.0,639,20.0,1,2491.1,2557.9,21.33,-0.1997,9.1
2025-03-24,tirodi,Tirodi Manganese Lease,3200,2506,36.4,87.3,90.1,85.3,22.3,1.7,0.0,694,21.7,1,2491.4,2560.0,21.42,-0.2169,10.0
2025-03-25,tirodi,Tirodi Manganese Lease,3200,2362,35.4,85.3,89.0,83.9,23.1,0.9,0.0,838,26.2,1,2469.7,2555.0,22.62,-0.2619,10.1
2025-03-26,tirodi,Tirodi Manganese Lease,3200,2646,36.2,86.5,91.2,90.3,23.0,1.0,0.0,554,17.3,1,2502.0,2562.0,21.29,-0.1731,9.1
2025-03-27,tirodi,Tirodi Manganese Lease,3200,2650,35.7,86.9,87.3,89.6,22.8,1.2,0.0,550,17.2,1,2531.7,2564.5,20.27,-0.1719,8.6
2025-03-28,tirodi,Tirodi Manganese Lease,3200,2494,36.4,86.3,90.0,90.1,22.3,1.7,0.0,706,22.1,1,2546.3,2559.1,20.72,-0.2206,8.6
2025-03-29,tirodi,Tirodi Manganese Lease,3200,2705,35.7,86.9,91.3,89.9,22.7,1.3,0.0,495,15.5,1,2560.6,2562.4,19.42,-0.1547,9.0
2025-03-30,tirodi,Tirodi Manganese Lease,3200,2626,36.4,87.7,88.9,90.1,23.2,0.8,0.0,574,17.9,1,2569.9,2572.6,19.04,-0.1794,8.6
2025-03-31,tirodi,Tirodi Manganese Lease,3200,2617,36.4,86.8,87.6,91.6,22.9,1.1,0.0,583,18.2,1,2585.7,2571.2,18.83,-0.1822,8.0
2025-04-01,tirodi,Tirodi Manganese Lease,3200,2679,36.5,87.4,90.3,90.3,22.8,1.2,0.0,521,16.3,1,2631.0,2573.0,18.2,-0.1628,8.3
2025-04-02,tirodi,Tirodi Manganese Lease,3200,2330,36.4,87.1,88.2,84.0,22.1,1.9,0.0,870,27.2,1,2585.9,2565.4,20.45,-0.2719,9.2
2025-04-03,tirodi,Tirodi Manganese Lease,3200,2465,36.9,88.1,90.2,89.0,22.1,1.9,0.0,735,23.0,1,2559.4,2557.0,21.09,-0.2297,9.9
2025-04-04,tirodi,Tirodi Manganese Lease,3200,2485,36.0,85.4,92.8,89.8,22.3,1.7,0.0,715,22.3,1,2558.1,2552.0,21.39,-0.2234,9.9
2025-04-05,tirodi,Tirodi Manganese Lease,3200,1874,35.3,86.9,66.0,87.6,16.4,7.6,0.0,1326,41.4,1,2439.4,2523.7,26.39,-0.4144,16.2
2025-04-06,tirodi,Tirodi Manganese Lease,3200,2589,36.8,87.9,94.5,86.2,23.1,0.9,0.0,611,19.1,1,2434.1,2524.8,24.57,-0.1909,16.3
2025-04-07,tirodi,Tirodi Manganese Lease,3200,2637,36.9,86.4,93.6,90.6,23.1,0.9,0.0,563,17.6,1,2437.0,2526.7,22.83,-0.1759,16.1
2025-04-08,tirodi,Tirodi Manganese Lease,3200,2431,35.7,85.1,90.9,84.5,23.4,0.6,0.0,769,24.0,1,2401.6,2518.3,23.12,-0.2403,15.5
2025-04-09,tirodi,Tirodi Manganese Lease,3200,2592,36.6,87.6,94.9,85.9,22.9,1.1,0.0,608,19.0,1,2439.0,2520.9,22.09,-0.19,14.7
2025-04-10,tirodi,Tirodi Manganese Lease,3200,2540,35.5,84.6,96.5,86.5,23.3,0.7,0.0,660,20.6,1,2449.7,2521.3,21.72,-0.2062,13.5
2025-04-11,tirodi,Tirodi Manganese Lease,3200,2605,36.5,87.6,92.8,89.5,22.3,1.7,0.0,595,18.6,1,2466.9,2518.4,20.94,-0.1859,13.5
2025-04-12,tirodi,Tirodi Manganese Lease,3200,2499,36.7,86.8,90.4,87.0,22.0,2.0,0.0,701,21.9,1,2556.1,2511.9,21.18,-0.2191,7.9
2025-04-13,tirodi,Tirodi Manganese Lease,3200,2695,36.2,87.8,90.6,88.8,22.9,1.1,0.0,505,15.8,1,2571.3,2514.9,19.83,-0.1578,8.1
2025-04-14,tirodi,Tirodi Manganese Lease,3200,2583,36.2,88.0,94.1,87.4,22.6,1.4,0.0,617,19.3,1,2563.6,2519.8,19.7,-0.1928,8.6
2025-04-15,tirodi,Tirodi Manganese Lease,3200,2701,35.5,87.1,95.0,89.4,23.4,0.6,0.0,499,15.6,1,2602.1,2525.0,18.68,-0.1559,8.6
2025-04-16,tirodi,Tirodi Manganese Lease,3200,2649,36.7,87.0,96.9,85.6,23.4,0.6,0.0,551,17.2,1,2610.3,2529.8,18.31,-0.1722,8.1
2025-04-17,tirodi,Tirodi Manganese Lease,3200,2552,36.0,86.0,88.7,86.9,22.6,1.4,0.0,648,20.2,1,2612.0,2531.1,18.78,-0.2025,8.8
2025-04-18,tirodi,Tirodi Manganese Lease,3200,2519,35.8,86.2,88.8,87.0,22.5,1.5,0.0,681,21.3,1,2599.7,2534.4,19.41,-0.2128,8.6
2025-04-19,tirodi,Tirodi Manganese Lease,3200,2581,36.8,86.3,90.9,88.5,22.3,1.7,0.0,619,19.3,1,2611.4,2539.0,19.38,-0.1934,8.3
2025-04-20,tirodi,Tirodi Manganese Lease,3200,2812,36.7,87.9,92.8,89.8,23.4,0.6,0.0,388,12.1,1,2628.1,2553.0,17.56,-0.1212,7.8
2025-04-21,tirodi,Tirodi Manganese Lease,3200,2446,36.8,87.2,93.2,83.7,23.4,0.6,0.0,754,23.6,1,2608.6,2547.7,19.07,-0.2356,7.0
2025-04-22,tirodi,Tirodi Manganese Lease,3200,2484,36.4,87.3,91.2,88.4,22.3,1.7,0.0,716,22.4,1,2577.6,2545.1,19.9,-0.2238,8.1
2025-04-23,tirodi,Tirodi Manganese Lease,3200,2492,36.3,86.9,87.4,88.1,22.2,1.8,0.0,708,22.1,1,2555.1,2544.7,20.45,-0.2212,9.3
2025-04-24,tirodi,Tirodi Manganese Lease,3200,2650,35.0,85.9,92.4,92.4,22.7,1.3,0.0,550,17.2,1,2569.1,2554.3,19.64,-0.1719,9.2
2025-04-25,tirodi,Tirodi Manganese Lease,3200,2572,37.0,85.9,87.0,87.5,22.6,1.4,0.0,628,19.6,1,2576.7,2551.8,19.63,-0.1962,9.1
2025-04-26,tirodi,Tirodi Manganese Lease,3200,2525,36.0,87.5,93.1,89.2,22.5,1.5,0.0,675,21.1,1,2568.7,2547.6,20.0,-0.2109,8.9
2025-04-27,tirodi,Tirodi Manganese Lease,3200,2501,36.5,87.3,90.5,89.6,22.1,1.9,0.0,699,21.8,1,2524.3,2547.9,20.45,-0.2184,10.2
2025-04-28,tirodi,Tirodi Manganese Lease,3200,2495,36.7,88.2,89.4,88.4,22.4,1.6,0.0,705,22.0,1,2531.3,2540.9,20.84,-0.2203,11.2
2025-04-29,tirodi,Tirodi Manganese Lease,3200,2504,36.6,87.0,86.8,85.7,22.4,1.6,0.0,696,21.8,1,2534.1,2536.8,21.08,-0.2175,11.1
2025-04-30,tirodi,Tirodi Manganese Lease,3200,2504,36.7,87.1,88.9,90.8,22.0,2.0,0.0,696,21.8,1,2535.9,2533.0,21.26,-0.2175,11.3
2025-05-01,tirodi,Tirodi Manganese Lease,3200,2620,36.3,87.2,94.0,89.3,22.9,1.1,0.0,580,18.1,1,2531.6,2531.1,20.47,-0.1812,11.1
2025-05-02,tirodi,Tirodi Manganese Lease,3200,2612,35.7,85.3,93.6,89.9,23.5,0.5,0.0,588,18.4,1,2537.3,2540.5,19.95,-0.1838,10.2
2025-05-03,tirodi,Tirodi Manganese Lease,3200,2678,37.0,86.0,92.2,91.0,22.8,1.2,0.0,522,16.3,1,2559.1,2547.6,19.04,-0.1631,9.9
2025-05-04,tirodi,Tirodi Manganese Lease,3200,2566,35.7,85.4,94.8,88.4,23.4,0.6,0.0,634,19.8,1,2568.4,2550.3,19.23,-0.1981,8.6
2025-05-05,tirodi,Tirodi Manganese Lease,3200,2420,36.7,87.1,87.4,85.9,22.4,1.6,0.0,780,24.4,1,2557.7,2568.5,20.52,-0.2438,8.6
2025-05-06,tirodi,Tirodi Manganese Lease,3200,2650,36.6,87.0,91.2,88.5,23.2,0.8,0.0,550,17.2,1,2578.6,2570.5,19.69,-0.1719,7.8
2025-05-07,tirodi,Tirodi Manganese Lease,3200,2625,32.0,85.0,88.4,91.4,22.4,1.6,0.0,575,18.0,1,2595.9,2570.1,19.27,-0.1797,7.4
2025-05-08,tirodi,Tirodi Manganese Lease,3200,2491,35.5,85.4,90.2,87.9,23.1,0.9,0.0,709,22.2,1,2577.4,2572.1,20.0,-0.2216,7.2
2025-05-09,tirodi,Tirodi Manganese Lease,3200,2558,35.9,87.3,92.4,89.3,22.8,1.2,0.0,642,20.1,1,2569.7,2571.0,20.03,-0.2006,7.9
2025-05-10,tirodi,Tirodi Manganese Lease,3200,2554,36.3,85.8,96.5,85.4,23.3,0.7,0.0,646,20.2,1,2552.0,2571.4,20.07,-0.2019,7.4
2025-05-11,tirodi,Tirodi Manganese Lease,3200,2478,36.3,86.0,84.8,85.9,22.1,1.9,0.0,722,22.6,1,2539.4,2567.2,20.7,-0.2256,8.7
2025-05-12,tirodi,Tirodi Manganese Lease,3200,2652,36.9,87.4,94.1,88.7,23.0,1.0,0.0,548,17.1,1,2572.6,2572.3,19.8,-0.1713,8.1
2025-05-13,tirodi,Tirodi Manganese Lease,3200,2572,35.2,84.6,92.0,87.4,23.2,0.8,0.0,628,19.6,1,2561.4,2568.2,19.75,-0.1962,8.1
2025-05-14,tirodi,Tirodi Manganese Lease,3200,2548,37.8,88.2,89.5,87.0,23.2,0.8,0.0,652,20.4,1,2550.4,2567.0,19.91,-0.2037,7.3
2025-05-15,tirodi,Tirodi Manganese Lease,3200,2539,35.5,87.1,96.8,86.9,23.5,0.5,0.0,661,20.7,1,2557.3,2561.6,20.11,-0.2066,6.9
2025-05-16,tirodi,Tirodi Manganese Lease,3200,2427,36.8,87.4,90.8,87.0,22.2,1.8,0.0,773,24.2,1,2538.6,2554.2,21.13,-0.2416,7.5
2025-05-17,tirodi,Tirodi Manganese Lease,3200,2697,35.4,85.6,89.0,92.6,22.4,1.6,0.0,503,15.7,1,2559.0,2559.1,19.77,-0.1572,8.4
2025-05-18,tirodi,Tirodi Manganese Lease,3200,2630,35.7,86.6,92.7,91.4,22.6,1.4,0.0,570,17.8,1,2580.7,2562.8,19.28,-0.1781,7.9
2025-05-19,tirodi,Tirodi Manganese Lease,3200,2520,37.2,88.2,86.6,87.7,22.5,1.5,0.0,680,21.2,1,2561.9,2560.7,19.76,-0.2125,8.4
2025-05-20,tirodi,Tirodi Manganese Lease,3200,2664,36.4,87.6,93.5,87.9,23.0,1.0,0.0,536,16.8,1,2575.0,2555.8,19.02,-0.1675,8.6
2025-05-21,tirodi,Tirodi Manganese Lease,3200,2512,36.1,85.9,89.1,89.4,22.3,1.7,0.0,688,21.5,1,2569.9,2558.0,19.64,-0.215,9.5
2025-05-22,tirodi,Tirodi Manganese Lease,3200,1845,36.0,85.4,63.9,88.4,16.9,7.1,0.0,1355,42.3,1,2470.7,2536.7,25.31,-0.4234,16.1
2025-05-23,tirodi,Tirodi Manganese Lease,3200,2703,35.9,86.9,91.5,94.3,23.1,0.9,0.0,497,15.5,1,2510.1,2543.7,22.85,-0.1553,15.2
2025-05-24,tirodi,Tirodi Manganese Lease,3200,2423,36.1,86.4,88.7,88.3,22.1,1.9,0.0,777,24.3,1,2471.0,2536.2,23.22,-0.2428,15.5
2025-05-25,tirodi,Tirodi Manganese Lease,3200,2384,35.6,85.3,90.5,88.8,22.1,1.9,0.0,816,25.5,1,2435.9,2529.9,23.79,-0.255,16.0
2025-05-26,tirodi,Tirodi Manganese Lease,3200,2540,35.7,86.4,93.7,87.2,23.2,0.8,0.0,660,20.6,1,2438.7,2530.4,22.99,-0.2062,15.3
2025-05-27,tirodi,Tirodi Manganese Lease,3200,2580,36.7,85.7,94.5,87.6,23.2,0.8,0.0,620,19.4,1,2426.7,2533.0,22.09,-0.1938,15.1
2025-05-28,tirodi,Tirodi Manganese Lease,3200,2458,35.5,84.9,88.7,87.6,23.1,0.9,0.0,742,23.2,1,2419.0,2531.8,22.37,-0.2319,14.3
2025-05-29,tirodi,Tirodi Manganese Lease,3200,2409,35.4,86.5,88.3,86.9,22.2,1.8,0.0,791,24.7,1,2499.6,2528.6,22.95,-0.2472,9.0
2025-05-30,tirodi,Tirodi Manganese Lease,3200,2550,37.6,86.0,94.0,86.6,23.2,0.8,0.0,650,20.3,1,2477.7,2530.2,22.29,-0.2031,8.9
2025-05-31,tirodi,Tirodi Manganese Lease,3200,2717,36.3,86.3,94.4,91.8,23.0,1.0,0.0,483,15.1,1,2519.7,2533.4,20.49,-0.1509,8.0
2025-06-01,tirodi,Tirodi Manganese Lease,3200,2642,36.7,87.0,89.8,87.3,23.4,0.6,0.0,558,17.4,1,2556.6,2534.4,19.72,-0.1744,6.7
2025-06-02,tirodi,Tirodi Manganese Lease,3200,2408,36.3,86.4,86.9,84.5,22.4,1.6,0.0,792,24.8,1,2537.7,2525.4,20.99,-0.2475,7.5
2025-06-03,tirodi,Tirodi Manganese Lease,3200,2559,35.8,85.4,88.2,87.4,23.0,1.0,0.0,641,20.0,1,2534.7,2525.2,20.74,-0.2003,7.7
2025-06-04,tirodi,Tirodi Manganese Lease,3200,2375,36.0,85.2,88.0,85.9,22.8,1.2,0.0,825,25.8,1,2522.9,2523.7,22.01,-0.2578,8.0
2025-06-05,tirodi,Tirodi Manganese Lease,3200,2599,37.3,86.0,86.6,91.6,22.3,1.7,0.0,601,18.8,1,2550.0,2522.0,21.2,-0.1878,7.9
2025-06-06,tirodi,Tirodi Manganese Lease,3200,2624,36.9,88.3,90.5,88.0,22.9,1.1,0.0,576,18.0,1,2560.6,2521.9,20.4,-0.18,8.2
2025-06-07,tirodi,Tirodi Manganese Lease,3200,2441,35.4,86.4,88.7,87.1,22.1,1.9,0.0,759,23.7,1,2521.1,2520.3,21.23,-0.2372,9.1
2025-06-08,tirodi,Tirodi Manganese Lease,3200,2618,36.5,86.6,88.5,91.0,22.8,1.2,0.0,582,18.2,1,2517.7,2522.3,20.47,-0.1819,9.7
2025-06-09,tirodi,Tirodi Manganese Lease,3200,2200,35.6,85.6,89.5,82.8,21.8,2.2,26.8,1000,31.2,1,2488.0,2510.5,23.15,-0.3125,10.3
2025-06-10,tirodi,Tirodi Manganese Lease,3200,2294,35.5,84.9,91.6,84.3,22.4,1.6,5.4,906,28.3,1,2450.1,2504.3,24.44,-0.2831,10.9
2025-06-11,tirodi,Tirodi Manganese Lease,3200,2059,36.0,84.9,85.8,79.7,21.4,2.6,28.0,1141,35.7,1,2405.0,2484.6,27.25,-0.3566,12.3
2025-06-12,tirodi,Tirodi Manganese Lease,3200,2302,36.5,86.9,89.8,80.4,22.0,2.0,23.0,898,28.1,1,2362.6,2475.6,27.47,-0.2806,12.6
2025-06-13,tirodi,Tirodi Manganese Lease,3200,2433,36.0,87.8,84.3,88.3,21.8,2.2,4.4,767,24.0,1,2335.3,2471.7,26.6,-0.2397,13.7
2025-06-14,tirodi,Tirodi Manganese Lease,3200,2439,35.4,86.5,85.5,83.4,22.3,1.7,16.9,761,23.8,1,2335.0,2468.4,25.9,-0.2378,13.5
2025-06-15,tirodi,Tirodi Manganese Lease,3200,2382,36.0,85.1,91.5,84.8,22.1,1.9,11.2,818,25.6,1,2301.3,2466.9,25.82,-0.2556,14.2
2025-06-16,tirodi,Tirodi Manganese Lease,3200,2273,36.1,85.1,89.9,84.7,21.6,2.4,8.0,927,29.0,1,2311.7,2452.8,26.62,-0.2897,14.4
2025-06-17,tirodi,Tirodi Manganese Lease,3200,2309,36.8,86.7,84.9,83.4,21.8,2.2,13.0,891,27.8,1,2313.9,2442.1,26.91,-0.2784,15.0
2025-06-18,tirodi,Tirodi Manganese Lease,3200,2121,36.3,86.4,80.4,83.8,20.6,3.4,24.3,1079,33.7,1,2322.7,2428.8,28.61,-0.3372,15.8
2025-06-19,tirodi,Tirodi Manganese Lease,3200,2384,36.5,86.8,89.6,82.8,22.3,1.7,11.8,816,25.5,1,2334.4,2419.4,27.83,-0.255,15.5
2025-06-20,tirodi,Tirodi Manganese Lease,3200,1711,35.6,86.4,68.3,73.9,18.0,6.0,67.5,1489,46.5,1,2231.3,2392.7,32.5,-0.4653,19.3
2025-06-21,tirodi,Tirodi Manganese Lease,3200,2062,35.9,86.1,80.9,77.9,21.2,2.8,24.6,1138,35.6,1,2177.4,2400.0,33.27,-0.3556,20.4
2025-06-22,tirodi,Tirodi Manganese Lease,3200,2236,36.7,87.7,84.8,80.1,20.9,3.1,23.1,964,30.1,1,2156.6,2384.4,32.48,-0.3012,21.6
2025-06-23,tirodi,Tirodi Manganese Lease,3200,1675,35.6,85.1,74.3,69.7,19.6,4.4,50.4,1525,47.7,1,2071.1,2359.5,36.29,-0.4766,23.6
2025-06-24,tirodi,Tirodi Manganese Lease,3200,1645,36.5,85.7,70.6,69.4,18.2,5.8,67.6,1555,48.6,1,1976.3,2334.8,39.36,-0.4859,27.2
2025-06-25,tirodi,Tirodi Manganese Lease,3200,2245,35.4,86.5,88.6,83.1,21.7,2.3,12.6,955,29.8,1,1994.0,2325.0,36.97,-0.2984,26.1
2025-06-26,tirodi,Tirodi Manganese Lease,3200,2354,35.0,86.7,89.7,81.8,22.1,1.9,18.2,846,26.4,1,1989.7,2317.5,34.33,-0.2644,26.3
2025-06-27,tirodi,Tirodi Manganese Lease,3200,1860,35.9,86.2,72.7,78.1,19.3,4.7,47.8,1340,41.9,1,2011.0,2297.5,36.22,-0.4188,25.0
2025-06-28,tirodi,Tirodi Manganese Lease,3200,2324,37.7,86.0,87.3,85.1,22.0,2.0,16.4,876,27.4,1,2048.4,2294.7,34.02,-0.2738,24.2
2025-06-29,tirodi,Tirodi Manganese Lease,3200,2319,37.3,88.1,88.3,82.5,21.4,2.6,20.8,881,27.5,1,2060.3,2287.0,32.39,-0.2753,23.7
2025-06-30,tirodi,Tirodi Manganese Lease,3200,1772,37.3,85.8,75.4,72.6,20.0,4.0,42.8,1428,44.6,1,2074.1,2255.5,35.44,-0.4462,23.3
2025-07-01,tirodi,Tirodi Manganese Lease,3200,2234,37.1,86.3,82.0,83.1,21.5,2.5,15.4,966,30.2,1,2158.3,2241.9,34.13,-0.3019,20.0
2025-07-02,tirodi,Tirodi Manganese Lease,3200,1773,36.1,86.3,78.0,72.9,19.0,5.0,52.4,1427,44.6,1,2090.9,2220.7,36.75,-0.4459,22.7
2025-07-03,tirodi,Tirodi Manganese Lease,3200,2420,36.4,86.0,91.0,84.3,22.6,1.4,14.2,780,24.4,1,2100.3,2216.1,33.66,-0.2438,22.2
2025-07-04,tirodi,Tirodi Manganese Lease,3200,2495,36.0,85.6,88.3,88.0,22.6,1.4,9.6,705,22.0,1,2191.0,2220.1,30.75,-0.2203,18.9
2025-07-05,tirodi,Tirodi Manganese Lease,3200,2043,36.2,85.5,89.9,75.8,21.8,2.2,26.8,1157,36.2,1,2150.9,2201.6,32.11,-0.3616,19.1
2025-07-06,tirodi,Tirodi Manganese Lease,3200,2516,36.8,86.7,90.4,84.3,22.8,1.2,9.6,684,21.4,1,2179.0,2198.0,29.43,-0.2138,17.7
2025-07-07,tirodi,Tirodi Manganese Lease,3200,2117,38.0,86.6,87.9,78.6,21.1,2.9,35.0,1083,33.8,1,2228.3,2187.2,30.52,-0.3384,16.6
2025-07-08,tirodi,Tirodi Manganese Lease,3200,1299,36.4,86.1,50.2,76.5,13.7,10.3,50.5,1901,59.4,1,2094.7,2143.2,37.74,-0.5941,24.4
2025-07-09,tirodi,Tirodi Manganese Lease,3200,1936,31.4,82.2,78.3,76.8,20.4,3.6,35.4,1264,39.5,1,2118.0,2134.4,38.18,-0.395,23.0
2025-07-10,tirodi,Tirodi Manganese Lease,3200,2444,36.9,88.3,90.4,84.7,21.9,2.1,8.8,756,23.6,1,2121.4,2139.4,34.54,-0.2362,23.7
2025-07-11,tirodi,Tirodi Manganese Lease,3200,2042,35.6,86.9,76.5,81.2,20.2,3.8,31.1,1158,36.2,1,2056.7,2138.8,34.95,-0.3619,26.1
2025-07-12,tirodi,Tirodi Manganese Lease,3200,1767,36.4,86.7,77.3,70.9,19.2,4.8,54.0,1433,44.8,1,2017.3,2121.0,37.41,-0.4478,28.7
2025-07-13,tirodi,Tirodi Manganese Lease,3200,2315,35.6,87.4,91.2,81.1,22.4,1.6,13.2,885,27.7,1,1988.6,2117.1,34.99,-0.2766,29.1
2025-07-14,tirodi,Tirodi Manganese Lease,3200,2265,36.1,87.0,83.7,85.3,21.2,2.8,20.0,935,29.2,1,2009.7,2111.3,33.54,-0.2922,29.0
2025-07-15,tirodi,Tirodi Manganese Lease,3200,1895,36.9,87.2,77.4,72.3,19.9,4.1,47.2,1305,40.8,1,2094.9,2095.0,35.35,-0.4078,22.8
2025-07-16,tirodi,Tirodi Manganese Lease,3200,2351,35.2,86.7,81.7,86.2,21.3,2.7,12.0,849,26.5,1,2154.1,2097.6,33.14,-0.2653,21.9
2025-07-17,tirodi,Tirodi Manganese Lease,3200,2030,35.8,86.7,80.4,79.0,20.7,3.3,22.6,1170,36.6,1,2095.0,2088.3,34.01,-0.3656,23.1
2025-07-18,tirodi,Tirodi Manganese Lease,3200,2392,36.6,85.5,85.1,85.3,21.6,2.4,10.3,808,25.2,1,2145.0,2097.4,31.8,-0.2525,21.7
2025-07-19,tirodi,Tirodi Manganese Lease,3200,863,35.1,85.8,51.2,52.0,13.5,10.5,161.2,2337,73.0,1,2015.9,2046.7,42.1,-0.7303,27.4
2025-07-20,tirodi,Tirodi Manganese Lease,3200,1917,36.7,87.0,78.7,73.2,20.2,3.8,40.4,1283,40.1,1,1959.0,2053.5,41.6,-0.4009,29.6
2025-07-21,tirodi,Tirodi Manganese Lease,3200,2341,36.2,87.5,86.5,81.4,22.6,1.4,6.5,859,26.8,1,1969.9,2062.8,37.9,-0.2684,28.2
2025-07-22,tirodi,Tirodi Manganese Lease,3200,1341,35.7,86.6,62.7,61.5,16.7,7.3,94.9,1859,58.1,1,1890.7,2033.0,42.95,-0.5809,31.4
2025-07-23,tirodi,Tirodi Manganese Lease,3200,2415,35.5,86.0,88.6,88.1,22.1,1.9,9.6,785,24.5,1,1899.9,2057.7,38.34,-0.2453,30.6
2025-07-24,tirodi,Tirodi Manganese Lease,3200,1734,35.6,86.5,77.6,67.7,20.3,3.7,47.3,1466,45.8,1,1857.6,2060.6,40.2,-0.4581,31.0
2025-07-25,tirodi,Tirodi Manganese Lease,3200,2328,35.3,85.0,84.9,84.6,22.0,2.0,21.3,872,27.3,1,1848.4,2063.4,36.98,-0.2725,30.6
2025-07-26,tirodi,Tirodi Manganese Lease,3200,2122,36.7,85.4,82.6,80.7,20.7,3.3,31.7,1078,33.7,1,2028.3,2055.7,36.16,-0.3369,23.4
2025-07-27,tirodi,Tirodi Manganese Lease,3200,1796,37.2,86.8,80.0,72.5,19.8,4.2,50.9,1404,43.9,1,2011.0,2053.5,38.09,-0.4388,23.8
2025-07-28,tirodi,Tirodi Manganese Lease,3200,2294,36.3,86.6,89.8,84.4,22.0,2.0,16.8,906,28.3,1,2004.3,2052.5,35.65,-0.2831,24.4
2025-07-29,tirodi,Tirodi Manganese Lease,3200,2387,34.9,85.3,90.2,82.9,22.3,1.7,13.9,813,25.4,1,2153.7,2054.8,33.08,-0.2541,18.8
2025-07-30,tirodi,Tirodi Manganese Lease,3200,1754,35.7,84.8,81.0,70.1,19.5,4.5,60.8,1446,45.2,1,2059.3,2054.2,36.11,-0.4519,21.4
2025-07-31,tirodi,Tirodi Manganese Lease,3200,1987,36.7,87.3,75.3,77.3,19.6,4.4,42.8,1213,37.9,1,2095.4,2046.0,36.56,-0.3791,22.1
2025-08-01,tirodi,Tirodi Manganese Lease,3200,2018,34.8,84.3,84.3,79.0,20.8,3.2,21.7,1182,36.9,1,2051.1,2054.1,36.64,-0.3694,23.3
2025-08-02,tirodi,Tirodi Manganese Lease,3200,1725,36.9,85.7,74.0,69.9,19.2,4.8,62.9,1475,46.1,1,1994.4,2031.0,39.01,-0.4609,24.8
2025-08-03,tirodi,Tirodi Manganese Lease,3200,1769,36.5,86.4,72.9,70.8,19.1,4.9,59.0,1431,44.7,1,1990.6,2006.8,40.43,-0.4472,25.5
2025-08-04,tirodi,Tirodi Manganese Lease,3200,2253,36.0,84.9,90.4,83.5,21.9,2.1,26.9,947,29.6,1,1984.7,2013.8,37.72,-0.2959,25.6
2025-08-05,tirodi,Tirodi Manganese Lease,3200,1153,35.9,86.5,63.7,56.9,16.3,7.7,104.8,2047,64.0,1,1808.4,1968.3,44.29,-0.6397,31.6
2025-08-06,tirodi,Tirodi Manganese Lease,3200,1647,35.5,87.3,78.1,67.2,18.8,5.2,67.2,1553,48.5,1,1793.1,1952.7,45.34,-0.4853,32.3
2025-08-07,tirodi,Tirodi Manganese Lease,3200,1417,36.3,85.1,70.5,62.3,18.1,5.9,89.9,1783,55.7,1,1711.7,1956.6,47.93,-0.5572,33.8
2025-08-08,tirodi,Tirodi Manganese Lease,3200,1950,35.3,86.7,82.0,76.6,20.0,4.0,37.4,1250,39.1,1,1702.0,1957.1,45.73,-0.3906,34.6
2025-08-09,tirodi,Tirodi Manganese Lease,3200,2341,35.6,85.7,89.1,85.9,22.1,1.9,20.5,859,26.8,1,1790.0,1953.6,40.99,-0.2684,31.7
2025-08-10,tirodi,Tirodi Manganese Lease,3200,1774,36.3,86.6,73.6,71.7,18.8,5.2,70.7,1426,44.6,1,1790.7,1944.7,41.9,-0.4456,32.0
2025-08-11,tirodi,Tirodi Manganese Lease,3200,1609,36.1,87.1,72.1,69.3,18.2,5.8,74.9,1591,49.7,1,1698.7,1939.4,43.85,-0.4972,35.7
2025-08-12,tirodi,Tirodi Manganese Lease,3200,1853,36.3,86.4,78.6,77.3,19.4,4.6,48.2,1347,42.1,1,1798.7,1924.0,43.41,-0.4209,32.6
2025-08-13,tirodi,Tirodi Manganese Lease,3200,2170,35.8,85.4,83.8,80.2,21.0,3.0,34.9,1030,32.2,1,1873.4,1920.9,40.61,-0.3219,30.4
2025-08-14,tirodi,Tirodi Manganese Lease,3200,2602,36.1,87.3,87.9,87.6,22.8,1.2,11.1,598,18.7,1,2042.7,1944.4,35.13,-0.1869,25.7
2025-08-15,tirodi,Tirodi Manganese Lease,3200,1547,37.0,87.8,70.6,66.5,17.6,6.4,96.0,1653,51.7,1,1985.1,1917.6,39.27,-0.5166,28.1
2025-08-16,tirodi,Tirodi Manganese Lease,3200,2057,35.8,87.6,82.5,77.4,20.8,3.2,43.1,1143,35.7,1,1944.6,1918.5,38.38,-0.3572,29.4
2025-08-17,tirodi,Tirodi Manganese Lease,3200,1549,36.6,85.7,72.8,70.3,17.9,6.1,82.0,1651,51.6,1,1912.4,1890.4,41.68,-0.5159,30.3
2025-08-18,tirodi,Tirodi Manganese Lease,3200,2073,36.6,87.3,79.6,78.3,20.6,3.4,34.9,1127,35.2,1,1978.7,1930.8,40.06,-0.3522,27.9
2025-08-19,tirodi,Tirodi Manganese Lease,3200,2191,35.7,87.6,86.3,78.0,21.1,2.9,36.4,1009,31.5,1,2027.0,1939.9,37.92,-0.3153,26.2
2025-08-20,tirodi,Tirodi Manganese Lease,3200,1534,35.3,86.1,68.0,67.6,18.0,6.0,69.0,1666,52.1,1,1936.1,1913.0,41.47,-0.5206,29.2
2025-08-21,tirodi,Tirodi Manganese Lease,3200,2306,36.1,86.5,88.5,86.7,21.6,2.4,7.5,894,27.9,1,1893.9,1945.2,38.08,-0.2794,30.4
2025-08-22,tirodi,Tirodi Manganese Lease,3200,2628,35.6,86.0,90.8,89.3,22.6,1.4,8.9,572,17.9,1,2048.3,1952.3,33.03,-0.1788,25.4
2025-08-23,tirodi,Tirodi Manganese Lease,3200,2282,36.0,87.8,88.3,82.5,21.4,2.6,16.0,918,28.7,1,2080.4,1970.5,31.95,-0.2869,24.8
2025-08-24,tirodi,Tirodi Manganese Lease,3200,1443,36.9,86.9,57.2,80.3,14.5,9.5,30.3,1757,54.9,1,2065.3,1941.0,37.69,-0.5491,28.2
2025-08-25,tirodi,Tirodi Manganese Lease,3200,2158,36.5,86.8,81.8,80.1,20.9,3.1,27.3,1042,32.6,1,2077.4,1942.2,36.41,-0.3256,27.9
2025-08-26,tirodi,Tirodi Manganese Lease,3200,1719,37.1,86.6,78.0,67.5,19.8,4.2,46.3,1481,46.3,1,2010.0,1939.7,38.89,-0.4628,29.2
2025-08-27,tirodi,Tirodi Manganese Lease,3200,1851,37.4,85.8,76.8,76.6,19.3,4.7,52.6,1349,42.2,1,2055.3,1924.9,39.71,-0.4216,27.9
2025-08-28,tirodi,Tirodi Manganese Lease,3200,1632,36.7,86.9,71.6,67.1,18.5,5.5,67.9,1568,49.0,1,1959.0,1899.7,42.04,-0.49,31.0
2025-08-29,tirodi,Tirodi Manganese Lease,3200,2327,35.0,84.6,89.9,85.5,21.9,2.1,4.9,873,27.3,1,1916.0,1918.8,38.35,-0.2728,31.7
2025-08-30,tirodi,Tirodi Manganese Lease,3200,1892,36.9,86.7,79.0,74.2,19.3,4.7,49.6,1308,40.9,1,1860.3,1915.7,38.99,-0.4088,33.8
2025-08-31,tirodi,Tirodi Manganese Lease,3200,2012,36.5,87.9,79.7,73.1,20.6,3.4,47.4,1188,37.1,1,1941.6,1915.5,38.52,-0.3713,27.7
2025-09-01,tirodi,Tirodi Manganese Lease,3200,2286,36.0,85.7,83.9,84.2,21.5,2.5,9.4,914,28.6,1,1959.9,1934.2,36.04,-0.2856,27.1
2025-09-02,tirodi,Tirodi Manganese Lease,3200,2516,36.0,87.4,85.9,85.1,22.5,1.5,9.9,684,21.4,1,2073.7,1959.1,32.38,-0.2138,24.4
2025-09-03,tirodi,Tirodi Manganese Lease,3200,1725,35.8,86.8,74.5,71.6,19.4,4.6,53.6,1475,46.1,1,2055.7,1941.5,35.81,-0.4609,24.3
2025-09-04,tirodi,Tirodi Manganese Lease,3200,1739,35.9,87.2,73.7,70.2,19.5,4.5,61.3,1461,45.7,1,2071.0,1961.0,38.28,-0.4566,23.3
2025-09-05,tirodi,Tirodi Manganese Lease,3200,2089,36.6,87.7,78.0,77.6,20.3,3.7,29.8,1111,34.7,1,2037.0,1975.7,37.39,-0.3472,24.9
2025-09-06,tirodi,Tirodi Manganese Lease,3200,2262,36.9,87.8,89.2,83.4,21.6,2.4,14.7,938,29.3,1,2089.9,2003.9,35.36,-0.2931,22.6
2025-09-07,tirodi,Tirodi Manganese Lease,3200,2098,35.7,86.7,83.3,76.1,21.1,2.9,35.2,1102,34.4,1,2102.1,2008.8,35.12,-0.3444,22.1
2025-09-08,tirodi,Tirodi Manganese Lease,3200,2251,35.7,85.9,90.4,80.1,21.8,2.2,16.2,949,29.7,1,2097.1,2005.8,33.77,-0.2966,21.8
2025-09-09,tirodi,Tirodi Manganese Lease,3200,2393,36.4,85.5,82.3,86.5,21.3,2.7,17.1,807,25.2,1,2079.6,2026.5,31.63,-0.2522,23.0
2025-09-10,tirodi,Tirodi Manganese Lease,3200,1807,31.4,84.5,75.4,71.5,20.0,4.0,41.6,1393,43.5,1,2091.3,2033.1,34.59,-0.4353,22.4
2025-09-11,tirodi,Tirodi Manganese Lease,3200,2597,36.8,86.5,92.6,88.1,22.7,1.3,7.5,603,18.8,1,2213.9,2057.9,30.65,-0.1884,19.2
2025-09-12,tirodi,Tirodi Manganese Lease,3200,2328,37.1,88.2,81.6,84.7,21.3,2.7,16.1,872,27.3,1,2248.0,2063.1,29.81,-0.2725,18.2
2025-09-13,tirodi,Tirodi Manganese Lease,3200,2222,36.0,86.9,89.5,82.6,21.5,2.5,13.1,978,30.6,1,2242.3,2050.5,30.01,-0.3056,18.3
2025-09-14,tirodi,Tirodi Manganese Lease,3200,2656,36.2,87.3,88.9,88.4,22.6,1.4,3.5,544,17.0,1,2322.0,2087.4,26.76,-0.17,16.8
2025-09-15,tirodi,Tirodi Manganese Lease,3200,2309,36.5,88.1,91.1,81.0,22.0,2.0,12.3,891,27.8,1,2330.3,2095.8,27.02,-0.2784,16.6
2025-09-16,tirodi,Tirodi Manganese Lease,3200,2343,36.4,85.6,87.3,85.8,21.7,2.3,5.2,857,26.8,1,2323.1,2122.3,26.96,-0.2678,16.2
2025-09-17,tirodi,Tirodi Manganese Lease,3200,2334,35.5,86.3,91.6,84.5,22.3,1.7,12.7,866,27.1,1,2398.4,2131.0,27.0,-0.2706,13.9
2025-09-18,tirodi,Tirodi Manganese Lease,3200,2796,34.7,85.3,96.0,92.3,23.3,0.7,0.0,404,12.6,1,2426.9,2151.2,23.4,-0.1262,13.3
2025-09-19,tirodi,Tirodi Manganese Lease,3200,2652,36.0,86.3,90.5,89.7,23.4,0.6,0.0,548,17.1,1,2473.1,2188.4,21.82,-0.1713,11.2
2025-09-20,tirodi,Tirodi Manganese Lease,3200,2442,35.5,85.6,86.7,85.4,22.2,1.8,0.0,758,23.7,1,2504.6,2193.0,22.29,-0.2369,10.5
2025-09-21,tirodi,Tirodi Manganese Lease,3200,2525,37.5,86.9,90.4,86.1,22.3,1.7,0.0,675,21.1,1,2485.9,2189.5,21.99,-0.2109,10.8
2025-09-22,tirodi,Tirodi Manganese Lease,3200,2530,35.7,84.8,90.5,88.1,23.0,1.0,0.0,670,20.9,1,2517.4,2197.8,21.72,-0.2094,9.8
2025-09-23,tirodi,Tirodi Manganese Lease,3200,2437,36.4,86.1,88.9,86.1,23.1,0.9,0.0,763,23.8,1,2530.9,2230.9,22.24,-0.2384,8.4
2025-09-24,tirodi,Tirodi Manganese Lease,3200,2547,36.7,85.5,90.2,90.7,22.2,1.8,0.0,653,20.4,1,2561.3,2243.9,21.78,-0.2041,8.5
2025-09-25,tirodi,Tirodi Manganese Lease,3200,2488,36.3,87.3,91.1,85.6,22.1,1.9,0.0,712,22.2,1,2517.3,2269.5,21.89,-0.2225,9.7
2025-09-26,tirodi,Tirodi Manganese Lease,3200,2691,36.9,88.3,88.0,88.1,22.9,1.1,0.0,509,15.9,1,2522.9,2297.5,20.39,-0.1591,10.2
2025-09-27,tirodi,Tirodi Manganese Lease,3200,2644,36.3,85.6,89.0,90.4,22.8,1.2,0.0,556,17.4,1,2551.7,2331.3,19.64,-0.1737,9.6
2025-09-28,tirodi,Tirodi Manganese Lease,3200,2569,36.1,87.5,95.5,84.8,23.4,0.6,0.0,631,19.7,1,2558.0,2339.3,19.66,-0.1972,8.5
2025-09-29,tirodi,Tirodi Manganese Lease,3200,2745,36.9,88.2,88.7,88.8,23.0,1.0,0.0,455,14.2,1,2588.7,2367.8,18.29,-0.1422,8.5
2025-09-30,tirodi,Tirodi Manganese Lease,3200,2450,35.6,85.1,89.9,89.4,22.4,1.6,0.0,750,23.4,1,2590.6,2382.4,19.57,-0.2344,9.2
2025-10-01,tirodi,Tirodi Manganese Lease,3200,2614,36.2,87.8,88.9,87.9,23.1,0.9,0.0,586,18.3,1,2600.1,2393.3,19.25,-0.1831,8.3
2025-10-02,tirodi,Tirodi Manganese Lease,3200,2511,36.3,87.0,90.2,86.9,22.9,1.1,0.0,689,21.5,1,2603.4,2393.1,19.81,-0.2153,7.5
2025-10-03,tirodi,Tirodi Manganese Lease,3200,2525,36.8,86.1,84.6,89.9,22.1,1.9,0.0,675,21.1,1,2579.7,2419.8,20.14,-0.2109,8.3
2025-10-04,tirodi,Tirodi Manganese Lease,3200,2649,36.4,87.5,86.2,91.9,22.2,1.8,0.0,551,17.2,1,2580.4,2450.1,19.4,-0.1722,8.9
2025-10-05,tirodi,Tirodi Manganese Lease,3200,2411,35.6,87.6,89.1,85.8,22.1,1.9,0.0,789,24.7,1,2557.9,2460.9,20.73,-0.2466,10.2
2025-10-06,tirodi,Tirodi Manganese Lease,3200,2568,36.4,86.8,88.9,84.8,23.0,1.0,0.0,632,19.8,1,2532.6,2471.1,20.49,-0.1975,10.2
2025-10-07,tirodi,Tirodi Manganese Lease,3200,2708,35.8,85.8,96.8,91.6,23.4,0.6,0.0,492,15.4,1,2569.4,2491.4,19.22,-0.1538,9.2
2025-10-08,tirodi,Tirodi Manganese Lease,3200,2544,36.6,85.3,90.2,87.5,22.6,1.4,0.0,656,20.5,1,2559.4,2501.2,19.54,-0.205,9.7
2025-10-09,tirodi,Tirodi Manganese Lease,3200,2516,35.8,84.9,94.6,90.1,23.1,0.9,0.0,684,21.4,1,2560.1,2505.3,20.01,-0.2138,9.5
2025-10-10,tirodi,Tirodi Manganese Lease,3200,1906,36.0,87.2,66.4,88.8,16.6,7.4,0.0,1294,40.4,1,2471.7,2508.6,25.1,-0.4044,15.0
2025-10-11,tirodi,Tirodi Manganese Lease,3200,2621,36.0,86.2,90.5,91.2,22.2,1.8,0.0,579,18.1,1,2467.7,2509.4,23.35,-0.1809,15.0
2025-10-12,tirodi,Tirodi Manganese Lease,3200,2688,34.7,86.6,96.9,89.6,23.3,0.7,0.0,512,16.0,1,2507.3,2521.4,21.51,-0.16,13.8
2025-10-13,tirodi,Tirodi Manganese Lease,3200,2450,35.6,84.9,96.0,86.6,23.4,0.6,0.0,750,23.4,1,2490.4,2529.0,21.99,-0.2344,13.4
2025-10-14,tirodi,Tirodi Manganese Lease,3200,2603,35.6,85.1,92.4,91.9,22.6,1.4,0.0,597,18.7,1,2475.4,2527.2,21.16,-0.1866,14.2
2025-10-15,tirodi,Tirodi Manganese Lease,3200,2514,36.2,86.5,85.2,88.6,22.3,1.7,0.0,686,21.4,1,2471.1,2534.0,21.22,-0.2144,14.5
2025-10-16,tirodi,Tirodi Manganese Lease,3200,2672,35.8,87.2,92.3,90.6,23.2,0.8,0.0,528,16.5,1,2493.4,2545.0,20.04,-0.165,14.4
2025-10-17,tirodi,Tirodi Manganese Lease,3200,2579,35.6,86.7,93.2,88.9,22.6,1.4,0.0,621,19.4,1,2589.6,2553.2,19.88,-0.1941,8.4
2025-10-18,tirodi,Tirodi Manganese Lease,3200,2443,35.9,87.0,89.0,86.5,22.8,1.2,0.0,757,23.7,1,2564.1,2541.4,20.84,-0.2366,7.8
2025-10-19,tirodi,Tirodi Manganese Lease,3200,2588,36.5,86.1,87.7,87.7,22.9,1.1,0.0,612,19.1,1,2549.9,2539.3,20.4,-0.1912,8.2
2025-10-20,tirodi,Tirodi Manganese Lease,3200,2610,36.6,87.3,91.0,88.8,22.4,1.6,0.0,590,18.4,1,2572.7,2544.9,19.9,-0.1844,9.2
2025-10-21,tirodi,Tirodi Manganese Lease,3200,2383,36.4,85.6,92.0,84.1,22.3,1.7,0.0,817,25.5,1,2541.3,2540.1,21.3,-0.2553,9.5
2025-10-22,tirodi,Tirodi Manganese Lease,3200,2576,36.4,87.9,93.0,83.6,23.0,1.0,0.0,624,19.5,1,2550.1,2541.7,20.85,-0.195,8.8
2025-10-23,tirodi,Tirodi Manganese Lease,3200,2480,37.1,86.5,90.9,85.1,22.5,1.5,0.0,720,22.5,1,2522.7,2543.1,21.26,-0.225,9.5
2025-10-24,tirodi,Tirodi Manganese Lease,3200,2603,35.7,86.5,96.0,88.8,23.1,0.9,0.0,597,18.7,1,2526.1,2545.0,20.62,-0.1866,9.0
2025-10-25,tirodi,Tirodi Manganese Lease,3200,2513,36.9,86.4,95.3,85.4,23.0,1.0,0.0,687,21.5,1,2536.1,2545.8,20.84,-0.2147,8.8
2025-10-26,tirodi,Tirodi Manganese Lease,3200,2619,37.3,86.8,90.9,88.8,22.8,1.2,0.0,581,18.2,1,2540.6,2543.4,20.18,-0.1816,8.9
2025-10-27,tirodi,Tirodi Manganese Lease,3200,2463,36.1,86.7,86.8,87.7,22.5,1.5,0.0,737,23.0,1,2519.6,2537.4,20.89,-0.2303,8.8
2025-10-28,tirodi,Tirodi Manganese Lease,3200,2796,36.4,87.8,97.1,90.6,23.5,0.5,0.0,404,12.6,1,2578.6,2544.9,18.81,-0.1262,7.6
2025-10-29,tirodi,Tirodi Manganese Lease,3200,2331,35.9,87.3,88.9,79.6,23.0,1.0,0.0,869,27.2,1,2543.6,2531.1,20.91,-0.2716,7.6
2025-10-30,tirodi,Tirodi Manganese Lease,3200,2466,36.7,87.5,93.5,87.1,22.6,1.4,0.0,734,22.9,1,2541.6,2531.7,21.41,-0.2294,7.5
2025-10-31,tirodi,Tirodi Manganese Lease,3200,2616,36.7,86.9,91.1,87.1,22.7,1.3,0.0,584,18.2,1,2543.4,2531.7,20.61,-0.1825,7.9
2025-11-01,tirodi,Tirodi Manganese Lease,3200,2458,37.3,86.2,93.6,85.1,23.4,0.6,0.0,742,23.2,1,2535.6,2530.0,21.25,-0.2319,7.5
2025-11-02,tirodi,Tirodi Manganese Lease,3200,2611,35.8,86.4,88.8,89.1,22.4,1.6,0.0,589,18.4,1,2534.4,2532.8,20.54,-0.1841,7.9
2025-11-03,tirodi,Tirodi Manganese Lease,3200,2608,36.5,85.6,90.1,89.2,22.5,1.5,0.0,592,18.5,1,2555.1,2531.5,20.03,-0.185,7.9
2025-11-04,tirodi,Tirodi Manganese Lease,3200,2585,36.0,87.6,94.5,89.6,22.9,1.1,0.0,615,19.2,1,2525.0,2537.3,19.82,-0.1922,8.5
2025-11-05,tirodi,Tirodi Manganese Lease,3200,2604,36.1,86.4,88.1,92.8,22.0,2.0,0.0,596,18.6,1,2564.0,2538.5,19.52,-0.1862,9.5
2025-11-06,tirodi,Tirodi Manganese Lease,3200,2690,36.2,87.7,97.1,87.3,23.5,0.5,0.0,510,15.9,1,2596.0,2537.9,18.61,-0.1594,8.6
2025-11-07,tirodi,Tirodi Manganese Lease,3200,2617,35.1,84.7,90.2,88.2,23.2,0.8,0.0,583,18.2,1,2596.1,2540.3,18.51,-0.1822,8.1
2025-11-08,tirodi,Tirodi Manganese Lease,3200,2698,36.3,86.8,91.5,87.1,23.4,0.6,0.0,502,15.7,1,2630.4,2546.4,17.81,-0.1569,8.1
2025-11-09,tirodi,Tirodi Manganese Lease,3200,2438,36.9,85.7,86.4,87.8,22.3,1.7,0.0,762,23.8,1,2605.7,2564.1,19.31,-0.2381,8.2
2025-11-10,tirodi,Tirodi Manganese Lease,3200,2570,36.0,85.7,88.4,91.1,22.8,1.2,0.0,630,19.7,1,2600.3,2562.4,19.4,-0.1969,7.9
2025-11-11,tirodi,Tirodi Manganese Lease,3200,2505,35.0,86.2,94.0,88.0,22.9,1.1,0.0,695,21.7,1,2588.9,2556.3,19.98,-0.2172,7.9
2025-11-12,tirodi,Tirodi Manganese Lease,3200,2400,31.2,82.3,88.4,87.9,22.3,1.7,0.0,800,25.0,1,2559.7,2554.6,21.23,-0.25,7.6
2025-11-13,tirodi,Tirodi Manganese Lease,3200,2518,37.4,86.1,93.2,86.5,22.5,1.5,0.0,682,21.3,1,2535.1,2551.8,21.25,-0.2131,8.6
2025-11-14,tirodi,Tirodi Manganese Lease,3200,2599,36.7,86.8,92.9,89.8,22.3,1.7,0.0,601,18.8,1,2532.6,2554.6,20.64,-0.1878,9.5
2025-11-15,tirodi,Tirodi Manganese Lease,3200,2477,36.3,86.1,92.9,86.3,23.2,0.8,0.0,723,22.6,1,2501.0,2548.1,21.13,-0.2259,9.7
2025-11-16,tirodi,Tirodi Manganese Lease,3200,2524,35.8,85.8,93.5,86.4,23.2,0.8,0.0,676,21.1,1,2513.3,2546.3,21.12,-0.2112,8.8
2025-11-17,tirodi,Tirodi Manganese Lease,3200,2554,36.4,87.9,90.5,86.4,23.4,0.6,0.0,646,20.2,1,2511.0,2550.0,20.89,-0.2019,8.2
2025-11-18,tirodi,Tirodi Manganese Lease,3200,2553,37.3,87.4,84.6,90.9,22.0,2.0,0.0,647,20.2,1,2517.9,2548.8,20.72,-0.2022,9.1
2025-11-19,tirodi,Tirodi Manganese Lease,3200,2351,35.6,84.7,87.5,86.0,22.1,1.9,0.0,849,26.5,1,2510.9,2540.2,22.16,-0.2653,9.3
2025-11-20,tirodi,Tirodi Manganese Lease,3200,2413,35.9,84.9,89.5,85.5,23.3,0.7,0.0,787,24.6,1,2495.9,2541.2,22.77,-0.2459,8.5
2025-11-21,tirodi,Tirodi Manganese Lease,3200,2446,36.0,86.5,94.8,84.8,23.0,1.0,0.0,754,23.6,1,2474.0,2536.9,22.98,-0.2356,7.8
2025-11-22,tirodi,Tirodi Manganese Lease,3200,2475,35.7,85.1,89.0,87.6,22.0,2.0,0.0,725,22.7,1,2473.7,2536.7,22.91,-0.2266,9.0
2025-11-23,tirodi,Tirodi Manganese Lease,3200,2635,36.9,87.0,91.9,89.5,22.2,1.8,0.0,565,17.7,1,2489.6,2537.8,21.61,-0.1766,10.0
2025-11-24,tirodi,Tirodi Manganese Lease,3200,2570,36.6,85.5,89.1,89.0,22.4,1.6,0.0,630,19.7,1,2491.9,2539.7,21.13,-0.1969,11.0
2025-11-25,tirodi,Tirodi Manganese Lease,3200,2502,36.8,86.6,90.0,85.0,23.4,0.6,0.0,698,21.8,1,2484.6,2535.8,21.3,-0.2181,9.6
2025-11-26,tirodi,Tirodi Manganese Lease,3200,1776,36.4,87.0,60.7,88.9,15.8,8.2,0.0,1424,44.5,1,2402.4,2512.9,27.1,-0.445,15.9
2025-11-27,tirodi,Tirodi Manganese Lease,3200,2668,37.6,88.7,87.2,88.2,22.7,1.3,0.0,532,16.6,1,2438.9,2508.6,24.47,-0.1662,16.5
2025-11-28,tirodi,Tirodi Manganese Lease,3200,2524,35.9,86.2,91.2,87.8,23.4,0.6,0.0,676,21.1,1,2450.0,2515.0,23.63,-0.2112,16.1
2025-11-29,tirodi,Tirodi Manganese Lease,3200,2647,36.5,85.8,90.6,91.1,22.8,1.2,0.0,553,17.3,1,2474.6,2521.1,22.05,-0.1728,15.3
2025-11-30,tirodi,Tirodi Manganese Lease,3200,2542,37.0,85.6,88.4,91.9,22.4,1.6,0.0,658,20.6,1,2461.3,2518.6,21.69,-0.2056,15.1
2025-12-01,tirodi,Tirodi Manganese Lease,3200,2795,36.5,85.9,94.5,93.0,23.4,0.6,0.0,405,12.7,1,2493.4,2529.8,19.44,-0.1266,14.1
2025-12-02,tirodi,Tirodi Manganese Lease,3200,2510,36.3,88.0,84.5,85.8,22.0,2.0,0.0,690,21.6,1,2494.6,2526.5,19.98,-0.2156,15.5
2025-12-03,tirodi,Tirodi Manganese Lease,3200,2627,35.7,86.7,89.8,91.3,22.8,1.2,0.0,573,17.9,1,2616.1,2527.1,19.46,-0.1791,8.5
2025-12-04,tirodi,Tirodi Manganese Lease,3200,2558,36.0,85.2,92.6,88.6,23.0,1.0,0.0,642,20.1,1,2600.4,2526.2,19.62,-0.2006,8.2
2025-12-05,tirodi,Tirodi Manganese Lease,3200,2404,35.4,86.4,88.7,87.7,22.0,2.0,0.0,796,24.9,1,2583.3,2519.5,20.94,-0.2488,9.6
2025-12-06,tirodi,Tirodi Manganese Lease,3200,2476,36.7,87.6,85.5,90.1,22.0,2.0,0.0,724,22.6,1,2558.9,2512.4,21.35,-0.2262,10.4
2025-12-07,tirodi,Tirodi Manganese Lease,3200,2466,35.5,86.9,87.4,84.8,22.1,1.9,0.0,734,22.9,1,2548.0,2507.4,21.74,-0.2294,10.7
2025-12-08,tirodi,Tirodi Manganese Lease,3200,2462,34.8,86.4,84.3,89.3,22.1,1.9,0.0,738,23.1,1,2500.4,2499.5,22.08,-0.2306,12.0
2025-12-09,tirodi,Tirodi Manganese Lease,3200,2475,36.2,86.8,94.8,87.3,22.9,1.1,0.0,725,22.7,1,2495.4,2500.7,22.24,-0.2266,11.1
2025-12-10,tirodi,Tirodi Manganese Lease,3200,2385,35.6,87.0,86.5,86.4,22.2,1.8,0.0,815,25.5,1,2460.9,2494.6,23.05,-0.2547,11.7
2025-12-11,tirodi,Tirodi Manganese Lease,3200,2703,35.9,86.5,92.2,91.4,22.8,1.2,0.0,497,15.5,1,2481.6,2501.2,21.16,-0.1553,11.9
2025-12-12,tirodi,Tirodi Manganese Lease,3200,2571,35.8,85.1,94.2,88.1,23.5,0.5,0.0,629,19.7,1,2505.4,2506.9,20.8,-0.1966,10.4
2025-12-13,tirodi,Tirodi Manganese Lease,3200,2563,36.3,87.4,92.5,89.5,22.4,1.6,0.0,637,19.9,1,2517.9,2508.4,20.57,-0.1991,10.0
2025-12-14,tirodi,Tirodi Manganese Lease,3200,2286,35.8,85.4,88.6,79.7,22.1,1.9,0.0,914,28.6,1,2492.1,2497.9,22.58,-0.2856,10.0
2025-12-15,tirodi,Tirodi Manganese Lease,3200,2633,35.3,86.4,92.6,87.9,23.0,1.0,0.0,567,17.7,1,2516.6,2503.1,21.36,-0.1772,9.1
2025-12-16,tirodi,Tirodi Manganese Lease,3200,2563,36.2,85.7,93.6,88.9,23.4,0.6,0.0,637,19.9,1,2529.1,2504.4,21.0,-0.1991,8.6
2025-12-17,tirodi,Tirodi Manganese Lease,3200,2548,36.0,86.1,93.2,89.3,23.0,1.0,0.0,652,20.4,1,2552.4,2504.2,20.85,-0.2037,7.8
2025-12-18,tirodi,Tirodi Manganese Lease,3200,2426,35.6,85.9,89.8,83.5,22.7,1.3,0.0,774,24.2,1,2512.9,2500.0,21.68,-0.2419,7.9
2025-12-19,tirodi,Tirodi Manganese Lease,3200,2519,35.9,86.6,90.4,88.9,22.2,1.8,0.0,681,21.3,1,2505.4,2505.6,21.59,-0.2128,9.2
2025-12-20,tirodi,Tirodi Manganese Lease,3200,2553,36.3,86.7,92.8,87.2,22.4,1.6,0.0,647,20.2,1,2504.0,2510.3,21.24,-0.2022,9.2
2025-12-21,tirodi,Tirodi Manganese Lease,3200,2559,36.4,85.3,93.9,88.7,22.9,1.1,0.0,641,20.0,1,2543.0,2514.0,20.93,-0.2003,8.4
2025-12-22,tirodi,Tirodi Manganese Lease,3200,2350,35.5,87.2,87.5,84.8,22.0,2.0,0.0,850,26.6,1,2502.6,2509.9,22.35,-0.2656,9.4
2025-12-23,tirodi,Tirodi Manganese Lease,3200,2662,35.9,86.8,89.2,87.9,22.9,1.1,0.0,538,16.8,1,2516.7,2510.8,20.96,-0.1681,9.9
2025-12-24,tirodi,Tirodi Manganese Lease,3200,2440,36.3,85.6,85.4,86.0,22.4,1.6,0.0,760,23.8,1,2501.3,2506.4,21.67,-0.2375,10.5
2025-12-25,tirodi,Tirodi Manganese Lease,3200,2582,36.1,85.4,90.1,87.1,23.1,0.9,0.0,618,19.3,1,2523.6,2509.1,21.08,-0.1931,10.1
2025-12-26,tirodi,Tirodi Manganese Lease,3200,2728,36.3,86.0,88.7,92.7,22.9,1.1,0.0,472,14.8,1,2553.4,2540.8,19.51,-0.1475,9.4
2025-12-27,tirodi,Tirodi Manganese Lease,3200,2621,36.5,86.7,89.2,87.2,22.9,1.1,0.0,579,18.1,1,2563.1,2539.3,19.16,-0.1809,8.9
2025-12-28,tirodi,Tirodi Manganese Lease,3200,2590,36.0,86.9,90.9,90.1,22.8,1.2,0.0,610,19.1,1,2567.6,2541.5,19.14,-0.1906,9.0
2025-12-29,tirodi,Tirodi Manganese Lease,3200,2470,36.5,87.6,88.9,86.4,22.5,1.5,0.0,730,22.8,1,2584.7,2535.6,20.06,-0.2281,8.5
2025-12-30,tirodi,Tirodi Manganese Lease,3200,2629,37.0,86.2,88.4,90.4,22.7,1.3,0.0,571,17.8,1,2580.0,2538.5,19.49,-0.1784,8.7
2025-12-31,tirodi,Tirodi Manganese Lease,3200,2533,36.0,86.2,87.6,90.0,22.6,1.4,0.0,667,20.8,1,2593.3,2529.7,19.82,-0.2084,8.5
2026-01-01,tirodi,Tirodi Manganese Lease,3200,2669,35.6,85.6,88.3,91.6,22.8,1.2,0.0,531,16.6,1,2605.7,2535.0,19.01,-0.1659,8.8
2026-01-02,tirodi,Tirodi Manganese Lease,3200,2446,36.9,86.8,93.5,86.4,22.7,1.3,0.0,754,23.6,1,2565.4,2529.0,20.16,-0.2356,9.0
2026-01-03,tirodi,Tirodi Manganese Lease,3200,2574,37.2,88.3,88.0,85.0,22.8,1.2,0.0,626,19.6,1,2558.7,2529.5,20.02,-0.1956,9.1
2026-01-04,tirodi,Tirodi Manganese Lease,3200,2549,37.1,88.5,88.3,86.7,22.2,1.8,0.0,651,20.3,1,2552.9,2534.4,20.09,-0.2034,9.7
2026-01-05,tirodi,Tirodi Manganese Lease,3200,2484,36.5,85.3,89.7,86.7,23.0,1.0,0.0,716,22.4,1,2554.9,2534.6,20.67,-0.2238,9.2
2026-01-06,tirodi,Tirodi Manganese Lease,3200,2507,35.9,86.9,92.2,89.3,22.5,1.5,0.0,693,21.7,1,2537.4,2536.0,20.93,-0.2166,9.4
2026-01-07,tirodi,Tirodi Manganese Lease,3200,2506,35.5,86.0,91.6,89.4,22.0,2.0,0.0,694,21.7,1,2533.6,2537.5,21.12,-0.2169,10.0
2026-01-08,tirodi,Tirodi Manganese Lease,3200,2812,36.5,88.0,92.8,95.7,22.8,1.2,0.0,388,12.1,1,2554.0,2548.7,18.86,-0.1212,10.0
2026-01-09,tirodi,Tirodi Manganese Lease,3200,2449,36.5,85.4,93.5,83.4,22.7,1.3,0.0,751,23.5,1,2554.4,2550.8,20.02,-0.2347,10.0
2026-01-10,tirodi,Tirodi Manganese Lease,3200,2797,35.3,86.7,94.7,90.9,23.4,0.6,0.0,403,12.6,1,2586.3,2554.0,18.17,-0.1259,9.4
2026-01-11,tirodi,Tirodi Manganese Lease,3200,2449,37.8,86.1,84.6,89.7,22.1,1.9,0.0,751,23.5,1,2572.0,2549.9,19.5,-0.2347,9.5
2026-01-12,tirodi,Tirodi Manganese Lease,3200,1972,37.4,86.1,70.3,89.1,17.0,7.0,0.0,1228,38.4,1,2498.9,2530.2,24.23,-0.3838,15.5
2026-01-13,tirodi,Tirodi Manganese Lease,3200,2548,36.7,88.0,89.5,88.5,22.3,1.7,0.0,652,20.4,1,2504.7,2538.9,23.27,-0.2037,15.7
2026-01-14,tirodi,Tirodi Manganese Lease,3200,2361,32.1,84.9,89.7,85.6,22.0,2.0,0.0,839,26.2,1,2484.0,2529.9,24.0,-0.2622,15.7
2026-01-15,tirodi,Tirodi Manganese Lease,3200,2541,36.0,85.7,89.7,91.7,22.7,1.3,0.0,659,20.6,1,2445.3,2529.1,23.15,-0.2059,15.8
2026-01-16,tirodi,Tirodi Manganese Lease,3200,2533,36.1,85.0,92.2,89.8,23.0,1.0,0.0,667,20.8,1,2457.3,2528.6,22.56,-0.2084,15.5
2026-01-17,tirodi,Tirodi Manganese Lease,3200,2498,34.4,86.1,86.6,91.8,22.2,1.8,0.0,702,21.9,1,2414.6,2531.0,22.4,-0.2194,16.7
2026-01-18,tirodi,Tirodi Manganese Lease,3200,2349,37.5,87.2,87.0,84.4,22.3,1.7,0.0,851,26.6,1,2400.3,2525.4,23.45,-0.2659,16.5
2026-01-19,tirodi,Tirodi Manganese Lease,3200,2456,35.8,87.1,88.8,82.7,22.6,1.4,0.0,744,23.2,1,2469.4,2522.1,23.39,-0.2325,10.9
2026-01-20,tirodi,Tirodi Manganese Lease,3200,2526,35.5,85.2,85.6,87.1,22.4,1.6,0.0,674,21.1,1,2466.3,2521.0,22.81,-0.2106,10.8
2026-01-21,tirodi,Tirodi Manganese Lease,3200,2662,35.7,85.7,89.6,88.3,23.1,0.9,0.0,538,16.8,1,2509.3,2531.4,21.31,-0.1681,9.7
2026-01-22,tirodi,Tirodi Manganese Lease,3200,2569,33.9,85.3,91.5,88.8,23.1,0.9,0.0,631,19.7,1,2513.3,2528.3,20.91,-0.1972,9.3
2026-01-23,tirodi,Tirodi Manganese Lease,3200,2555,36.0,87.0,95.8,88.0,23.0,1.0,0.0,645,20.2,1,2516.4,2532.2,20.73,-0.2016,9.3
2026-01-24,tirodi,Tirodi Manganese Lease,3200,2481,35.5,85.2,88.7,88.1,22.5,1.5,0.0,719,22.5,1,2514.0,2528.8,21.17,-0.2247,9.0
2026-01-25,tirodi,Tirodi Manganese Lease,3200,2556,37.0,87.2,89.9,87.2,22.4,1.6,0.0,644,20.1,1,2543.6,2523.1,20.91,-0.2013,8.9
2026-01-26,tirodi,Tirodi Manganese Lease,3200,2533,35.8,86.0,94.0,85.1,23.0,1.0,0.0,667,20.8,1,2554.6,2520.1,20.88,-0.2084,8.5
2026-01-27,tirodi,Tirodi Manganese Lease,3200,2316,37.1,86.3,86.7,83.8,22.2,1.8,0.0,884,27.6,1,2524.6,2511.0,22.56,-0.2762,8.7
2026-01-28,tirodi,Tirodi Manganese Lease,3200,2469,36.9,85.9,89.0,88.0,22.5,1.5,0.0,731,22.8,1,2497.0,2511.0,22.62,-0.2284,9.3
2026-01-29,tirodi,Tirodi Manganese Lease,3200,2500,35.8,85.7,93.0,88.9,22.4,1.6,0.0,700,21.9,1,2487.1,2506.7,22.44,-0.2188,10.0
2026-01-30,tirodi,Tirodi Manganese Lease,3200,2497,36.0,85.7,92.3,84.7,22.9,1.1,0.0,703,22.0,1,2478.9,2505.5,22.33,-0.2197,10.1
2026-01-31,tirodi,Tirodi Manganese Lease,3200,2578,36.5,86.9,90.4,86.7,22.6,1.4,0.0,622,19.4,1,2492.7,2502.4,21.6,-0.1944,10.0
2026-02-01,tirodi,Tirodi Manganese Lease,3200,2478,36.5,85.8,94.3,88.6,22.8,1.2,0.0,722,22.6,1,2481.6,2503.5,21.85,-0.2256,9.6
2026-02-02,tirodi,Tirodi Manganese Lease,3200,2514,36.3,87.6,94.5,84.9,23.5,0.5,0.0,686,21.4,1,2478.9,2501.5,21.74,-0.2144,9.1
2026-02-03,tirodi,Tirodi Manganese Lease,3200,2458,35.7,86.2,89.3,89.7,22.3,1.7,0.0,742,23.2,1,2499.1,2498.5,22.1,-0.2319,9.0
2026-02-04,tirodi,Tirodi Manganese Lease,3200,2456,35.2,86.2,88.5,88.7,22.4,1.6,0.0,744,23.2,1,2497.3,2497.5,22.38,-0.2325,9.1
2026-02-05,tirodi,Tirodi Manganese Lease,3200,2676,35.7,85.0,88.7,91.4,22.7,1.3,0.0,524,16.4,1,2522.4,2503.2,20.88,-0.1638,8.8
2026-02-06,tirodi,Tirodi Manganese Lease,3200,2379,36.3,87.7,88.4,83.7,22.1,1.9,0.0,821,25.7,1,2505.6,2498.9,22.09,-0.2566,9.6
2026-02-07,tirodi,Tirodi Manganese Lease,3200,2802,36.3,85.2,95.3,95.2,23.0,1.0,0.0,398,12.4,1,2537.6,2498.6,19.67,-0.1244,9.2
2026-02-08,tirodi,Tirodi Manganese Lease,3200,2652,35.8,87.4,93.4,91.3,22.8,1.2,0.0,548,17.1,1,2562.4,2505.4,19.02,-0.1713,9.2
2026-02-09,tirodi,Tirodi Manganese Lease,3200,2512,34.9,86.8,91.3,83.7,23.0,1.0,0.0,688,21.5,1,2562.1,2495.9,19.64,-0.215,9.7
2026-02-10,tirodi,Tirodi Manganese Lease,3200,2580,36.6,86.4,85.8,92.0,22.2,1.8,0.0,620,19.4,1,2579.6,2500.2,19.58,-0.1938,9.8
2026-02-11,tirodi,Tirodi Manganese Lease,3200,2613,36.4,85.8,94.0,89.1,23.3,0.7,0.0,587,18.3,1,2602.0,2521.6,19.26,-0.1834,8.9
2026-02-12,tirodi,Tirodi Manganese Lease,3200,2536,35.3,86.8,87.7,92.3,22.0,2.0,0.0,664,20.8,1,2582.0,2521.2,19.65,-0.2075,9.6
2026-02-13,tirodi,Tirodi Manganese Lease,3200,2684,37.5,86.6,91.1,92.2,23.2,0.8,0.0,516,16.1,1,2625.6,2532.0,18.76,-0.1612,8.5
2026-02-14,tirodi,Tirodi Manganese Lease,3200,2544,37.1,86.5,86.8,87.3,22.3,1.7,0.0,656,20.5,1,2588.7,2532.1,19.19,-0.205,9.2
2026-02-15,tirodi,Tirodi Manganese Lease,3200,2397,36.5,86.2,89.4,84.3,22.9,1.1,0.0,803,25.1,1,2552.3,2527.5,20.67,-0.2509,9.1
2026-02-16,tirodi,Tirodi Manganese Lease,3200,2407,36.7,86.6,89.0,85.2,22.8,1.2,0.0,793,24.8,1,2537.3,2524.5,21.7,-0.2478,9.3
2026-02-17,tirodi,Tirodi Manganese Lease,3200,2435,35.7,87.1,90.6,86.2,22.7,1.3,0.0,765,23.9,1,2516.6,2527.4,22.25,-0.2391,8.8
2026-02-18,tirodi,Tirodi Manganese Lease,3200,2527,36.4,86.6,85.7,87.9,22.2,1.8,0.0,673,21.0,1,2504.3,2529.7,21.94,-0.2103,9.9
2026-02-19,tirodi,Tirodi Manganese Lease,3200,2340,36.8,86.0,92.2,85.2,22.3,1.7,0.0,860,26.9,1,2476.3,2523.5,23.18,-0.2688,9.6
2026-02-20,tirodi,Tirodi Manganese Lease,3200,2688,35.4,85.6,92.1,90.6,22.8,1.2,0.0,512,16.0,1,2476.9,2524.4,21.38,-0.16,10.0
2026-02-21,tirodi,Tirodi Manganese Lease,3200,2590,36.6,86.8,89.8,88.5,22.3,1.7,0.0,610,19.1,1,2483.4,2525.1,20.81,-0.1906,10.0
2026-02-22,tirodi,Tirodi Manganese Lease,3200,2578,36.2,85.8,91.9,87.0,23.3,0.7,0.0,622,19.4,1,2509.3,2525.9,20.46,-0.1944,9.6
2026-02-23,tirodi,Tirodi Manganese Lease,3200,2309,35.7,85.4,88.0,82.9,22.8,1.2,0.0,891,27.8,1,2495.3,2520.1,22.3,-0.2784,9.6
2026-02-24,tirodi,Tirodi Manganese Lease,3200,2749,36.1,87.2,91.7,92.2,23.3,0.7,0.0,451,14.1,1,2540.1,2526.6,20.25,-0.1409,9.0
2026-02-25,tirodi,Tirodi Manganese Lease,3200,2424,36.1,86.1,93.5,87.1,22.5,1.5,0.0,776,24.2,1,2525.4,2522.9,21.23,-0.2425,8.7
2026-02-26,tirodi,Tirodi Manganese Lease,3200,2469,36.2,87.9,87.9,87.2,22.1,1.9,0.0,731,22.8,1,2543.9,2528.0,21.63,-0.2284,8.9
2026-02-27,tirodi,Tirodi Manganese Lease,3200,2650,35.6,87.3,91.9,92.0,22.8,1.2,0.0,550,17.2,1,2538.4,2534.1,20.52,-0.1719,8.9
2026-02-28,tirodi,Tirodi Manganese Lease,3200,1826,36.4,87.4,64.3,87.2,16.1,7.9,0.0,1374,42.9,1,2429.3,2511.6,26.11,-0.4294,15.1
2026-03-01,tirodi,Tirodi Manganese Lease,3200,2678,35.2,85.7,92.6,91.9,22.8,1.2,0.0,522,16.3,1,2443.6,2517.6,23.66,-0.1631,15.6
2026-03-02,tirodi,Tirodi Manganese Lease,3200,2588,36.2,85.4,92.2,86.3,23.2,0.8,0.0,612,19.1,1,2483.4,2518.0,22.52,-0.1912,15.2
2026-03-03,tirodi,Tirodi Manganese Lease,3200,2777,35.2,85.2,91.0,92.3,23.3,0.7,0.0,423,13.2,1,2487.4,2527.9,20.19,-0.1322,15.2
2026-03-04,tirodi,Tirodi Manganese Lease,3200,2615,35.9,87.6,86.6,89.4,22.5,1.5,0.0,585,18.3,1,2514.7,2531.3,19.72,-0.1828,15.2
2026-03-05,tirodi,Tirodi Manganese Lease,3200,2575,35.9,87.0,92.6,88.0,22.6,1.4,0.0,625,19.5,1,2529.9,2535.2,19.66,-0.1953,14.7
2026-03-06,tirodi,Tirodi Manganese Lease,3200,2451,36.7,85.6,88.4,87.0,23.1,0.9,0.0,749,23.4,1,2501.4,2535.0,20.6,-0.2341,14.4
2026-03-07,tirodi,Tirodi Manganese Lease,3200,2418,35.6,84.7,87.2,85.6,22.3,1.7,0.0,782,24.4,1,2586.0,2526.4,21.55,-0.2444,8.2
2026-03-08,tirodi,Tirodi Manganese Lease,3200,2604,36.7,86.2,91.2,90.5,22.1,1.9,0.0,596,18.6,1,2575.4,2533.9,20.81,-0.1862,8.9
2026-03-09,tirodi,Tirodi Manganese Lease,3200,2461,35.3,85.7,91.8,88.1,22.5,1.5,0.0,739,23.1,1,2557.3,2522.6,21.38,-0.2309,9.6
2026-03-10,tirodi,Tirodi Manganese Lease,3200,2578,34.7,86.2,91.1,91.2,22.8,1.2,0.0,622,19.4,1,2528.9,2520.1,20.89,-0.1944,10.1
2026-03-11,tirodi,Tirodi Manganese Lease,3200,2592,35.4,87.2,91.6,88.9,22.3,1.7,0.0,608,19.0,1,2525.6,2522.8,20.42,-0.19,10.3
2026-03-12,tirodi,Tirodi Manganese Lease,3200,2501,36.2,86.4,93.5,88.0,23.0,1.0,0.0,699,21.8,1,2515.0,2520.1,20.76,-0.2184,9.9
2026-03-13,tirodi,Tirodi Manganese Lease,3200,2547,35.8,85.7,94.5,89.3,22.7,1.3,0.0,653,20.4,1,2528.7,2517.9,20.67,-0.2041,10.3
2026-03-14,tirodi,Tirodi Manganese Lease,3200,2446,35.3,86.6,91.1,88.7,22.0,2.0,0.0,754,23.6,1,2532.7,2514.9,21.4,-0.2356,10.6
2026-03-15,tirodi,Tirodi Manganese Lease,3200,2577,35.9,86.2,90.5,90.9,22.1,1.9,0.0,623,19.5,1,2528.9,2511.4,20.93,-0.1947,10.6
2026-03-16,tirodi,Tirodi Manganese Lease,3200,2479,36.0,85.5,91.8,84.7,22.8,1.2,0.0,721,22.5,1,2531.4,2509.2,21.32,-0.2253,10.3
2026-03-17,tirodi,Tirodi Manganese Lease,3200,2777,36.3,86.4,93.3,90.9,23.4,0.6,0.0,423,13.2,1,2559.9,2521.9,19.29,-0.1322,9.7
2026-03-18,tirodi,Tirodi Manganese Lease,3200,2401,31.1,82.0,85.0,86.7,22.2,1.8,0.0,799,25.0,1,2532.6,2521.7,20.72,-0.2497,9.8
2026-03-19,tirodi,Tirodi Manganese Lease,3200,2624,35.9,86.0,91.0,90.6,22.2,1.8,0.0,576,18.0,1,2550.1,2528.0,20.04,-0.18,10.6
2026-03-20,tirodi,Tirodi Manganese Lease,3200,2468,35.6,86.3,90.8,87.7,22.9,1.1,0.0,732,22.9,1,2538.9,2526.0,20.75,-0.2288,10.4
2026-03-21,tirodi,Tirodi Manganese Lease,3200,2474,37.8,88.4,90.8,84.1,22.1,1.9,0.0,726,22.7,1,2542.9,2530.5,21.24,-0.2269,10.3
2026-03-22,tirodi,Tirodi Manganese Lease,3200,2672,36.7,87.7,93.8,86.4,23.5,0.5,0.0,528,16.5,1,2556.4,2529.9,20.06,-0.165,8.9
2026-03-23,tirodi,Tirodi Manganese Lease,3200,2536,35.9,85.3,88.4,89.2,22.5,1.5,0.0,664,20.8,1,2564.6,2528.1,20.24,-0.2075,9.2
2026-03-24,tirodi,Tirodi Manganese Lease,3200,2459,36.8,87.7,91.7,84.5,23.2,0.8,0.0,741,23.2,1,2519.1,2524.2,20.98,-0.2316,9.4
2026-03-25,tirodi,Tirodi Manganese Lease,3200,2397,37.0,87.0,90.3,84.0,22.4,1.6,0.0,803,25.1,1,2518.6,2527.1,22.01,-0.2509,9.2
2026-03-26,tirodi,Tirodi Manganese Lease,3200,2455,36.1,85.2,85.3,88.8,22.1,1.9,0.0,745,23.3,1,2494.4,2517.3,22.33,-0.2328,9.3
2026-03-27,tirodi,Tirodi Manganese Lease,3200,2493,36.8,85.4,86.8,90.2,22.2,1.8,0.0,707,22.1,1,2498.0,2519.6,22.27,-0.2209,10.0
2026-03-28,tirodi,Tirodi Manganese Lease,3200,2583,36.9,85.7,89.5,90.7,23.0,1.0,0.0,617,19.3,1,2513.6,2523.4,21.53,-0.1928,9.1
2026-03-29,tirodi,Tirodi Manganese Lease,3200,2507,36.1,87.7,90.2,84.1,22.9,1.1,0.0,693,21.7,1,2490.0,2518.6,21.57,-0.2166,9.7
2026-03-30,tirodi,Tirodi Manganese Lease,3200,2652,36.0,85.6,96.1,88.9,23.5,0.5,0.0,548,17.1,1,2506.6,2546.2,20.46,-0.1713,8.7
2026-03-31,tirodi,Tirodi Manganese Lease,3200,2647,36.4,87.6,89.4,87.4,22.7,1.3,0.0,553,17.3,1,2533.4,2545.1,19.67,-0.1728,9.2
2026-04-01,tirodi,Tirodi Manganese Lease,3200,2673,36.6,88.1,87.9,92.2,22.7,1.3,0.0,527,16.5,1,2572.9,2548.0,18.87,-0.1647,8.9
2026-04-02,tirodi,Tirodi Manganese Lease,3200,2663,35.9,87.8,93.2,88.5,22.9,1.1,0.0,537,16.8,1,2602.6,2544.2,18.36,-0.1678,8.1
2026-04-03,tirodi,Tirodi Manganese Lease,3200,2714,35.0,87.2,91.7,91.1,23.2,0.8,0.0,486,15.2,1,2634.1,2547.5,17.57,-0.1519,7.1
2026-04-04,tirodi,Tirodi Manganese Lease,3200,2452,36.6,85.5,88.6,87.5,22.4,1.6,0.0,748,23.4,1,2615.4,2543.4,19.03,-0.2338,7.7
2026-04-05,tirodi,Tirodi Manganese Lease,3200,2690,36.9,87.9,94.7,87.6,23.5,0.5,0.0,510,15.9,1,2641.6,2551.3,18.24,-0.1594,7.1
2026-04-06,tirodi,Tirodi Manganese Lease,3200,2521,36.2,85.8,87.0,86.6,22.5,1.5,0.0,679,21.2,1,2622.9,2554.8,18.98,-0.2122,8.1
2026-04-07,tirodi,Tirodi Manganese Lease,3200,2607,36.6,85.4,91.2,87.2,23.5,0.5,0.0,593,18.5,1,2617.1,2554.9,18.86,-0.1853,7.3
2026-04-08,tirodi,Tirodi Manganese Lease,3200,2392,35.2,84.9,91.3,87.4,22.2,1.8,0.0,808,25.2,1,2577.0,2552.6,20.45,-0.2525,7.8
2026-04-09,tirodi,Tirodi Manganese Lease,3200,2611,36.7,86.7,89.4,87.7,23.0,1.0,0.0,589,18.4,1,2569.6,2553.7,19.93,-0.1841,7.7
2026-04-10,tirodi,Tirodi Manganese Lease,3200,2682,36.1,87.2,89.2,88.5,23.2,0.8,0.0,518,16.2,1,2565.0,2556.7,19.0,-0.1619,7.7
2026-04-11,tirodi,Tirodi Manganese Lease,3200,2353,35.5,84.9,88.9,85.1,22.4,1.6,0.0,847,26.5,1,2550.9,2551.7,20.88,-0.2647,7.7
2026-04-12,tirodi,Tirodi Manganese Lease,3200,2508,36.5,87.1,91.6,86.4,22.9,1.1,0.0,692,21.6,1,2524.9,2550.4,21.06,-0.2162,8.3
2026-04-13,tirodi,Tirodi Manganese Lease,3200,2433,35.6,85.8,87.6,89.8,22.1,1.9,0.0,767,24.0,1,2512.3,2550.0,21.79,-0.2397,8.7
2026-04-14,tirodi,Tirodi Manganese Lease,3200,2480,35.3,85.3,86.9,90.0,22.0,2.0,0.0,720,22.5,1,2494.1,2546.8,21.97,-0.225,10.2
2026-04-15,tirodi,Tirodi Manganese Lease,3200,2515,36.2,86.6,89.8,87.8,22.7,1.3,0.0,685,21.4,1,2511.7,2548.0,21.83,-0.2141,9.7
2026-04-16,tirodi,Tirodi Manganese Lease,3200,1884,35.1,86.6,64.2,86.5,16.5,7.5,0.0,1316,41.1,1,2407.9,2518.2,26.65,-0.4112,16.2
2026-04-17,tirodi,Tirodi Manganese Lease,3200,2462,35.4,85.5,92.3,87.7,22.2,1.8,0.0,738,23.1,1,2376.4,2520.2,25.76,-0.2306,17.2
2026-04-18,tirodi,Tirodi Manganese Lease,3200,2628,36.9,86.5,89.6,86.8,23.1,0.9,0.0,572,17.9,1,2415.7,2520.4,23.79,-0.1788,16.5
2026-04-19,tirodi,Tirodi Manganese Lease,3200,2592,36.5,86.3,91.3,89.8,23.4,0.6,0.0,608,19.0,1,2427.7,2524.5,22.6,-0.19,16.0
2026-04-20,tirodi,Tirodi Manganese Lease,3200,2604,36.0,87.3,87.0,88.5,22.7,1.3,0.0,596,18.6,1,2452.1,2528.8,21.6,-0.1862,15.4
2026-04-21,tirodi,Tirodi Manganese Lease,3200,2517,36.7,85.7,86.8,91.7,22.4,1.6,0.0,683,21.3,1,2457.4,2523.7,21.52,-0.2134,15.0
2026-04-22,tirodi,Tirodi Manganese Lease,3200,2612,37.4,87.5,92.2,88.0,23.2,0.8,0.0,588,18.4,1,2471.3,2526.2,20.74,-0.1838,14.5
2026-04-23,tirodi,Tirodi Manganese Lease,3200,2590,36.2,85.1,90.7,87.1,23.4,0.6,0.0,610,19.1,1,2572.1,2530.6,20.33,-0.1906,7.6
2026-04-24,tirodi,Tirodi Manganese Lease,3200,2513,36.5,87.0,86.4,88.4,22.2,1.8,0.0,687,21.5,1,2579.4,2534.4,20.62,-0.2147,7.6
2026-04-25,tirodi,Tirodi Manganese Lease,3200,2481,35.8,86.4,86.7,90.4,22.2,1.8,0.0,719,22.5,1,2558.4,2535.3,21.09,-0.2247,8.5
2026-04-26,tirodi,Tirodi Manganese Lease,3200,2403,34.9,84.3,94.1,86.4,22.6,1.4,0.0,797,24.9,1,2531.4,2532.3,22.04,-0.2491,9.3
2026-04-27,tirodi,Tirodi Manganese Lease,3200,2427,36.3,86.5,87.2,85.3,22.3,1.7,0.0,773,24.2,1,2506.1,2527.1,22.58,-0.2416,9.7
2026-04-28,tirodi,Tirodi Manganese Lease,3200,2602,36.4,85.4,95.4,89.7,23.4,0.6,0.0,598,18.7,1,2518.3,2530.3,21.61,-0.1869,8.7
2026-04-29,tirodi,Tirodi Manganese Lease,3200,2843,36.7,88.2,93.0,93.9,22.9,1.1,0.0,357,11.2,1,2551.3,2536.6,19.01,-0.1116,9.0
2026-04-30,tirodi,Tirodi Manganese Lease,3200,2663,37.0,86.1,96.1,90.9,23.1,0.9,0.0,537,16.8,1,2561.7,2537.2,18.46,-0.1678,9.3
2026-05-01,tirodi,Tirodi Manganese Lease,3200,2589,35.9,85.1,84.9,90.8,22.1,1.9,0.0,611,19.1,1,2572.6,2534.4,18.62,-0.1909,9.4
2026-05-02,tirodi,Tirodi Manganese Lease,3200,2671,35.8,87.1,94.5,89.6,23.2,0.8,0.0,529,16.5,1,2599.7,2534.6,18.09,-0.1653,8.4
2026-05-03,tirodi,Tirodi Manganese Lease,3200,2381,35.5,84.9,87.9,87.6,22.2,1.8,0.0,819,25.6,1,2596.6,2523.5,19.97,-0.2559,8.8
2026-05-04,tirodi,Tirodi Manganese Lease,3200,2520,37.6,86.6,87.4,85.1,22.5,1.5,0.0,680,21.2,1,2609.9,2525.8,20.27,-0.2125,8.6
2026-05-05,tirodi,Tirodi Manganese Lease,3200,2622,35.3,86.8,94.8,88.6,23.3,0.7,0.0,578,18.1,1,2612.7,2523.5,19.73,-0.1806,8.7
2026-05-06,tirodi,Tirodi Manganese Lease,3200,2458,36.1,86.0,88.5,88.2,22.6,1.4,0.0,742,23.2,1,2557.7,2521.4,20.6,-0.2319,9.0
2026-05-07,tirodi,Tirodi Manganese Lease,3200,2578,36.6,86.5,88.1,86.1,23.0,1.0,0.0,622,19.4,1,2545.6,2520.5,20.3,-0.1944,9.1
2026-05-08,tirodi,Tirodi Manganese Lease,3200,2570,35.8,86.1,88.3,89.6,22.5,1.5,0.0,630,19.7,1,2542.9,2526.4,20.15,-0.1969,8.7
2026-05-09,tirodi,Tirodi Manganese Lease,3200,2449,35.4,85.9,90.0,85.9,22.2,1.8,0.0,751,23.5,1,2511.1,2521.0,20.99,-0.2347,9.7
2026-05-10,tirodi,Tirodi Manganese Lease,3200,2313,35.2,85.2,86.1,83.2,22.2,1.8,0.0,887,27.7,1,2501.4,2508.7,22.67,-0.2772,9.7
2026-05-11,tirodi,Tirodi Manganese Lease,3200,2561,36.4,86.8,91.6,90.4,22.2,1.8,0.0,639,20.0,1,2507.3,2515.6,22.0,-0.1997,10.0
2026-05-12,tirodi,Tirodi Manganese Lease,3200,2686,37.2,88.3,93.4,85.8,23.5,0.5,0.0,514,16.1,1,2516.4,2521.6,20.52,-0.1606,9.8
2026-05-13,tirodi,Tirodi Manganese Lease,3200,2404,35.4,86.8,90.2,82.1,22.2,1.8,0.0,796,24.9,1,2508.7,2520.6,21.62,-0.2488,10.2
2026-05-14,tirodi,Tirodi Manganese Lease,3200,2658,36.5,87.5,96.9,86.8,23.3,0.7,0.0,542,16.9,1,2520.1,2526.5,20.44,-0.1694,9.9
2026-05-15,tirodi,Tirodi Manganese Lease,3200,2512,36.7,87.6,87.6,85.7,22.9,1.1,0.0,688,21.5,1,2511.9,2526.4,20.7,-0.215,9.5
2025-01-01,ukwa,Ukwa Low-Phosphorus,2200,1862,41.4,85.2,89.9,93.9,22.9,1.1,0.0,338,15.4,1,1862.0,1862.0,15.4,-0.1536,1.1
2025-01-02,ukwa,Ukwa Low-Phosphorus,2200,1897,42.1,87.5,88.7,92.6,22.6,1.4,0.0,303,13.8,1,1879.5,1879.5,14.49,-0.1377,2.5
2025-01-03,ukwa,Ukwa Low-Phosphorus,2200,1893,42.6,87.4,86.8,92.5,22.6,1.4,0.0,307,14.0,1,1884.0,1884.0,14.28,-0.1395,3.9
2025-01-04,ukwa,Ukwa Low-Phosphorus,2200,1932,42.4,87.5,91.1,95.9,22.1,1.9,0.0,268,12.2,1,1896.0,1896.0,13.52,-0.1218,5.8
2025-01-05,ukwa,Ukwa Low-Phosphorus,2200,2008,43.2,87.2,95.2,94.8,23.4,0.6,0.0,192,8.7,0,1918.4,1918.4,11.94,-0.0873,6.4
2025-01-06,ukwa,Ukwa Low-Phosphorus,2200,1859,43.4,87.6,95.3,93.8,23.1,0.9,0.0,341,15.5,1,1908.5,1908.5,13.02,-0.155,7.3
2025-01-07,ukwa,Ukwa Low-Phosphorus,2200,1761,41.0,85.8,92.8,89.2,23.4,0.6,0.0,439,20.0,1,1887.4,1887.4,15.03,-0.1995,7.9
2025-01-08,ukwa,Ukwa Low-Phosphorus,2200,1870,41.5,85.4,94.8,97.3,22.9,1.1,0.0,330,15.0,1,1888.6,1885.2,15.03,-0.15,7.9
2025-01-09,ukwa,Ukwa Low-Phosphorus,2200,1890,41.6,87.1,90.2,93.9,22.4,1.6,0.0,310,14.1,1,1887.6,1885.8,14.77,-0.1409,8.1
2025-01-10,ukwa,Ukwa Low-Phosphorus,2200,1915,42.4,87.5,91.7,93.5,22.7,1.3,0.0,285,13.0,1,1890.7,1888.7,14.3,-0.1295,8.0
2025-01-11,ukwa,Ukwa Low-Phosphorus,2200,1727,41.1,85.5,86.0,89.2,22.4,1.6,0.0,473,21.5,1,1861.4,1874.0,16.18,-0.215,7.7
2025-01-12,ukwa,Ukwa Low-Phosphorus,2200,1949,42.1,86.7,97.2,92.7,23.4,0.6,0.0,251,11.4,1,1853.0,1880.2,14.95,-0.1141,7.7
2025-01-13,ukwa,Ukwa Low-Phosphorus,2200,1828,41.9,87.1,87.2,95.9,22.2,1.8,0.0,372,16.9,1,1848.6,1876.2,15.45,-0.1691,8.6
2025-01-14,ukwa,Ukwa Low-Phosphorus,2200,1831,41.6,87.4,94.1,93.2,22.7,1.3,0.0,369,16.8,1,1858.6,1873.0,15.79,-0.1677,9.3
2025-01-15,ukwa,Ukwa Low-Phosphorus,2200,1958,43.3,88.5,93.3,96.4,23.1,0.9,0.0,242,11.0,1,1871.1,1878.7,14.58,-0.11,9.1
2025-01-16,ukwa,Ukwa Low-Phosphorus,2200,2005,42.4,87.9,89.9,94.6,23.5,0.5,0.0,195,8.9,0,1887.6,1886.6,13.14,-0.0886,8.0
2025-01-17,ukwa,Ukwa Low-Phosphorus,2200,1939,41.3,86.6,93.0,98.0,22.8,1.2,0.0,261,11.9,1,1891.0,1889.6,12.83,-0.1186,7.9
2025-01-18,ukwa,Ukwa Low-Phosphorus,2200,1895,42.8,88.0,90.2,93.5,23.2,0.8,0.0,305,13.9,1,1915.0,1889.9,13.1,-0.1386,7.1
2025-01-19,ukwa,Ukwa Low-Phosphorus,2200,1890,41.4,86.3,91.7,94.0,23.1,0.9,0.0,310,14.1,1,1906.6,1889.9,13.35,-0.1409,7.4
2025-01-20,ukwa,Ukwa Low-Phosphorus,2200,1803,41.8,87.5,90.6,94.6,22.2,1.8,0.0,397,18.0,1,1903.0,1885.6,14.52,-0.1805,7.4
2025-01-21,ukwa,Ukwa Low-Phosphorus,2200,1740,42.9,85.7,88.0,91.9,22.5,1.5,0.0,460,20.9,1,1890.0,1878.7,16.12,-0.2091,7.6
2025-01-22,ukwa,Ukwa Low-Phosphorus,2200,1979,42.8,87.6,95.3,94.9,23.4,0.6,0.0,221,10.0,1,1893.0,1883.2,14.58,-0.1005,7.3
2025-01-23,ukwa,Ukwa Low-Phosphorus,2200,1974,41.8,87.5,92.6,94.4,23.1,0.9,0.0,226,10.3,1,1888.6,1887.2,13.51,-0.1027,7.7
2025-01-24,ukwa,Ukwa Low-Phosphorus,2200,1878,42.6,86.6,84.9,94.0,22.1,1.9,0.0,322,14.6,1,1879.9,1886.8,13.78,-0.1464,8.4
2025-01-25,ukwa,Ukwa Low-Phosphorus,2200,1776,41.9,85.6,88.4,92.9,22.6,1.4,0.0,424,19.3,1,1862.9,1882.4,15.16,-0.1927,9.0
2025-01-26,ukwa,Ukwa Low-Phosphorus,2200,1926,41.4,86.9,89.9,95.3,23.3,0.7,0.0,274,12.5,1,1868.0,1884.0,14.5,-0.1245,8.8
2025-01-27,ukwa,Ukwa Low-Phosphorus,2200,1835,42.0,85.0,94.3,92.9,22.8,1.2,0.0,365,16.6,1,1872.6,1882.2,15.02,-0.1659,8.2
2025-01-28,ukwa,Ukwa Low-Phosphorus,2200,1755,42.1,85.4,85.5,92.0,22.3,1.7,0.0,445,20.2,1,1874.7,1877.7,16.32,-0.2023,8.4
2025-01-29,ukwa,Ukwa Low-Phosphorus,2200,1803,41.8,85.2,90.9,94.2,22.7,1.3,0.0,397,18.0,1,1849.6,1875.1,16.74,-0.1805,9.1
2025-01-30,ukwa,Ukwa Low-Phosphorus,2200,1836,41.7,85.6,94.4,94.0,23.0,1.0,0.0,364,16.5,1,1829.9,1873.8,16.68,-0.1655,9.2
2025-01-31,ukwa,Ukwa Low-Phosphorus,2200,1857,40.7,85.7,91.8,94.4,22.1,1.9,0.0,343,15.6,1,1826.9,1873.6,16.41,-0.1559,9.2
2025-02-01,ukwa,Ukwa Low-Phosphorus,2200,1780,41.1,87.3,86.6,92.2,22.5,1.5,0.0,420,19.1,1,1827.4,1869.7,17.08,-0.1909,9.3
2025-02-02,ukwa,Ukwa Low-Phosphorus,2200,1948,41.5,87.3,95.1,92.1,23.2,0.8,0.0,252,11.5,1,1830.6,1871.6,15.69,-0.1145,9.4
2025-02-03,ukwa,Ukwa Low-Phosphorus,2200,1716,41.5,85.3,86.0,92.4,22.1,1.9,0.0,484,22.0,1,1813.6,1864.4,17.26,-0.22,10.1
2025-02-04,ukwa,Ukwa Low-Phosphorus,2200,1812,41.6,85.4,87.6,90.2,22.6,1.4,0.0,388,17.6,1,1821.7,1857.8,17.35,-0.1764,9.8
2025-02-05,ukwa,Ukwa Low-Phosphorus,2200,1973,41.1,87.0,90.9,92.9,23.5,0.5,0.0,227,10.3,1,1846.0,1861.6,15.59,-0.1032,9.0
2025-02-06,ukwa,Ukwa Low-Phosphorus,2200,1892,41.9,87.9,88.7,93.0,23.0,1.0,0.0,308,14.0,1,1854.0,1866.0,15.19,-0.14,9.0
2025-02-07,ukwa,Ukwa Low-Phosphorus,2200,1817,41.7,86.5,89.2,91.2,23.1,0.9,0.0,383,17.4,1,1848.3,1864.2,15.74,-0.1741,8.0
2025-02-08,ukwa,Ukwa Low-Phosphorus,2200,1830,41.6,85.7,92.7,92.9,22.7,1.3,0.0,370,16.8,1,1855.4,1862.2,16.01,-0.1682,7.8
2025-02-09,ukwa,Ukwa Low-Phosphorus,2200,1828,41.3,85.3,90.6,90.9,23.3,0.7,0.0,372,16.9,1,1838.3,1859.3,16.23,-0.1691,7.7
2025-02-10,ukwa,Ukwa Low-Phosphorus,2200,1873,41.6,87.0,88.3,94.2,22.3,1.7,0.0,327,14.9,1,1860.7,1864.2,15.9,-0.1486,7.5
2025-02-11,ukwa,Ukwa Low-Phosphorus,2200,1778,43.8,86.4,89.7,91.9,22.9,1.1,0.0,422,19.2,1,1855.9,1858.5,16.72,-0.1918,7.2
2025-02-12,ukwa,Ukwa Low-Phosphorus,2200,1859,42.1,85.6,88.8,98.8,22.2,1.8,0.0,341,15.5,1,1839.6,1859.5,16.42,-0.155,8.5
2025-02-13,ukwa,Ukwa Low-Phosphorus,2200,1848,42.2,86.5,87.4,96.1,22.2,1.8,0.0,352,16.0,1,1833.3,1860.1,16.31,-0.16,9.3
2025-02-14,ukwa,Ukwa Low-Phosphorus,2200,1989,41.5,86.5,89.7,96.8,22.7,1.3,0.0,211,9.6,0,1857.9,1861.1,14.63,-0.0959,9.7
2025-02-15,ukwa,Ukwa Low-Phosphorus,2200,1897,42.3,88.2,86.1,98.2,22.4,1.6,0.0,303,13.8,1,1867.4,1857.5,14.43,-0.1377,10.0
2025-02-16,ukwa,Ukwa Low-Phosphorus,2200,1854,41.1,86.3,93.3,93.6,23.4,0.6,0.0,346,15.7,1,1871.1,1854.7,14.74,-0.1573,9.9
2025-02-17,ukwa,Ukwa Low-Phosphorus,2200,1295,41.1,84.5,58.2,94.5,15.5,8.5,0.0,905,41.1,1,1788.6,1834.7,21.33,-0.4114,16.7
2025-02-18,ukwa,Ukwa Low-Phosphorus,2200,1875,42.2,86.6,88.5,92.4,22.8,1.2,0.0,325,14.8,1,1802.4,1834.2,19.7,-0.1477,16.8
2025-02-19,ukwa,Ukwa Low-Phosphorus,2200,1869,41.8,85.3,93.3,95.4,22.8,1.2,0.0,331,15.0,1,1803.9,1836.4,18.53,-0.1505,16.2
2025-02-20,ukwa,Ukwa Low-Phosphorus,2200,1696,42.5,87.1,88.2,88.6,22.3,1.7,0.0,504,22.9,1,1782.1,1834.9,19.62,-0.2291,16.1
2025-02-21,ukwa,Ukwa Low-Phosphorus,2200,1906,41.2,85.8,90.9,97.4,22.1,1.9,0.0,294,13.4,1,1770.3,1832.5,18.06,-0.1336,16.7
2025-02-22,ukwa,Ukwa Low-Phosphorus,2200,1910,42.3,85.9,86.6,99.0,22.4,1.6,0.0,290,13.2,1,1772.1,1830.4,16.85,-0.1318,16.7
2025-02-23,ukwa,Ukwa Low-Phosphorus,2200,1869,42.0,87.6,94.8,93.0,23.0,1.0,0.0,331,15.0,1,1774.3,1830.1,16.39,-0.1505,17.1
2025-02-24,ukwa,Ukwa Low-Phosphorus,2200,1886,42.1,87.9,95.9,92.8,23.2,0.8,0.0,314,14.3,1,1858.7,1833.7,15.86,-0.1427,9.4
2025-02-25,ukwa,Ukwa Low-Phosphorus,2200,1822,42.1,85.7,95.6,93.7,23.1,0.9,0.0,378,17.2,1,1851.1,1830.3,16.2,-0.1718,9.1
2025-02-26,ukwa,Ukwa Low-Phosphorus,2200,1756,41.5,85.2,85.6,92.0,22.0,2.0,0.0,444,20.2,1,1835.0,1827.6,17.2,-0.2018,9.9
2025-02-27,ukwa,Ukwa Low-Phosphorus,2200,1902,42.1,86.0,91.5,95.2,23.1,0.9,0.0,298,13.5,1,1864.4,1832.5,16.27,-0.1355,9.1
2025-02-28,ukwa,Ukwa Low-Phosphorus,2200,1886,42.2,85.6,91.6,94.0,22.9,1.1,0.0,314,14.3,1,1861.6,1835.3,15.78,-0.1427,8.3
2025-03-01,ukwa,Ukwa Low-Phosphorus,2200,1860,42.0,86.6,90.3,93.1,22.3,1.7,0.0,340,15.5,1,1854.4,1836.1,15.71,-0.1545,8.4
2025-03-02,ukwa,Ukwa Low-Phosphorus,2200,1896,41.3,84.6,94.0,93.2,23.2,0.8,0.0,304,13.8,1,1858.3,1837.4,15.23,-0.1382,8.2
2025-03-03,ukwa,Ukwa Low-Phosphorus,2200,1899,42.3,85.7,94.4,93.5,23.1,0.9,0.0,301,13.7,1,1860.1,1841.4,14.85,-0.1368,8.3
2025-03-04,ukwa,Ukwa Low-Phosphorus,2200,1919,40.6,86.0,87.5,94.3,22.7,1.3,0.0,281,12.8,1,1874.0,1840.4,14.34,-0.1277,8.7
2025-03-05,ukwa,Ukwa Low-Phosphorus,2200,1792,37.9,84.9,91.6,94.4,22.1,1.9,0.0,408,18.5,1,1879.1,1842.9,15.38,-0.1855,8.6
2025-03-06,ukwa,Ukwa Low-Phosphorus,2200,2023,42.1,87.5,93.5,95.3,23.3,0.7,0.0,177,8.0,0,1896.4,1850.0,13.53,-0.0805,8.4
2025-03-07,ukwa,Ukwa Low-Phosphorus,2200,1847,42.0,86.9,87.3,91.6,22.3,1.7,0.0,353,16.0,1,1890.9,1845.8,14.15,-0.1605,9.0
2025-03-08,ukwa,Ukwa Low-Phosphorus,2200,1995,43.0,87.3,91.6,99.0,23.1,0.9,0.0,205,9.3,0,1910.1,1849.2,12.94,-0.0932,8.2
2025-03-09,ukwa,Ukwa Low-Phosphorus,2200,1805,41.6,85.9,89.8,92.1,22.7,1.3,0.0,395,18.0,1,1897.1,1848.8,14.2,-0.1795,8.7
2025-03-10,ukwa,Ukwa Low-Phosphorus,2200,1751,42.8,86.5,88.1,93.8,22.0,2.0,0.0,449,20.4,1,1876.0,1846.2,15.75,-0.2041,9.8
2025-03-11,ukwa,Ukwa Low-Phosphorus,2200,1844,43.3,86.2,93.3,90.4,22.7,1.3,0.0,356,16.2,1,1865.3,1846.7,15.86,-0.1618,9.8
2025-03-12,ukwa,Ukwa Low-Phosphorus,2200,1810,41.7,85.1,91.3,92.2,22.5,1.5,0.0,390,17.7,1,1867.9,1844.6,16.32,-0.1773,9.4
2025-03-13,ukwa,Ukwa Low-Phosphorus,2200,1765,42.0,85.0,87.1,92.5,22.1,1.9,0.0,435,19.8,1,1831.0,1844.2,17.19,-0.1977,10.6
2025-03-14,ukwa,Ukwa Low-Phosphorus,2200,1796,41.7,85.5,87.1,94.4,22.4,1.6,0.0,404,18.4,1,1823.7,1842.1,17.49,-0.1836,10.5
2025-03-15,ukwa,Ukwa Low-Phosphorus,2200,1767,42.2,85.2,91.0,93.6,22.5,1.5,0.0,433,19.7,1,1791.1,1839.4,18.05,-0.1968,11.1
2025-03-16,ukwa,Ukwa Low-Phosphorus,2200,1803,41.5,85.6,92.7,89.4,22.5,1.5,0.0,397,18.0,1,1790.9,1833.2,18.03,-0.1805,11.3
2025-03-17,ukwa,Ukwa Low-Phosphorus,2200,1973,42.6,88.2,91.7,93.1,23.0,1.0,0.0,227,10.3,1,1822.6,1835.7,16.1,-0.1032,10.3
2025-03-18,ukwa,Ukwa Low-Phosphorus,2200,1958,42.2,87.3,91.7,93.2,23.4,0.6,0.0,242,11.0,1,1838.9,1839.2,14.83,-0.11,9.6
2025-03-19,ukwa,Ukwa Low-Phosphorus,2200,1923,41.8,87.0,89.7,98.2,22.7,1.3,0.0,277,12.6,1,1855.0,1860.1,14.27,-0.1259,9.4
2025-03-20,ukwa,Ukwa Low-Phosphorus,2200,1749,41.3,87.4,88.2,88.8,22.5,1.5,0.0,451,20.5,1,1852.7,1855.9,15.83,-0.205,9.0
2025-03-21,ukwa,Ukwa Low-Phosphorus,2200,1845,41.8,85.7,89.5,93.5,23.4,0.6,0.0,355,16.1,1,1859.7,1855.1,15.9,-0.1614,8.0
2025-03-22,ukwa,Ukwa Low-Phosphorus,2200,1780,43.0,86.8,85.5,92.8,22.3,1.7,0.0,420,19.1,1,1861.6,1857.9,16.7,-0.1909,8.2
2025-03-23,ukwa,Ukwa Low-Phosphorus,2200,1899,42.3,87.0,91.1,94.2,22.5,1.5,0.0,301,13.7,1,1875.3,1857.7,15.95,-0.1368,8.2
2025-03-24,ukwa,Ukwa Low-Phosphorus,2200,1932,42.3,86.6,95.0,97.1,23.2,0.8,0.0,268,12.2,1,1869.4,1858.4,15.01,-0.1218,8.0
2025-03-25,ukwa,Ukwa Low-Phosphorus,2200,1917,41.6,87.2,89.2,96.3,22.3,1.7,0.0,283,12.9,1,1863.6,1860.0,14.48,-0.1286,9.1
2025-03-26,ukwa,Ukwa Low-Phosphorus,2200,1980,42.1,87.5,95.4,93.0,23.5,0.5,0.0,220,10.0,1,1871.7,1863.1,13.36,-0.1,8.3
2025-03-27,ukwa,Ukwa Low-Phosphorus,2200,1872,41.3,86.1,89.0,91.9,23.1,0.9,0.0,328,14.9,1,1889.3,1864.8,13.75,-0.1491,7.7
2025-03-28,ukwa,Ukwa Low-Phosphorus,2200,1806,42.9,86.8,90.8,90.6,23.0,1.0,0.0,394,17.9,1,1883.7,1866.5,14.78,-0.1791,8.1
2025-03-29,ukwa,Ukwa Low-Phosphorus,2200,1786,40.9,87.2,86.9,91.1,22.6,1.4,0.0,414,18.8,1,1884.6,1862.6,15.79,-0.1882,7.8
2025-03-30,ukwa,Ukwa Low-Phosphorus,2200,1750,42.1,86.3,91.4,87.0,22.4,1.6,0.0,450,20.5,1,1863.3,1858.1,16.97,-0.2045,7.9
2025-03-31,ukwa,Ukwa Low-Phosphorus,2200,1948,42.2,86.0,96.6,93.5,23.2,0.8,0.0,252,11.5,1,1865.6,1861.0,15.6,-0.1145,7.9
2025-04-01,ukwa,Ukwa Low-Phosphorus,2200,1838,42.4,85.3,86.9,97.3,22.1,1.9,0.0,362,16.5,1,1854.3,1859.1,15.82,-0.1645,8.1
2025-04-02,ukwa,Ukwa Low-Phosphorus,2200,1844,42.5,86.0,92.1,88.5,23.5,0.5,0.0,356,16.2,1,1834.9,1857.2,15.92,-0.1618,8.1
2025-04-03,ukwa,Ukwa Low-Phosphorus,2200,1793,42.2,87.7,93.4,88.5,23.5,0.5,0.0,407,18.5,1,1823.6,1853.0,16.56,-0.185,7.7
2025-04-04,ukwa,Ukwa Low-Phosphorus,2200,2005,42.0,87.0,92.8,94.9,23.4,0.6,0.0,195,8.9,0,1852.0,1860.1,14.65,-0.0886,7.3
2025-04-05,ukwa,Ukwa Low-Phosphorus,2200,1390,41.7,86.6,68.2,95.6,16.4,7.6,0.0,810,36.8,1,1795.4,1839.0,20.19,-0.3682,13.5
2025-04-06,ukwa,Ukwa Low-Phosphorus,2200,1824,41.9,86.7,88.1,92.4,22.6,1.4,0.0,376,17.1,1,1806.0,1838.3,19.41,-0.1709,13.3
2025-04-07,ukwa,Ukwa Low-Phosphorus,2200,1769,41.8,85.0,90.8,92.9,22.8,1.2,0.0,431,19.6,1,1780.4,1830.7,19.46,-0.1959,13.7
2025-04-08,ukwa,Ukwa Low-Phosphorus,2200,1991,43.7,88.9,90.9,98.4,22.2,1.8,0.0,209,9.5,0,1802.3,1836.9,16.97,-0.095,13.6
2025-04-09,ukwa,Ukwa Low-Phosphorus,2200,1941,41.1,86.0,93.4,96.3,23.2,0.8,0.0,259,11.8,1,1816.1,1843.3,15.68,-0.1177,13.9
2025-04-10,ukwa,Ukwa Low-Phosphorus,2200,1986,42.2,85.5,91.8,97.4,22.9,1.1,0.0,214,9.7,0,1843.7,1848.0,14.18,-0.0973,14.5
2025-04-11,ukwa,Ukwa Low-Phosphorus,2200,1826,41.1,85.5,89.5,94.0,22.1,1.9,0.0,374,17.0,1,1818.1,1848.5,14.89,-0.17,15.8
2025-04-12,ukwa,Ukwa Low-Phosphorus,2200,1693,42.8,86.3,86.8,89.0,22.0,2.0,0.0,507,23.0,1,1861.4,1846.1,16.92,-0.2305,10.2
2025-04-13,ukwa,Ukwa Low-Phosphorus,2200,1756,41.5,85.7,89.2,91.8,22.4,1.6,0.0,444,20.2,1,1851.7,1844.8,17.74,-0.2018,10.4
2025-04-14,ukwa,Ukwa Low-Phosphorus,2200,1941,41.3,85.2,90.5,99.0,23.1,0.9,0.0,259,11.8,1,1876.3,1850.6,16.25,-0.1177,10.1
2025-04-15,ukwa,Ukwa Low-Phosphorus,2200,1909,42.6,87.2,87.9,97.2,22.4,1.6,0.0,291,13.2,1,1864.6,1854.1,15.49,-0.1323,9.9
2025-04-16,ukwa,Ukwa Low-Phosphorus,2200,1971,41.5,85.2,90.0,95.2,23.4,0.6,0.0,229,10.4,1,1868.9,1854.1,14.22,-0.1041,9.7
2025-04-17,ukwa,Ukwa Low-Phosphorus,2200,1895,41.8,85.5,96.9,96.8,23.3,0.7,0.0,305,13.9,1,1855.9,1852.0,14.14,-0.1386,9.3
2025-04-18,ukwa,Ukwa Low-Phosphorus,2200,2048,42.5,88.2,90.9,96.9,23.1,0.9,0.0,152,6.9,0,1887.6,1856.1,12.33,-0.0691,8.3
2025-04-19,ukwa,Ukwa Low-Phosphorus,2200,1933,42.4,87.7,93.6,91.5,23.4,0.6,0.0,267,12.1,1,1921.9,1862.3,12.27,-0.1214,6.9
2025-04-20,ukwa,Ukwa Low-Phosphorus,2200,1864,40.9,84.9,93.2,96.0,23.1,0.9,0.0,336,15.3,1,1937.3,1862.9,13.03,-0.1527,6.2
2025-04-21,ukwa,Ukwa Low-Phosphorus,2200,1740,40.9,85.0,91.6,92.0,22.7,1.3,0.0,460,20.9,1,1908.6,1861.6,15.0,-0.2091,6.6
2025-04-22,ukwa,Ukwa Low-Phosphorus,2200,1829,41.3,84.6,88.0,97.9,22.1,1.9,0.0,371,16.9,1,1897.1,1859.2,15.47,-0.1686,6.9
2025-04-23,ukwa,Ukwa Low-Phosphorus,2200,1851,41.3,86.3,95.1,93.1,23.0,1.0,0.0,349,15.9,1,1880.0,1856.5,15.58,-0.1586,7.3
2025-04-24,ukwa,Ukwa Low-Phosphorus,2200,1906,41.8,86.0,90.1,95.6,23.0,1.0,0.0,294,13.4,1,1881.6,1856.2,15.03,-0.1336,7.6
2025-04-25,ukwa,Ukwa Low-Phosphorus,2200,2023,41.0,87.1,94.1,97.1,23.0,1.0,0.0,177,8.0,0,1878.0,1857.6,13.28,-0.0805,7.7
2025-04-26,ukwa,Ukwa Low-Phosphorus,2200,1895,43.4,87.4,88.1,93.6,22.2,1.8,0.0,305,13.9,1,1872.6,1858.4,13.43,-0.1386,8.9
2025-04-27,ukwa,Ukwa Low-Phosphorus,2200,1883,42.3,86.3,90.1,95.3,22.7,1.3,0.0,317,14.4,1,1875.3,1860.9,13.67,-0.1441,9.3
2025-04-28,ukwa,Ukwa Low-Phosphorus,2200,1971,42.8,87.3,94.5,95.8,23.0,1.0,0.0,229,10.4,1,1908.3,1867.1,12.86,-0.1041,9.0
2025-04-29,ukwa,Ukwa Low-Phosphorus,2200,1935,41.1,86.1,92.7,97.7,22.3,1.7,0.0,265,12.0,1,1923.4,1873.3,12.64,-0.1205,8.8
2025-04-30,ukwa,Ukwa Low-Phosphorus,2200,1788,43.3,87.3,91.2,94.6,22.0,2.0,0.0,412,18.7,1,1914.4,1867.9,14.16,-0.1873,9.8
2025-05-01,ukwa,Ukwa Low-Phosphorus,2200,1794,41.8,86.9,84.5,91.3,22.1,1.9,0.0,406,18.5,1,1898.4,1866.5,15.24,-0.1845,10.7
2025-05-02,ukwa,Ukwa Low-Phosphorus,2200,1955,42.7,86.2,91.8,95.2,23.5,0.5,0.0,245,11.1,1,1888.7,1870.2,14.21,-0.1114,10.2
2025-05-03,ukwa,Ukwa Low-Phosphorus,2200,1860,42.5,87.4,86.2,94.1,22.6,1.4,0.0,340,15.5,1,1883.7,1872.4,14.53,-0.1545,9.8
2025-05-04,ukwa,Ukwa Low-Phosphorus,2200,1970,42.3,86.0,89.2,94.7,23.3,0.7,0.0,230,10.5,1,1896.1,1871.2,13.52,-0.1045,9.2
2025-05-05,ukwa,Ukwa Low-Phosphorus,2200,1926,42.0,85.5,89.3,98.8,22.7,1.3,0.0,274,12.5,1,1889.7,1889.1,13.27,-0.1245,9.5
2025-05-06,ukwa,Ukwa Low-Phosphorus,2200,1944,41.6,86.6,94.6,92.7,23.4,0.6,0.0,256,11.6,1,1891.0,1893.1,12.85,-0.1164,8.4
2025-05-07,ukwa,Ukwa Low-Phosphorus,2200,1973,37.3,83.3,96.1,98.9,23.4,0.6,0.0,227,10.3,1,1917.4,1899.9,12.21,-0.1032,7.0
2025-05-08,ukwa,Ukwa Low-Phosphorus,2200,1951,41.6,87.1,86.0,97.9,22.5,1.5,0.0,249,11.3,1,1939.9,1898.6,11.98,-0.1132,6.6
2025-05-09,ukwa,Ukwa Low-Phosphorus,2200,1804,42.2,88.0,92.7,88.7,22.7,1.3,0.0,396,18.0,1,1918.3,1894.0,13.49,-0.18,7.4
2025-05-10,ukwa,Ukwa Low-Phosphorus,2200,1928,41.4,85.9,89.9,92.6,23.4,0.6,0.0,272,12.4,1,1928.0,1892.1,13.22,-0.1236,6.6
2025-05-11,ukwa,Ukwa Low-Phosphorus,2200,1862,42.6,86.2,90.2,93.9,22.6,1.4,0.0,338,15.4,1,1912.6,1893.3,13.76,-0.1536,7.3
2025-05-12,ukwa,Ukwa Low-Phosphorus,2200,1896,41.4,86.5,94.2,94.8,22.8,1.2,0.0,304,13.8,1,1908.3,1900.0,13.77,-0.1382,7.2
2025-05-13,ukwa,Ukwa Low-Phosphorus,2200,1880,41.6,86.9,87.7,93.5,22.3,1.7,0.0,320,14.5,1,1899.1,1904.2,13.95,-0.1455,8.3
2025-05-14,ukwa,Ukwa Low-Phosphorus,2200,1842,42.0,87.6,89.2,95.1,22.1,1.9,0.0,358,16.3,1,1880.4,1900.9,14.54,-0.1627,9.6
2025-05-15,ukwa,Ukwa Low-Phosphorus,2200,1823,41.8,86.3,85.1,93.9,22.1,1.9,0.0,377,17.1,1,1862.1,1898.0,15.18,-0.1714,10.0
2025-05-16,ukwa,Ukwa Low-Phosphorus,2200,1777,42.3,87.5,87.4,92.5,22.2,1.8,0.0,423,19.2,1,1858.3,1891.5,16.19,-0.1923,10.5
2025-05-17,ukwa,Ukwa Low-Phosphorus,2200,1992,42.3,87.2,91.1,94.7,23.0,1.0,0.0,208,9.5,0,1867.4,1894.8,14.51,-0.0945,10.9
2025-05-18,ukwa,Ukwa Low-Phosphorus,2200,1828,43.1,88.6,91.4,90.8,22.6,1.4,0.0,372,16.9,1,1862.6,1887.4,15.11,-0.1691,10.9
2025-05-19,ukwa,Ukwa Low-Phosphorus,2200,1785,42.1,87.3,90.3,92.2,22.2,1.8,0.0,415,18.9,1,1846.7,1882.5,16.06,-0.1886,11.5
2025-05-20,ukwa,Ukwa Low-Phosphorus,2200,1778,43.8,86.7,90.8,92.5,22.4,1.6,0.0,422,19.2,1,1832.1,1879.6,16.84,-0.1918,11.4
2025-05-21,ukwa,Ukwa Low-Phosphorus,2200,2027,42.7,88.2,89.7,97.1,22.8,1.2,0.0,173,7.9,0,1858.6,1889.2,14.61,-0.0786,10.7
2025-05-22,ukwa,Ukwa Low-Phosphorus,2200,1335,41.3,84.8,65.6,94.6,15.9,8.1,0.0,865,39.3,1,1788.9,1872.7,20.78,-0.3932,16.9
2025-05-23,ukwa,Ukwa Low-Phosphorus,2200,2012,41.9,85.2,91.9,98.2,23.0,1.0,0.0,188,8.5,0,1822.4,1878.1,17.71,-0.0855,16.1
2025-05-24,ukwa,Ukwa Low-Phosphorus,2200,1848,41.5,86.8,92.7,91.8,23.1,0.9,0.0,352,16.0,1,1801.9,1876.2,17.28,-0.16,16.0
2025-05-25,ukwa,Ukwa Low-Phosphorus,2200,1952,42.5,88.2,92.7,96.0,22.3,1.7,0.0,248,11.3,1,1819.6,1873.8,15.79,-0.1127,16.3
2025-05-26,ukwa,Ukwa Low-Phosphorus,2200,1905,42.1,85.5,91.1,92.5,23.1,0.9,0.0,295,13.4,1,1836.7,1874.1,15.19,-0.1341,15.4
2025-05-27,ukwa,Ukwa Low-Phosphorus,2200,1944,42.1,85.3,90.4,97.1,22.7,1.3,0.0,256,11.6,1,1860.4,1876.2,14.29,-0.1164,15.1
2025-05-28,ukwa,Ukwa Low-Phosphorus,2200,1765,41.1,85.1,91.6,94.3,22.2,1.8,0.0,435,19.8,1,1823.0,1869.3,15.67,-0.1977,15.7
2025-05-29,ukwa,Ukwa Low-Phosphorus,2200,1803,42.3,86.3,89.5,90.9,22.8,1.2,0.0,397,18.0,1,1889.9,1864.9,16.25,-0.1805,8.8
2025-05-30,ukwa,Ukwa Low-Phosphorus,2200,2035,44.1,88.7,90.1,96.6,23.4,0.6,0.0,165,7.5,0,1893.1,1873.1,14.06,-0.075,8.4
2025-05-31,ukwa,Ukwa Low-Phosphorus,2200,1943,41.1,85.8,90.2,94.4,23.1,0.9,0.0,257,11.7,1,1906.7,1878.1,13.47,-0.1168,8.4
2025-06-01,ukwa,Ukwa Low-Phosphorus,2200,1989,42.5,86.4,91.5,97.3,22.7,1.3,0.0,211,9.6,0,1912.0,1879.2,12.5,-0.0959,8.0
2025-06-02,ukwa,Ukwa Low-Phosphorus,2200,1819,41.1,86.0,94.4,91.6,22.8,1.2,0.0,381,17.3,1,1899.7,1877.9,13.7,-0.1732,8.3
2025-06-03,ukwa,Ukwa Low-Phosphorus,2200,1813,41.1,85.7,84.9,97.2,22.2,1.8,0.0,387,17.6,1,1881.0,1872.6,14.68,-0.1759,8.8
2025-06-04,ukwa,Ukwa Low-Phosphorus,2200,1840,42.8,88.0,95.9,91.5,23.3,0.7,0.0,360,16.4,1,1891.7,1869.8,15.11,-0.1636,7.7
2025-06-05,ukwa,Ukwa Low-Phosphorus,2200,1967,42.2,85.5,86.6,98.6,22.3,1.7,0.0,233,10.6,1,1915.1,1870.5,13.98,-0.1059,8.2
2025-06-06,ukwa,Ukwa Low-Phosphorus,2200,1879,41.7,86.7,86.5,94.5,22.5,1.5,0.0,321,14.6,1,1892.9,1867.4,14.14,-0.1459,9.1
2025-06-07,ukwa,Ukwa Low-Phosphorus,2200,1867,41.9,87.3,88.0,92.8,22.7,1.3,0.0,333,15.1,1,1882.0,1864.6,14.38,-0.1514,9.5
2025-06-08,ukwa,Ukwa Low-Phosphorus,2200,1898,41.4,87.5,92.8,94.1,23.4,0.6,0.0,302,13.7,1,1869.0,1867.7,14.21,-0.1373,8.8
2025-06-09,ukwa,Ukwa Low-Phosphorus,2200,1554,41.6,86.0,78.3,86.4,20.4,3.6,37.9,646,29.4,1,1831.1,1855.3,18.01,-0.2936,11.2
2025-06-10,ukwa,Ukwa Low-Phosphorus,2200,1738,42.2,86.1,84.5,90.7,21.5,2.5,14.3,462,21.0,1,1820.4,1851.1,18.75,-0.21,11.9
2025-06-11,ukwa,Ukwa Low-Phosphorus,2200,1891,42.1,85.9,91.1,95.9,21.9,2.1,3.8,309,14.0,1,1827.7,1851.0,17.57,-0.1405,13.3
2025-06-12,ukwa,Ukwa Low-Phosphorus,2200,1724,41.0,86.1,90.8,89.4,22.3,1.7,12.6,476,21.6,1,1793.0,1845.8,18.57,-0.2164,13.3
2025-06-13,ukwa,Ukwa Low-Phosphorus,2200,1737,42.4,88.2,84.7,87.8,21.6,2.4,26.6,463,21.0,1,1772.7,1842.3,19.18,-0.2105,14.2
2025-06-14,ukwa,Ukwa Low-Phosphorus,2200,1695,42.1,87.3,89.4,87.5,21.9,2.1,16.2,505,23.0,1,1748.1,1838.0,20.14,-0.2295,15.0
2025-06-15,ukwa,Ukwa Low-Phosphorus,2200,1669,42.0,87.2,85.7,90.0,21.4,2.6,20.9,531,24.1,1,1715.4,1834.4,21.13,-0.2414,17.0
2025-06-16,ukwa,Ukwa Low-Phosphorus,2200,1567,42.0,86.0,82.3,87.9,21.1,2.9,19.7,633,28.8,1,1717.3,1820.2,23.04,-0.2877,16.3
2025-06-17,ukwa,Ukwa Low-Phosphorus,2200,1687,40.8,85.2,89.2,87.2,21.7,2.3,22.7,513,23.3,1,1710.0,1815.5,23.11,-0.2332,16.1
2025-06-18,ukwa,Ukwa Low-Phosphorus,2200,1840,42.1,86.6,94.3,92.7,22.7,1.3,8.7,360,16.4,1,1702.7,1817.4,21.43,-0.1636,15.3
2025-06-19,ukwa,Ukwa Low-Phosphorus,2200,1702,42.5,87.0,87.4,88.0,21.3,2.7,20.5,498,22.6,1,1699.6,1814.8,21.72,-0.2264,16.3
2025-06-20,ukwa,Ukwa Low-Phosphorus,2200,1482,41.9,87.0,80.0,84.4,20.4,3.6,32.6,718,32.6,1,1663.1,1796.7,24.44,-0.3264,17.5
2025-06-21,ukwa,Ukwa Low-Phosphorus,2200,1736,41.8,87.3,87.1,92.1,21.9,2.1,4.0,464,21.1,1,1669.0,1810.0,23.61,-0.2109,17.5
2025-06-22,ukwa,Ukwa Low-Phosphorus,2200,1591,42.0,87.5,80.1,86.9,21.1,2.9,24.3,609,27.7,1,1657.9,1796.0,24.63,-0.2768,17.8
2025-06-23,ukwa,Ukwa Low-Phosphorus,2200,1622,42.5,86.3,80.7,87.2,20.8,3.2,26.2,578,26.3,1,1665.7,1788.5,25.05,-0.2627,18.1
2025-06-24,ukwa,Ukwa Low-Phosphorus,2200,1715,42.6,86.3,82.9,91.5,20.8,3.2,26.2,485,22.0,1,1669.7,1780.6,24.29,-0.2205,19.0
2025-06-25,ukwa,Ukwa Low-Phosphorus,2200,1669,42.4,86.3,88.4,87.4,21.4,2.6,12.5,531,24.1,1,1645.3,1772.7,24.24,-0.2414,20.3
2025-06-26,ukwa,Ukwa Low-Phosphorus,2200,1618,41.4,85.0,88.7,85.4,21.3,2.7,29.4,582,26.5,1,1633.3,1761.8,24.8,-0.2645,20.3
2025-06-27,ukwa,Ukwa Low-Phosphorus,2200,1955,41.1,86.5,92.0,97.6,22.8,1.2,9.7,245,11.1,1,1700.9,1768.2,21.38,-0.1114,17.9
2025-06-28,ukwa,Ukwa Low-Phosphorus,2200,1371,41.9,85.3,73.7,81.4,19.0,5.0,54.0,829,37.7,1,1648.7,1753.8,25.46,-0.3768,20.8
2025-06-29,ukwa,Ukwa Low-Phosphorus,2200,1411,41.9,85.5,74.2,82.5,19.6,4.4,46.9,789,35.9,1,1623.0,1733.0,28.07,-0.3586,22.3
2025-06-30,ukwa,Ukwa Low-Phosphorus,2200,1667,42.6,87.5,90.5,87.1,21.9,2.1,18.9,533,24.2,1,1629.4,1723.8,27.1,-0.2423,21.2
2025-07-01,ukwa,Ukwa Low-Phosphorus,2200,1412,41.7,86.8,75.5,82.7,19.4,4.6,48.0,788,35.8,1,1586.1,1704.5,29.28,-0.3582,22.6
2025-07-02,ukwa,Ukwa Low-Phosphorus,2200,1811,42.0,86.5,87.5,91.3,22.6,1.4,3.6,389,17.7,1,1606.4,1704.3,26.38,-0.1768,21.4
2025-07-03,ukwa,Ukwa Low-Phosphorus,2200,1475,42.1,85.3,80.9,83.1,20.5,3.5,35.0,725,33.0,1,1586.0,1693.0,28.04,-0.3295,22.2
2025-07-04,ukwa,Ukwa Low-Phosphorus,2200,1568,41.5,86.3,88.1,82.1,21.2,2.8,32.9,632,28.7,1,1530.7,1683.9,28.2,-0.2873,23.8
2025-07-05,ukwa,Ukwa Low-Phosphorus,2200,1667,42.2,86.4,83.9,87.5,21.7,2.3,29.4,533,24.2,1,1573.0,1673.9,27.2,-0.2423,21.1
2025-07-06,ukwa,Ukwa Low-Phosphorus,2200,1682,41.1,87.0,86.2,90.4,21.3,2.7,21.4,518,23.5,1,1611.7,1667.4,26.28,-0.2355,19.4
2025-07-07,ukwa,Ukwa Low-Phosphorus,2200,1443,42.5,85.6,82.9,82.4,20.1,3.9,40.6,757,34.4,1,1579.7,1653.2,28.31,-0.3441,21.2
2025-07-08,ukwa,Ukwa Low-Phosphorus,2200,918,42.2,85.2,47.3,81.7,13.2,10.8,49.4,1282,58.3,1,1509.1,1620.6,35.81,-0.5827,27.4
2025-07-09,ukwa,Ukwa Low-Phosphorus,2200,1728,37.8,85.4,89.0,88.7,22.0,2.0,19.4,472,21.5,1,1497.3,1626.4,32.23,-0.2145,28.0
2025-07-10,ukwa,Ukwa Low-Phosphorus,2200,1567,42.3,86.0,80.6,84.5,20.8,3.2,42.8,633,28.8,1,1510.4,1620.7,31.37,-0.2877,27.7
2025-07-11,ukwa,Ukwa Low-Phosphorus,2200,1368,43.2,87.5,77.3,80.3,19.8,4.2,39.4,832,37.8,1,1481.9,1603.2,32.98,-0.3782,29.1
2025-07-12,ukwa,Ukwa Low-Phosphorus,2200,1395,42.3,86.7,81.2,77.1,20.5,3.5,44.4,805,36.6,1,1443.0,1592.3,33.88,-0.3659,30.3
2025-07-13,ukwa,Ukwa Low-Phosphorus,2200,1581,41.0,86.7,80.9,85.4,20.9,3.1,22.9,619,28.1,1,1428.6,1587.1,32.44,-0.2814,30.7
2025-07-14,ukwa,Ukwa Low-Phosphorus,2200,1510,43.0,86.1,78.0,85.1,20.1,3.9,37.2,690,31.4,1,1438.1,1580.9,32.18,-0.3136,30.7
2025-07-15,ukwa,Ukwa Low-Phosphorus,2200,1172,41.2,86.2,73.0,70.1,18.5,5.5,79.6,1028,46.7,1,1474.4,1564.3,35.81,-0.4673,25.4
2025-07-16,ukwa,Ukwa Low-Phosphorus,2200,1072,41.3,85.9,66.3,71.4,17.1,6.9,85.1,1128,51.3,1,1380.7,1547.8,39.68,-0.5127,30.3
2025-07-17,ukwa,Ukwa Low-Phosphorus,2200,1134,42.0,87.2,66.7,73.3,17.6,6.4,73.9,1066,48.5,1,1318.9,1529.4,41.89,-0.4845,33.5
2025-07-18,ukwa,Ukwa Low-Phosphorus,2200,1665,42.0,86.6,80.8,91.6,21.0,3.0,23.3,535,24.3,1,1361.3,1523.6,37.49,-0.2432,32.3
2025-07-19,ukwa,Ukwa Low-Phosphorus,2200,1360,41.2,86.9,81.2,81.0,19.5,4.5,42.5,840,38.2,1,1356.3,1512.2,37.67,-0.3818,33.3
2025-07-20,ukwa,Ukwa Low-Phosphorus,2200,1862,42.0,87.7,89.3,92.5,22.2,1.8,17.3,338,15.4,1,1396.4,1524.8,32.1,-0.1536,32.0
2025-07-21,ukwa,Ukwa Low-Phosphorus,2200,1698,43.0,87.0,90.5,87.9,21.9,2.1,16.7,502,22.8,1,1423.3,1523.6,29.78,-0.2282,30.2
2025-07-22,ukwa,Ukwa Low-Phosphorus,2200,831,41.6,85.7,63.8,61.9,15.6,8.4,112.7,1369,62.2,1,1374.6,1498.2,37.88,-0.6223,33.1
2025-07-23,ukwa,Ukwa Low-Phosphorus,2200,1509,42.6,86.7,84.3,82.2,20.3,3.7,45.1,691,31.4,1,1437.0,1494.5,36.26,-0.3141,29.9
2025-07-24,ukwa,Ukwa Low-Phosphorus,2200,1373,41.5,86.0,75.3,79.8,19.6,4.4,51.5,827,37.6,1,1471.1,1483.1,36.6,-0.3759,27.9
2025-07-25,ukwa,Ukwa Low-Phosphorus,2200,1526,42.4,87.0,82.0,84.5,20.1,3.9,40.8,674,30.6,1,1451.3,1478.3,35.1,-0.3064,28.8
2025-07-26,ukwa,Ukwa Low-Phosphorus,2200,1818,42.2,86.8,88.5,93.4,22.4,1.6,5.4,382,17.4,1,1516.7,1485.0,30.67,-0.1736,25.9
2025-07-27,ukwa,Ukwa Low-Phosphorus,2200,1853,42.5,87.1,86.1,92.4,22.1,1.9,13.0,347,15.8,1,1515.4,1481.6,26.95,-0.1577,26.0
2025-07-28,ukwa,Ukwa Low-Phosphorus,2200,1590,42.7,86.9,86.2,84.8,21.5,2.5,25.0,610,27.7,1,1500.0,1488.9,27.14,-0.2773,26.4
2025-07-29,ukwa,Ukwa Low-Phosphorus,2200,1469,40.5,86.4,82.8,84.2,20.1,3.9,38.8,731,33.2,1,1591.1,1490.8,28.66,-0.3323,21.9
2025-07-30,ukwa,Ukwa Low-Phosphorus,2200,1673,41.2,85.4,88.9,86.4,22.3,1.7,12.6,527,24.0,1,1614.6,1491.0,27.49,-0.2395,19.9
2025-07-31,ukwa,Ukwa Low-Phosphorus,2200,1255,42.4,86.4,72.6,75.5,18.5,5.5,60.8,945,43.0,1,1597.7,1485.8,31.37,-0.4295,21.0
2025-08-01,ukwa,Ukwa Low-Phosphorus,2200,1428,42.3,88.2,77.7,82.4,19.7,4.3,52.2,772,35.1,1,1583.7,1473.0,32.3,-0.3509,21.4
2025-08-02,ukwa,Ukwa Low-Phosphorus,2200,1668,42.3,86.0,84.3,90.3,21.2,2.8,25.7,532,24.2,1,1562.3,1479.4,30.28,-0.2418,22.6
2025-08-03,ukwa,Ukwa Low-Phosphorus,2200,1252,41.8,86.4,77.9,74.9,18.7,5.3,70.1,948,43.1,1,1476.4,1468.9,33.48,-0.4309,26.0
2025-08-04,ukwa,Ukwa Low-Phosphorus,2200,1481,41.6,85.9,80.0,84.6,20.6,3.4,41.3,719,32.7,1,1460.9,1462.7,33.29,-0.3268,26.9
2025-08-05,ukwa,Ukwa Low-Phosphorus,2200,1633,41.6,86.4,82.8,87.0,21.2,2.8,19.2,567,25.8,1,1484.3,1461.1,31.41,-0.2577,25.8
2025-08-06,ukwa,Ukwa Low-Phosphorus,2200,1327,42.9,86.4,74.2,77.7,19.3,4.7,66.8,873,39.7,1,1434.9,1457.2,33.49,-0.3968,28.8
2025-08-07,ukwa,Ukwa Low-Phosphorus,2200,1571,42.3,86.5,87.8,85.0,21.5,2.5,25.6,629,28.6,1,1480.0,1479.0,32.26,-0.2859,25.8
2025-08-08,ukwa,Ukwa Low-Phosphorus,2200,1086,41.7,84.8,65.8,72.7,17.2,6.8,81.1,1114,50.6,1,1431.1,1457.6,36.85,-0.5064,28.3
2025-08-09,ukwa,Ukwa Low-Phosphorus,2200,1692,42.5,87.2,87.0,86.4,22.2,1.8,21.6,508,23.1,1,1434.6,1461.7,33.41,-0.2309,27.3
2025-08-10,ukwa,Ukwa Low-Phosphorus,2200,1626,41.4,86.1,85.7,89.7,21.0,3.0,22.5,574,26.1,1,1488.0,1470.3,31.58,-0.2609,25.0
2025-08-11,ukwa,Ukwa Low-Phosphorus,2200,1375,42.3,85.5,77.3,81.9,19.0,5.0,54.8,825,37.5,1,1472.9,1469.7,33.06,-0.375,26.6
2025-08-12,ukwa,Ukwa Low-Phosphorus,2200,1390,42.1,85.1,80.8,80.7,19.7,4.3,47.1,810,36.8,1,1438.1,1463.3,34.0,-0.3682,28.1
2025-08-13,ukwa,Ukwa Low-Phosphorus,2200,1351,42.0,87.3,77.3,79.2,19.5,4.5,59.2,849,38.6,1,1441.6,1458.0,35.15,-0.3859,27.9
2025-08-14,ukwa,Ukwa Low-Phosphorus,2200,1787,42.5,86.4,87.4,90.1,22.0,2.0,14.4,413,18.8,1,1472.4,1478.5,31.06,-0.1877,27.4
2025-08-15,ukwa,Ukwa Low-Phosphorus,2200,1650,41.7,87.6,90.2,85.8,21.7,2.3,21.3,550,25.0,1,1553.0,1497.8,29.55,-0.25,22.9
2025-08-16,ukwa,Ukwa Low-Phosphorus,2200,1463,43.2,86.6,79.1,81.1,20.0,4.0,35.4,737,33.5,1,1520.3,1508.7,30.53,-0.335,25.1
2025-08-17,ukwa,Ukwa Low-Phosphorus,2200,1581,41.5,84.8,87.1,86.1,21.9,2.1,23.2,619,28.1,1,1513.9,1505.9,29.93,-0.2814,24.2
2025-08-18,ukwa,Ukwa Low-Phosphorus,2200,1749,41.6,86.6,85.8,91.8,22.4,1.6,5.4,451,20.5,1,1567.3,1518.9,27.57,-0.205,20.8
2025-08-19,ukwa,Ukwa Low-Phosphorus,2200,1677,43.4,87.6,90.3,89.7,21.8,2.2,12.5,523,23.8,1,1608.3,1512.7,26.63,-0.2377,18.7
2025-08-20,ukwa,Ukwa Low-Phosphorus,2200,1768,41.6,86.6,87.9,92.6,22.0,2.0,16.2,432,19.6,1,1667.9,1515.1,24.87,-0.1964,16.2
2025-08-21,ukwa,Ukwa Low-Phosphorus,2200,1509,42.5,86.2,85.1,85.6,20.7,3.3,28.8,691,31.4,1,1628.1,1537.7,26.5,-0.3141,17.5
2025-08-22,ukwa,Ukwa Low-Phosphorus,2200,1524,40.9,84.5,79.4,83.5,20.7,3.3,33.7,676,30.7,1,1610.1,1538.2,27.55,-0.3073,18.5
2025-08-23,ukwa,Ukwa Low-Phosphorus,2200,1013,41.9,85.9,67.6,66.9,17.4,6.6,100.1,1187,54.0,1,1545.9,1526.2,34.16,-0.5395,21.1
2025-08-24,ukwa,Ukwa Low-Phosphorus,2200,1321,42.1,86.1,63.5,91.8,16.0,8.0,12.6,879,40.0,1,1508.7,1519.3,35.62,-0.3995,27.0
2025-08-25,ukwa,Ukwa Low-Phosphorus,2200,1758,42.0,86.2,87.2,92.1,22.0,2.0,13.6,442,20.1,1,1510.0,1517.3,31.74,-0.2009,27.4
2025-08-26,ukwa,Ukwa Low-Phosphorus,2200,1654,42.0,86.1,81.5,89.7,21.3,2.7,19.0,546,24.8,1,1506.7,1510.7,30.01,-0.2482,27.9
2025-08-27,ukwa,Ukwa Low-Phosphorus,2200,1326,40.7,84.2,75.9,80.8,19.3,4.7,50.0,874,39.7,1,1443.6,1501.9,32.43,-0.3973,30.6
2025-08-28,ukwa,Ukwa Low-Phosphorus,2200,1442,41.5,86.5,76.9,83.0,19.5,4.5,45.2,758,34.5,1,1434.0,1501.0,32.95,-0.3445,31.8
2025-08-29,ukwa,Ukwa Low-Phosphorus,2200,1657,41.2,84.6,86.6,86.6,22.1,1.9,19.9,543,24.7,1,1453.0,1500.5,30.89,-0.2468,30.4
2025-08-30,ukwa,Ukwa Low-Phosphorus,2200,1530,42.4,85.9,77.7,87.1,19.8,4.2,43.6,670,30.5,1,1526.9,1509.6,30.79,-0.3045,28.0
2025-08-31,ukwa,Ukwa Low-Phosphorus,2200,1576,42.1,85.7,86.7,86.5,21.7,2.3,27.0,624,28.4,1,1563.3,1514.6,30.19,-0.2836,22.3
2025-09-01,ukwa,Ukwa Low-Phosphorus,2200,1780,41.3,85.6,86.2,92.5,22.1,1.9,21.2,420,19.1,1,1566.4,1518.3,27.42,-0.1909,22.2
2025-09-02,ukwa,Ukwa Low-Phosphorus,2200,1732,42.5,87.8,88.6,88.0,21.7,2.3,9.6,468,21.3,1,1577.6,1534.3,25.89,-0.2127,21.8
2025-09-03,ukwa,Ukwa Low-Phosphorus,2200,1796,42.7,88.0,84.2,92.8,21.7,2.3,9.3,404,18.4,1,1644.7,1544.8,24.02,-0.1836,19.4
2025-09-04,ukwa,Ukwa Low-Phosphorus,2200,1724,41.9,86.6,90.0,90.6,22.4,1.6,5.9,476,21.6,1,1685.0,1547.8,23.41,-0.2164,16.5
2025-09-05,ukwa,Ukwa Low-Phosphorus,2200,1353,43.0,85.7,80.0,80.5,19.9,4.1,42.0,847,38.5,1,1641.6,1548.7,27.18,-0.385,18.7
2025-09-06,ukwa,Ukwa Low-Phosphorus,2200,1840,42.1,86.7,87.4,94.7,21.9,2.1,2.5,360,16.4,1,1685.9,1557.7,24.49,-0.1636,16.6
2025-09-07,ukwa,Ukwa Low-Phosphorus,2200,1333,43.3,87.4,74.8,79.9,18.9,5.1,58.0,867,39.4,1,1651.1,1565.9,28.22,-0.3941,19.4
2025-09-08,ukwa,Ukwa Low-Phosphorus,2200,1704,41.2,86.0,88.2,91.1,21.7,2.3,9.9,496,22.5,1,1640.3,1566.3,26.79,-0.2255,19.8
2025-09-09,ukwa,Ukwa Low-Phosphorus,2200,1944,42.7,87.8,92.3,95.3,22.6,1.4,7.1,256,11.6,1,1670.6,1576.9,22.99,-0.1164,18.9
2025-09-10,ukwa,Ukwa Low-Phosphorus,2200,1647,38.3,82.8,83.0,89.1,21.8,2.2,17.3,553,25.1,1,1649.3,1586.0,23.52,-0.2514,18.8
2025-09-11,ukwa,Ukwa Low-Phosphorus,2200,1676,41.6,86.0,86.7,87.4,21.9,2.1,14.0,524,23.8,1,1642.4,1595.5,23.59,-0.2382,19.3
2025-09-12,ukwa,Ukwa Low-Phosphorus,2200,1742,41.6,85.4,88.0,89.8,22.1,1.9,16.9,458,20.8,1,1698.0,1608.5,22.89,-0.2082,17.1
2025-09-13,ukwa,Ukwa Low-Phosphorus,2200,1712,42.6,87.5,86.5,87.5,22.4,1.6,14.8,488,22.2,1,1679.7,1606.0,22.72,-0.2218,16.6
2025-09-14,ukwa,Ukwa Low-Phosphorus,2200,1633,41.9,85.6,88.2,87.1,21.4,2.6,19.8,567,25.8,1,1722.6,1605.5,23.49,-0.2577,14.1
2025-09-15,ukwa,Ukwa Low-Phosphorus,2200,1692,42.2,85.9,85.9,91.1,22.1,1.9,14.0,508,23.1,1,1720.9,1613.1,23.39,-0.2309,13.7
2025-09-16,ukwa,Ukwa Low-Phosphorus,2200,1788,42.2,87.1,89.8,92.7,22.1,1.9,10.2,412,18.7,1,1698.6,1620.0,22.22,-0.1873,14.2
2025-09-17,ukwa,Ukwa Low-Phosphorus,2200,1787,42.2,85.9,88.8,91.0,21.9,2.1,3.9,413,18.8,1,1718.6,1621.3,21.36,-0.1877,14.1
2025-09-18,ukwa,Ukwa Low-Phosphorus,2200,1848,41.8,86.1,92.8,93.0,23.3,0.7,0.0,352,16.0,1,1743.1,1627.0,20.02,-0.16,12.7
2025-09-19,ukwa,Ukwa Low-Phosphorus,2200,1932,41.7,86.8,90.3,99.0,22.5,1.5,0.0,268,12.2,1,1770.3,1632.4,18.07,-0.1218,12.3
2025-09-20,ukwa,Ukwa Low-Phosphorus,2200,2134,41.7,87.7,92.6,98.8,23.5,0.5,0.0,66,3.0,0,1830.6,1653.3,14.3,-0.03,11.2
2025-09-21,ukwa,Ukwa Low-Phosphorus,2200,1947,41.5,86.0,94.1,96.5,23.3,0.7,0.0,253,11.5,1,1875.4,1667.4,13.6,-0.115,9.3
2025-09-22,ukwa,Ukwa Low-Phosphorus,2200,1982,41.4,87.2,90.0,96.6,23.0,1.0,0.0,218,9.9,0,1916.9,1699.7,12.68,-0.0991,8.4
2025-09-23,ukwa,Ukwa Low-Phosphorus,2200,1974,41.7,87.8,91.1,94.7,23.0,1.0,0.0,226,10.3,1,1943.4,1721.4,12.08,-0.1027,7.5
2025-09-24,ukwa,Ukwa Low-Phosphorus,2200,1869,41.7,87.3,87.2,91.7,22.3,1.7,0.0,331,15.0,1,1955.1,1725.1,12.81,-0.1505,7.1
2025-09-25,ukwa,Ukwa Low-Phosphorus,2200,1915,42.8,88.2,92.4,96.1,22.2,1.8,0.0,285,13.0,1,1964.7,1733.8,12.86,-0.1295,8.2
2025-09-26,ukwa,Ukwa Low-Phosphorus,2200,1849,41.6,85.9,96.0,92.1,23.5,0.5,0.0,351,16.0,1,1952.9,1751.3,13.64,-0.1595,7.2
2025-09-27,ukwa,Ukwa Low-Phosphorus,2200,1738,42.9,85.8,88.8,93.2,22.2,1.8,0.0,462,21.0,1,1896.3,1761.1,15.48,-0.21,8.5
2025-09-28,ukwa,Ukwa Low-Phosphorus,2200,1773,41.1,85.3,91.6,92.2,22.6,1.4,0.0,427,19.4,1,1871.4,1765.0,16.46,-0.1941,9.2
2025-09-29,ukwa,Ukwa Low-Phosphorus,2200,1763,41.9,86.1,91.2,93.5,22.2,1.8,0.0,437,19.9,1,1840.1,1772.8,17.32,-0.1986,10.0
2025-09-30,ukwa,Ukwa Low-Phosphorus,2200,1897,42.4,87.5,87.4,93.5,22.6,1.4,0.0,303,13.8,1,1829.1,1783.5,16.44,-0.1377,10.4
2025-10-01,ukwa,Ukwa Low-Phosphorus,2200,1916,41.6,86.7,91.4,92.6,23.3,0.7,0.0,284,12.9,1,1835.9,1788.0,15.56,-0.1291,9.4
2025-10-02,ukwa,Ukwa Low-Phosphorus,2200,1823,40.5,86.4,96.6,92.7,23.2,0.8,0.0,377,17.1,1,1822.7,1791.0,15.94,-0.1714,8.4
2025-10-03,ukwa,Ukwa Low-Phosphorus,2200,1727,42.0,85.0,87.2,91.5,22.3,1.7,0.0,473,21.5,1,1805.3,1788.7,17.33,-0.215,9.6
2025-10-04,ukwa,Ukwa Low-Phosphorus,2200,1893,42.3,85.2,93.0,94.6,23.0,1.0,0.0,307,14.0,1,1827.4,1794.4,16.5,-0.1395,8.8
2025-10-05,ukwa,Ukwa Low-Phosphorus,2200,1990,43.1,87.4,89.5,95.7,23.4,0.6,0.0,210,9.5,0,1858.4,1815.6,14.75,-0.0955,8.0
2025-10-06,ukwa,Ukwa Low-Phosphorus,2200,1917,42.2,87.9,94.7,95.2,23.3,0.7,0.0,283,12.9,1,1880.4,1818.2,14.29,-0.1286,6.9
2025-10-07,ukwa,Ukwa Low-Phosphorus,2200,1836,42.3,87.5,91.3,92.8,22.7,1.3,0.0,364,16.5,1,1871.7,1834.9,14.84,-0.1655,6.8
2025-10-08,ukwa,Ukwa Low-Phosphorus,2200,1913,41.9,86.0,93.1,98.0,22.9,1.1,0.0,287,13.0,1,1871.3,1841.9,14.38,-0.1305,7.2
2025-10-09,ukwa,Ukwa Low-Phosphorus,2200,2008,42.4,87.2,91.6,97.5,23.0,1.0,0.0,192,8.7,0,1897.7,1844.0,12.96,-0.0873,7.4
2025-10-10,ukwa,Ukwa Low-Phosphorus,2200,1331,41.6,85.1,65.9,95.8,16.1,7.9,0.0,869,39.5,1,1841.1,1833.5,19.6,-0.395,13.6
2025-10-11,ukwa,Ukwa Low-Phosphorus,2200,1948,42.5,87.1,94.5,94.8,23.4,0.6,0.0,252,11.5,1,1849.0,1842.6,17.57,-0.1145,13.2
2025-10-12,ukwa,Ukwa Low-Phosphorus,2200,1797,42.0,85.2,93.7,93.9,22.8,1.2,0.0,403,18.3,1,1821.4,1844.4,17.75,-0.1832,13.8
2025-10-13,ukwa,Ukwa Low-Phosphorus,2200,1968,42.3,88.0,88.9,93.5,22.9,1.1,0.0,232,10.5,1,1828.7,1852.9,15.94,-0.1055,14.2
2025-10-14,ukwa,Ukwa Low-Phosphorus,2200,1848,41.7,87.7,90.8,93.1,22.5,1.5,0.0,352,16.0,1,1830.4,1860.1,15.96,-0.16,14.4
2025-10-15,ukwa,Ukwa Low-Phosphorus,2200,1876,41.4,85.1,89.2,95.2,22.4,1.6,0.0,324,14.7,1,1825.1,1866.2,15.64,-0.1473,14.9
2025-10-16,ukwa,Ukwa Low-Phosphorus,2200,1915,42.2,87.0,87.3,94.5,22.8,1.2,0.0,285,13.0,1,1811.9,1870.5,14.98,-0.1295,15.1
2025-10-17,ukwa,Ukwa Low-Phosphorus,2200,1914,42.9,87.3,93.0,96.1,22.9,1.1,0.0,286,13.0,1,1895.1,1874.7,14.49,-0.13,8.3
2025-10-18,ukwa,Ukwa Low-Phosphorus,2200,1744,42.5,86.0,94.0,89.3,22.7,1.3,0.0,456,20.7,1,1866.0,1871.2,16.04,-0.2073,9.0
2025-10-19,ukwa,Ukwa Low-Phosphorus,2200,1935,40.8,85.7,89.8,93.3,23.4,0.6,0.0,265,12.0,1,1885.7,1871.3,15.03,-0.1205,8.4
2025-10-20,ukwa,Ukwa Low-Phosphorus,2200,1826,41.7,85.6,92.0,91.7,22.9,1.1,0.0,374,17.0,1,1865.4,1861.1,15.52,-0.17,8.4
2025-10-21,ukwa,Ukwa Low-Phosphorus,2200,1846,42.8,87.1,93.1,94.5,22.7,1.3,0.0,354,16.1,1,1865.1,1857.7,15.67,-0.1609,8.2
2025-10-22,ukwa,Ukwa Low-Phosphorus,2200,1878,40.3,84.4,90.8,93.3,23.2,0.8,0.0,322,14.6,1,1865.4,1854.2,15.4,-0.1464,7.4
2025-10-23,ukwa,Ukwa Low-Phosphorus,2200,1841,42.0,85.8,89.3,90.9,23.1,0.9,0.0,359,16.3,1,1854.9,1849.8,15.62,-0.1632,7.1
2025-10-24,ukwa,Ukwa Low-Phosphorus,2200,1835,42.3,87.0,87.8,93.1,22.4,1.6,0.0,365,16.6,1,1843.6,1848.7,15.87,-0.1659,7.6
2025-10-25,ukwa,Ukwa Low-Phosphorus,2200,1837,42.3,86.4,90.3,96.7,22.2,1.8,0.0,363,16.5,1,1856.9,1846.1,16.03,-0.165,8.1
2025-10-26,ukwa,Ukwa Low-Phosphorus,2200,1777,41.5,85.1,85.1,93.5,22.0,2.0,0.0,423,19.2,1,1834.3,1843.7,16.82,-0.1923,9.5
2025-10-27,ukwa,Ukwa Low-Phosphorus,2200,1963,41.0,85.3,95.3,95.7,23.0,1.0,0.0,237,10.8,1,1853.9,1851.2,15.31,-0.1077,9.4
2025-10-28,ukwa,Ukwa Low-Phosphorus,2200,1810,42.3,86.0,88.9,93.5,22.2,1.8,0.0,390,17.7,1,1848.7,1852.4,15.91,-0.1773,9.9
2025-10-29,ukwa,Ukwa Low-Phosphorus,2200,1886,43.1,86.4,91.3,95.1,22.4,1.6,0.0,314,14.3,1,1849.9,1856.5,15.51,-0.1427,10.7
2025-10-30,ukwa,Ukwa Low-Phosphorus,2200,1782,42.5,87.9,88.9,93.2,22.2,1.8,0.0,418,19.0,1,1841.4,1852.7,16.38,-0.19,11.6
2025-10-31,ukwa,Ukwa Low-Phosphorus,2200,1994,42.3,87.8,90.6,95.1,23.3,0.7,0.0,206,9.4,0,1864.1,1855.3,14.64,-0.0936,10.7
2025-11-01,ukwa,Ukwa Low-Phosphorus,2200,1946,41.5,85.0,92.1,96.2,22.9,1.1,0.0,254,11.5,1,1879.7,1859.4,13.85,-0.1155,10.0
2025-11-02,ukwa,Ukwa Low-Phosphorus,2200,1904,42.4,86.3,88.2,93.7,22.6,1.4,0.0,296,13.5,1,1897.9,1865.3,13.76,-0.1345,9.4
2025-11-03,ukwa,Ukwa Low-Phosphorus,2200,1723,42.2,87.0,85.1,91.3,22.1,1.9,0.0,477,21.7,1,1863.6,1859.6,15.75,-0.2168,10.3
2025-11-04,ukwa,Ukwa Low-Phosphorus,2200,1927,42.4,85.8,92.1,96.7,23.0,1.0,0.0,273,12.4,1,1880.3,1857.5,14.91,-0.1241,9.5
2025-11-05,ukwa,Ukwa Low-Phosphorus,2200,1926,41.4,86.6,93.3,94.7,23.1,0.9,0.0,274,12.5,1,1886.0,1857.8,14.31,-0.1245,8.8
2025-11-06,ukwa,Ukwa Low-Phosphorus,2200,1899,42.1,87.6,89.9,94.5,23.4,0.6,0.0,301,13.7,1,1902.7,1859.9,14.16,-0.1368,7.6
2025-11-07,ukwa,Ukwa Low-Phosphorus,2200,1840,41.5,87.2,93.3,92.1,22.6,1.4,0.0,360,16.4,1,1880.7,1857.5,14.72,-0.1636,8.3
2025-11-08,ukwa,Ukwa Low-Phosphorus,2200,1895,41.8,86.6,93.3,89.7,23.4,0.6,0.0,305,13.9,1,1873.4,1853.7,14.51,-0.1386,7.8
2025-11-09,ukwa,Ukwa Low-Phosphorus,2200,1858,41.0,86.9,85.9,93.4,22.3,1.7,0.0,342,15.5,1,1866.9,1871.3,14.76,-0.1555,8.1
2025-11-10,ukwa,Ukwa Low-Phosphorus,2200,1925,40.3,85.7,89.2,97.2,22.8,1.2,0.0,275,12.5,1,1895.7,1870.5,14.19,-0.125,7.4
2025-11-11,ukwa,Ukwa Low-Phosphorus,2200,1788,41.8,85.2,86.3,93.5,22.4,1.6,0.0,412,18.7,1,1875.9,1870.2,15.32,-0.1873,8.0
2025-11-12,ukwa,Ukwa Low-Phosphorus,2200,1774,37.7,83.3,90.9,95.0,22.4,1.6,0.0,426,19.4,1,1854.1,1863.7,16.34,-0.1936,8.7
2025-11-13,ukwa,Ukwa Low-Phosphorus,2200,1823,41.9,87.4,87.9,92.7,22.5,1.5,0.0,377,17.1,1,1843.3,1862.9,16.53,-0.1714,9.6
2025-11-14,ukwa,Ukwa Low-Phosphorus,2200,1917,42.6,86.3,93.2,96.3,22.4,1.6,0.0,283,12.9,1,1854.3,1864.3,15.62,-0.1286,9.8
2025-11-15,ukwa,Ukwa Low-Phosphorus,2200,1764,42.2,86.4,87.5,92.3,22.3,1.7,0.0,436,19.8,1,1835.6,1859.2,16.67,-0.1982,10.9
2025-11-16,ukwa,Ukwa Low-Phosphorus,2200,1812,41.5,85.7,86.4,93.9,22.5,1.5,0.0,388,17.6,1,1829.0,1855.8,16.9,-0.1764,10.7
2025-11-17,ukwa,Ukwa Low-Phosphorus,2200,1808,41.6,87.4,96.8,90.4,23.3,0.7,0.0,392,17.8,1,1812.3,1858.0,17.13,-0.1782,10.2
2025-11-18,ukwa,Ukwa Low-Phosphorus,2200,1868,42.9,87.9,89.8,91.7,23.3,0.7,0.0,332,15.1,1,1823.7,1855.7,16.62,-0.1509,9.3
2025-11-19,ukwa,Ukwa Low-Phosphorus,2200,1875,42.5,87.0,88.4,91.2,22.7,1.3,0.0,325,14.8,1,1838.1,1857.4,16.16,-0.1477,9.0
2025-11-20,ukwa,Ukwa Low-Phosphorus,2200,1891,41.9,86.2,85.1,96.9,22.0,2.0,0.0,309,14.0,1,1847.9,1858.9,15.62,-0.1405,9.5
2025-11-21,ukwa,Ukwa Low-Phosphorus,2200,1863,43.1,87.7,90.7,93.3,22.3,1.7,0.0,337,15.3,1,1840.1,1858.4,15.54,-0.1532,9.6
2025-11-22,ukwa,Ukwa Low-Phosphorus,2200,2000,42.9,86.0,91.9,95.7,23.4,0.6,0.0,200,9.1,0,1873.9,1863.7,13.93,-0.0909,8.5
2025-11-23,ukwa,Ukwa Low-Phosphorus,2200,1806,42.4,87.6,89.1,91.2,22.8,1.2,0.0,394,17.9,1,1873.0,1862.7,14.92,-0.1791,8.2
2025-11-24,ukwa,Ukwa Low-Phosphorus,2200,1849,42.2,87.2,90.8,95.7,22.4,1.6,0.0,351,16.0,1,1878.9,1863.1,15.19,-0.1595,9.1
2025-11-25,ukwa,Ukwa Low-Phosphorus,2200,1865,42.0,87.7,91.1,92.6,23.0,1.0,0.0,335,15.2,1,1878.4,1866.0,15.19,-0.1523,9.4
2025-11-26,ukwa,Ukwa Low-Phosphorus,2200,1364,41.8,87.4,65.9,94.0,16.9,7.1,0.0,836,38.0,1,1805.4,1846.1,20.9,-0.38,15.2
2025-11-27,ukwa,Ukwa Low-Phosphorus,2200,1868,42.6,87.4,88.4,93.1,22.8,1.2,0.0,332,15.1,1,1802.1,1848.0,19.45,-0.1509,14.4
2025-11-28,ukwa,Ukwa Low-Phosphorus,2200,1893,42.9,86.6,90.0,92.1,23.4,0.6,0.0,307,14.0,1,1806.4,1848.2,18.09,-0.1395,13.3
2025-11-29,ukwa,Ukwa Low-Phosphorus,2200,1885,43.1,86.3,92.5,94.6,22.5,1.5,0.0,315,14.3,1,1790.0,1851.7,17.14,-0.1432,14.2
2025-11-30,ukwa,Ukwa Low-Phosphorus,2200,1841,42.0,85.4,94.3,91.0,23.3,0.7,0.0,359,16.3,1,1795.0,1846.6,16.93,-0.1632,13.7
2025-12-01,ukwa,Ukwa Low-Phosphorus,2200,1797,40.7,85.8,85.0,91.8,22.0,2.0,0.0,403,18.3,1,1787.6,1841.6,17.27,-0.1832,14.1
2025-12-02,ukwa,Ukwa Low-Phosphorus,2200,1841,42.3,86.3,89.8,92.0,23.4,0.6,0.0,359,16.3,1,1784.1,1839.5,17.03,-0.1632,13.7
2025-12-03,ukwa,Ukwa Low-Phosphorus,2200,1781,42.0,85.8,89.1,92.4,22.2,1.8,0.0,419,19.0,1,1843.7,1841.4,17.52,-0.1905,8.4
2025-12-04,ukwa,Ukwa Low-Phosphorus,2200,1995,41.1,84.7,89.0,99.0,23.0,1.0,0.0,205,9.3,0,1861.9,1843.7,15.47,-0.0932,8.2
2025-12-05,ukwa,Ukwa Low-Phosphorus,2200,1823,41.7,85.7,86.1,93.6,22.0,2.0,0.0,377,17.1,1,1851.9,1840.3,15.87,-0.1714,9.6
2025-12-06,ukwa,Ukwa Low-Phosphorus,2200,1914,41.3,87.3,93.8,92.5,23.1,0.9,0.0,286,13.0,1,1856.0,1840.8,15.16,-0.13,9.0
2025-12-07,ukwa,Ukwa Low-Phosphorus,2200,1877,40.8,84.4,91.7,94.9,22.7,1.3,0.0,323,14.7,1,1861.1,1842.0,15.04,-0.1468,9.6
2025-12-08,ukwa,Ukwa Low-Phosphorus,2200,1835,41.6,85.3,91.1,91.0,22.9,1.1,0.0,365,16.6,1,1866.6,1840.0,15.43,-0.1659,8.7
2025-12-09,ukwa,Ukwa Low-Phosphorus,2200,1929,41.5,85.0,86.5,99.0,22.2,1.8,0.0,271,12.3,1,1879.1,1842.4,14.65,-0.1232,9.9
2025-12-10,ukwa,Ukwa Low-Phosphorus,2200,1852,42.0,87.5,92.5,91.7,23.4,0.6,0.0,348,15.8,1,1889.3,1839.9,14.94,-0.1582,8.7
2025-12-11,ukwa,Ukwa Low-Phosphorus,2200,1880,41.8,87.4,91.3,91.1,22.6,1.4,0.0,320,14.5,1,1872.9,1843.0,14.83,-0.1455,9.1
2025-12-12,ukwa,Ukwa Low-Phosphorus,2200,1921,42.8,86.6,89.1,92.3,23.0,1.0,0.0,279,12.7,1,1886.9,1847.9,14.3,-0.1268,8.1
2025-12-13,ukwa,Ukwa Low-Phosphorus,2200,1803,43.0,86.7,85.0,96.3,22.0,2.0,0.0,397,18.0,1,1871.0,1847.2,15.22,-0.1805,9.2
2025-12-14,ukwa,Ukwa Low-Phosphorus,2200,1811,42.8,86.9,87.8,96.4,22.1,1.9,0.0,389,17.7,1,1861.6,1843.7,15.84,-0.1768,9.8
2025-12-15,ukwa,Ukwa Low-Phosphorus,2200,1783,41.4,85.8,92.0,92.4,22.4,1.6,0.0,417,19.0,1,1854.1,1844.3,16.63,-0.1895,10.3
2025-12-16,ukwa,Ukwa Low-Phosphorus,2200,1815,42.2,85.2,92.8,93.7,22.3,1.7,0.0,385,17.5,1,1837.9,1844.4,16.85,-0.175,10.2
2025-12-17,ukwa,Ukwa Low-Phosphorus,2200,1984,41.7,86.0,90.4,97.4,23.4,0.6,0.0,216,9.8,0,1856.7,1850.3,15.09,-0.0982,10.2
2025-12-18,ukwa,Ukwa Low-Phosphorus,2200,1921,42.3,86.1,84.2,96.5,22.1,1.9,0.0,279,12.7,1,1862.6,1852.1,14.49,-0.1268,10.7
2025-12-19,ukwa,Ukwa Low-Phosphorus,2200,1916,41.4,86.5,92.7,92.8,23.4,0.6,0.0,284,12.9,1,1861.9,1853.4,14.09,-0.1291,10.3
2025-12-20,ukwa,Ukwa Low-Phosphorus,2200,1972,42.8,87.1,94.4,95.7,22.9,1.1,0.0,228,10.4,1,1886.0,1856.1,13.17,-0.1036,9.4
2025-12-21,ukwa,Ukwa Low-Phosphorus,2200,1845,42.5,87.9,89.3,90.0,23.3,0.7,0.0,355,16.1,1,1890.9,1855.5,13.9,-0.1614,8.2
2025-12-22,ukwa,Ukwa Low-Phosphorus,2200,1797,42.1,86.1,93.1,91.6,23.2,0.8,0.0,403,18.3,1,1892.9,1848.8,15.0,-0.1832,7.4
2025-12-23,ukwa,Ukwa Low-Phosphorus,2200,1800,41.8,86.4,94.9,91.0,23.2,0.8,0.0,400,18.2,1,1890.7,1848.6,15.8,-0.1818,6.5
2025-12-24,ukwa,Ukwa Low-Phosphorus,2200,1911,42.7,86.7,93.1,99.0,22.6,1.4,0.0,289,13.1,1,1880.3,1850.6,15.13,-0.1314,7.3
2025-12-25,ukwa,Ukwa Low-Phosphorus,2200,1935,41.9,86.6,92.1,92.8,23.1,0.9,0.0,265,12.0,1,1882.3,1853.0,14.34,-0.1205,6.3
2025-12-26,ukwa,Ukwa Low-Phosphorus,2200,2013,42.8,87.3,92.5,96.9,22.7,1.3,0.0,187,8.5,0,1896.1,1874.6,12.88,-0.085,7.0
2025-12-27,ukwa,Ukwa Low-Phosphorus,2200,1977,41.2,86.6,89.0,98.7,22.4,1.6,0.0,223,10.1,1,1896.9,1878.2,12.19,-0.1014,7.5
2025-12-28,ukwa,Ukwa Low-Phosphorus,2200,1886,43.3,87.2,91.3,93.6,22.2,1.8,0.0,314,14.3,1,1902.7,1878.0,12.72,-0.1427,8.6
2025-12-29,ukwa,Ukwa Low-Phosphorus,2200,1969,42.2,87.0,96.0,94.3,23.3,0.7,0.0,231,10.5,1,1927.3,1880.8,12.16,-0.105,8.5
2025-12-30,ukwa,Ukwa Low-Phosphorus,2200,1850,43.1,88.4,88.0,92.0,22.6,1.4,0.0,350,15.9,1,1934.4,1881.1,13.1,-0.1591,9.1
2025-12-31,ukwa,Ukwa Low-Phosphorus,2200,1961,42.9,87.4,87.8,99.0,22.8,1.2,0.0,239,10.9,1,1941.6,1886.6,12.55,-0.1086,8.9
2026-01-01,ukwa,Ukwa Low-Phosphorus,2200,1956,42.4,87.3,94.8,91.9,23.4,0.6,0.0,244,11.1,1,1944.6,1890.4,12.19,-0.1109,8.6
2026-01-02,ukwa,Ukwa Low-Phosphorus,2200,1919,41.8,87.2,92.5,93.9,23.2,0.8,0.0,281,12.8,1,1931.1,1895.0,12.34,-0.1277,8.1
2026-01-03,ukwa,Ukwa Low-Phosphorus,2200,1900,42.6,86.0,89.2,94.3,22.4,1.6,0.0,300,13.6,1,1920.1,1891.8,12.65,-0.1364,8.1
2026-01-04,ukwa,Ukwa Low-Phosphorus,2200,1864,41.8,86.6,91.5,91.7,22.6,1.4,0.0,336,15.3,1,1917.0,1893.2,13.32,-0.1527,7.7
2026-01-05,ukwa,Ukwa Low-Phosphorus,2200,1973,40.0,85.7,85.7,98.9,22.2,1.8,0.0,227,10.3,1,1917.6,1895.2,12.56,-0.1032,8.8
2026-01-06,ukwa,Ukwa Low-Phosphorus,2200,1913,41.5,86.6,88.7,99.0,22.6,1.4,0.0,287,13.0,1,1926.6,1896.4,12.67,-0.1305,8.8
2026-01-07,ukwa,Ukwa Low-Phosphorus,2200,1862,42.1,87.6,87.3,94.8,22.4,1.6,0.0,338,15.4,1,1912.4,1897.3,13.35,-0.1536,9.2
2026-01-08,ukwa,Ukwa Low-Phosphorus,2200,1905,42.6,87.0,92.1,99.0,22.4,1.6,0.0,295,13.4,1,1905.1,1896.5,13.37,-0.1341,10.2
2026-01-09,ukwa,Ukwa Low-Phosphorus,2200,1954,41.6,85.6,90.2,96.8,23.0,1.0,0.0,246,11.2,1,1910.1,1899.9,12.82,-0.1118,10.4
2026-01-10,ukwa,Ukwa Low-Phosphorus,2200,1947,41.6,85.4,95.4,95.4,23.2,0.8,0.0,253,11.5,1,1916.9,1902.1,12.49,-0.115,9.6
2026-01-11,ukwa,Ukwa Low-Phosphorus,2200,1870,41.4,86.6,97.4,90.8,23.4,0.6,0.0,330,15.0,1,1917.7,1900.4,13.12,-0.15,8.8
2026-01-12,ukwa,Ukwa Low-Phosphorus,2200,1414,42.6,87.8,64.1,96.4,16.0,8.0,0.0,786,35.7,1,1837.9,1887.4,18.76,-0.3573,15.0
2026-01-13,ukwa,Ukwa Low-Phosphorus,2200,1826,41.1,85.1,90.4,95.1,22.1,1.9,0.0,374,17.0,1,1825.4,1887.9,18.32,-0.17,15.5
2026-01-14,ukwa,Ukwa Low-Phosphorus,2200,1833,38.1,83.8,89.1,98.1,22.1,1.9,0.0,367,16.7,1,1821.3,1889.6,17.92,-0.1668,15.8
2026-01-15,ukwa,Ukwa Low-Phosphorus,2200,1754,41.9,85.0,86.2,90.7,22.1,1.9,0.0,446,20.3,1,1799.7,1887.6,18.51,-0.2027,16.1
2026-01-16,ukwa,Ukwa Low-Phosphorus,2200,1887,41.4,86.0,89.9,93.3,23.0,1.0,0.0,313,14.2,1,1790.1,1884.3,17.43,-0.1423,16.1
2026-01-17,ukwa,Ukwa Low-Phosphorus,2200,1876,42.2,86.7,86.3,96.6,22.3,1.7,0.0,324,14.7,1,1780.0,1882.8,16.75,-0.1473,17.0
2026-01-18,ukwa,Ukwa Low-Phosphorus,2200,1855,41.3,85.5,93.0,95.0,22.8,1.2,0.0,345,15.7,1,1777.9,1880.8,16.49,-0.1568,17.6
2026-01-19,ukwa,Ukwa Low-Phosphorus,2200,1839,42.3,85.7,85.9,94.1,22.1,1.9,0.0,361,16.4,1,1838.6,1876.4,16.47,-0.1641,11.5
2026-01-20,ukwa,Ukwa Low-Phosphorus,2200,1829,41.9,86.4,90.6,97.1,22.1,1.9,0.0,371,16.9,1,1839.0,1875.8,16.57,-0.1686,11.5
2026-01-21,ukwa,Ukwa Low-Phosphorus,2200,1921,42.7,87.8,86.2,95.5,22.6,1.4,0.0,279,12.7,1,1851.6,1880.0,15.61,-0.1268,11.0
2026-01-22,ukwa,Ukwa Low-Phosphorus,2200,1811,41.7,85.7,86.6,93.6,22.1,1.9,0.0,389,17.7,1,1859.7,1880.3,16.13,-0.1768,11.0
2026-01-23,ukwa,Ukwa Low-Phosphorus,2200,1922,41.6,86.4,96.2,95.2,23.3,0.7,0.0,278,12.6,1,1864.7,1880.7,15.25,-0.1264,10.7
2026-01-24,ukwa,Ukwa Low-Phosphorus,2200,1897,40.2,85.7,87.9,95.1,22.4,1.6,0.0,303,13.8,1,1867.7,1879.4,14.89,-0.1377,10.6
2026-01-25,ukwa,Ukwa Low-Phosphorus,2200,2017,42.6,87.4,90.3,97.2,23.1,0.9,0.0,183,8.3,0,1890.9,1879.6,13.24,-0.0832,10.3
2026-01-26,ukwa,Ukwa Low-Phosphorus,2200,1926,42.8,86.4,92.7,93.0,22.9,1.1,0.0,274,12.5,1,1903.3,1877.9,13.05,-0.1245,9.5
2026-01-27,ukwa,Ukwa Low-Phosphorus,2200,1990,41.8,87.1,91.8,93.6,23.4,0.6,0.0,210,9.5,0,1926.3,1881.3,12.17,-0.0955,8.2
2026-01-28,ukwa,Ukwa Low-Phosphorus,2200,1882,41.9,86.4,85.1,94.1,22.3,1.7,0.0,318,14.5,1,1920.7,1878.4,12.75,-0.1445,8.5
2026-01-29,ukwa,Ukwa Low-Phosphorus,2200,1833,42.6,87.0,86.7,93.5,22.6,1.4,0.0,367,16.7,1,1923.9,1877.9,13.74,-0.1668,8.0
2026-01-30,ukwa,Ukwa Low-Phosphorus,2200,1800,42.7,85.4,91.4,94.0,22.9,1.1,0.0,400,18.2,1,1906.4,1872.5,14.85,-0.1818,8.4
2026-01-31,ukwa,Ukwa Low-Phosphorus,2200,1912,42.3,88.0,95.0,90.9,23.5,0.5,0.0,288,13.1,1,1908.6,1871.0,14.41,-0.1309,7.3
2026-02-01,ukwa,Ukwa Low-Phosphorus,2200,1905,41.6,86.9,90.9,92.3,23.3,0.7,0.0,295,13.4,1,1892.6,1870.6,14.16,-0.1341,7.1
2026-02-02,ukwa,Ukwa Low-Phosphorus,2200,1899,40.9,84.7,96.0,92.3,23.5,0.5,0.0,301,13.7,1,1888.7,1870.5,14.05,-0.1368,6.5
2026-02-03,ukwa,Ukwa Low-Phosphorus,2200,1874,42.2,85.8,90.2,92.1,23.0,1.0,0.0,326,14.8,1,1872.1,1870.9,14.23,-0.1482,6.9
2026-02-04,ukwa,Ukwa Low-Phosphorus,2200,1979,42.4,85.8,89.9,96.8,23.0,1.0,0.0,221,10.0,1,1886.0,1871.1,13.18,-0.1005,6.2
2026-02-05,ukwa,Ukwa Low-Phosphorus,2200,1823,42.3,86.2,95.9,92.3,23.2,0.8,0.0,377,17.1,1,1884.6,1868.1,14.16,-0.1714,5.6
2026-02-06,ukwa,Ukwa Low-Phosphorus,2200,1884,42.8,86.3,88.2,94.8,22.0,2.0,0.0,316,14.4,1,1896.6,1868.8,14.22,-0.1436,6.5
2026-02-07,ukwa,Ukwa Low-Phosphorus,2200,1854,42.0,85.5,88.6,95.2,22.6,1.4,0.0,346,15.7,1,1888.3,1867.1,14.59,-0.1573,7.4
2026-02-08,ukwa,Ukwa Low-Phosphorus,2200,1887,42.3,87.4,89.7,95.1,23.1,0.9,0.0,313,14.2,1,1885.7,1864.9,14.49,-0.1423,7.6
2026-02-09,ukwa,Ukwa Low-Phosphorus,2200,2021,41.8,87.6,95.4,94.3,23.4,0.6,0.0,179,8.1,0,1903.1,1867.3,12.89,-0.0814,7.7
2026-02-10,ukwa,Ukwa Low-Phosphorus,2200,1893,42.6,86.2,87.8,92.9,22.8,1.2,0.0,307,14.0,1,1905.9,1868.1,13.17,-0.1395,7.9
2026-02-11,ukwa,Ukwa Low-Phosphorus,2200,1894,40.9,84.7,86.6,97.8,22.5,1.5,0.0,306,13.9,1,1893.7,1884.1,13.35,-0.1391,8.4
2026-02-12,ukwa,Ukwa Low-Phosphorus,2200,1983,42.1,86.1,94.3,94.7,23.4,0.6,0.0,217,9.9,0,1916.6,1889.3,12.49,-0.0986,8.2
2026-02-13,ukwa,Ukwa Low-Phosphorus,2200,1831,40.7,84.9,86.3,96.5,22.6,1.4,0.0,369,16.8,1,1909.0,1889.3,13.57,-0.1677,7.6
2026-02-14,ukwa,Ukwa Low-Phosphorus,2200,1834,42.3,88.0,92.4,91.7,23.0,1.0,0.0,366,16.6,1,1906.1,1891.9,14.33,-0.1664,7.2
2026-02-15,ukwa,Ukwa Low-Phosphorus,2200,1860,41.8,86.8,94.8,89.9,23.2,0.8,0.0,340,15.5,1,1902.3,1891.0,14.62,-0.1545,7.1
2026-02-16,ukwa,Ukwa Low-Phosphorus,2200,1842,41.7,87.8,85.2,93.9,22.2,1.8,0.0,358,16.3,1,1876.7,1889.9,15.04,-0.1627,8.3
2026-02-17,ukwa,Ukwa Low-Phosphorus,2200,1919,41.5,85.5,89.1,93.4,23.0,1.0,0.0,281,12.8,1,1880.4,1892.0,14.48,-0.1277,8.1
2026-02-18,ukwa,Ukwa Low-Phosphorus,2200,2023,43.9,88.2,92.1,97.3,23.0,1.0,0.0,177,8.0,0,1898.9,1898.2,12.86,-0.0805,7.6
2026-02-19,ukwa,Ukwa Low-Phosphorus,2200,1891,40.7,85.7,93.3,93.6,22.6,1.4,0.0,309,14.0,1,1885.7,1900.2,13.14,-0.1405,8.4
2026-02-20,ukwa,Ukwa Low-Phosphorus,2200,1886,42.3,86.6,94.4,93.1,23.5,0.5,0.0,314,14.3,1,1893.6,1899.1,13.43,-0.1427,7.5
2026-02-21,ukwa,Ukwa Low-Phosphorus,2200,1891,42.8,87.0,86.6,95.5,22.7,1.3,0.0,309,14.0,1,1901.7,1901.7,13.58,-0.1405,7.8
2026-02-22,ukwa,Ukwa Low-Phosphorus,2200,1849,41.6,85.7,87.0,96.5,22.8,1.2,0.0,351,16.0,1,1900.1,1899.3,14.18,-0.1595,8.2
2026-02-23,ukwa,Ukwa Low-Phosphorus,2200,1868,41.7,86.0,89.9,93.8,23.0,1.0,0.0,332,15.1,1,1903.9,1898.3,14.41,-0.1509,7.4
2026-02-24,ukwa,Ukwa Low-Phosphorus,2200,1923,42.4,86.1,89.3,94.0,22.8,1.2,0.0,277,12.6,1,1904.4,1895.2,13.96,-0.1259,7.6
2026-02-25,ukwa,Ukwa Low-Phosphorus,2200,1802,41.9,85.1,89.6,92.1,22.8,1.2,0.0,398,18.1,1,1872.9,1891.1,14.99,-0.1809,7.8
2026-02-26,ukwa,Ukwa Low-Phosphorus,2200,1806,42.0,85.1,91.8,91.9,23.4,0.6,0.0,394,17.9,1,1860.7,1884.9,15.72,-0.1791,7.0
2026-02-27,ukwa,Ukwa Low-Phosphorus,2200,1914,41.9,85.5,91.7,99.0,22.5,1.5,0.0,286,13.0,1,1864.7,1886.0,15.04,-0.13,8.0
2026-02-28,ukwa,Ukwa Low-Phosphorus,2200,1314,41.3,86.3,65.5,96.2,16.0,8.0,0.0,886,40.3,1,1782.3,1868.7,21.36,-0.4027,14.7
2026-03-01,ukwa,Ukwa Low-Phosphorus,2200,1983,42.2,87.4,92.4,95.3,23.2,0.8,0.0,217,9.9,0,1801.4,1874.8,18.49,-0.0986,14.3
2026-03-02,ukwa,Ukwa Low-Phosphorus,2200,1674,42.8,87.6,88.8,85.0,23.0,1.0,0.0,526,23.9,1,1773.7,1866.9,19.84,-0.2391,14.3
2026-03-03,ukwa,Ukwa Low-Phosphorus,2200,1932,42.9,86.6,91.9,96.3,22.3,1.7,0.0,268,12.2,1,1775.0,1867.8,17.93,-0.1218,14.8
2026-03-04,ukwa,Ukwa Low-Phosphorus,2200,1804,41.9,85.2,94.6,91.1,22.9,1.1,0.0,396,18.0,1,1775.3,1864.6,17.95,-0.18,14.7
2026-03-05,ukwa,Ukwa Low-Phosphorus,2200,1886,41.6,85.4,95.7,93.9,23.4,0.6,0.0,314,14.3,1,1786.7,1865.0,17.04,-0.1427,14.7
2026-03-06,ukwa,Ukwa Low-Phosphorus,2200,1860,41.8,85.7,96.9,90.4,23.4,0.6,0.0,340,15.5,1,1779.0,1861.0,16.65,-0.1545,13.8
2026-03-07,ukwa,Ukwa Low-Phosphorus,2200,1953,41.5,87.5,91.0,97.9,23.3,0.7,0.0,247,11.2,1,1870.3,1865.4,15.29,-0.1123,6.5
2026-03-08,ukwa,Ukwa Low-Phosphorus,2200,2085,41.4,87.3,96.1,97.6,23.5,0.5,0.0,115,5.2,0,1884.9,1872.1,12.77,-0.0523,6.2
2026-03-09,ukwa,Ukwa Low-Phosphorus,2200,1749,41.4,85.8,89.3,93.5,22.1,1.9,0.0,451,20.5,1,1895.6,1868.6,14.7,-0.205,7.1
2026-03-10,ukwa,Ukwa Low-Phosphorus,2200,1849,41.9,87.0,87.6,95.6,22.1,1.9,0.0,351,16.0,1,1883.7,1867.3,15.03,-0.1595,7.3
2026-03-11,ukwa,Ukwa Low-Phosphorus,2200,1890,41.4,86.1,87.2,95.4,22.7,1.3,0.0,310,14.1,1,1896.0,1862.9,14.79,-0.1409,7.5
2026-03-12,ukwa,Ukwa Low-Phosphorus,2200,1830,41.0,87.0,93.4,92.7,23.2,0.8,0.0,370,16.8,1,1888.0,1860.8,15.3,-0.1682,7.7
2026-03-13,ukwa,Ukwa Low-Phosphorus,2200,1809,42.1,85.5,88.2,91.9,22.1,1.9,0.0,391,17.8,1,1880.7,1858.0,15.92,-0.1777,9.0
2026-03-14,ukwa,Ukwa Low-Phosphorus,2200,1971,41.4,87.1,96.0,95.8,23.4,0.6,0.0,229,10.4,1,1883.3,1857.6,14.54,-0.1041,8.9
2026-03-15,ukwa,Ukwa Low-Phosphorus,2200,1843,42.3,87.9,91.6,93.4,22.8,1.2,0.0,357,16.2,1,1848.7,1858.0,14.96,-0.1623,9.6
2026-03-16,ukwa,Ukwa Low-Phosphorus,2200,1874,42.3,85.4,88.5,94.5,22.7,1.3,0.0,326,14.8,1,1866.6,1859.3,14.92,-0.1482,9.0
2026-03-17,ukwa,Ukwa Low-Phosphorus,2200,1830,41.8,87.2,86.2,92.8,22.2,1.8,0.0,370,16.8,1,1863.9,1858.3,15.39,-0.1682,8.9
2026-03-18,ukwa,Ukwa Low-Phosphorus,2200,1747,38.0,82.8,88.9,94.8,22.5,1.5,0.0,453,20.6,1,1843.4,1855.2,16.69,-0.2059,9.1
2026-03-19,ukwa,Ukwa Low-Phosphorus,2200,1944,41.4,87.6,92.2,92.1,23.0,1.0,0.0,256,11.6,1,1859.7,1856.0,15.42,-0.1164,9.3
2026-03-20,ukwa,Ukwa Low-Phosphorus,2200,1789,40.7,86.1,91.5,90.6,22.7,1.3,0.0,411,18.7,1,1856.9,1848.2,16.24,-0.1868,8.7
2026-03-21,ukwa,Ukwa Low-Phosphorus,2200,1942,41.9,87.8,92.2,95.8,23.2,0.8,0.0,258,11.7,1,1852.7,1849.9,15.1,-0.1173,8.9
2026-03-22,ukwa,Ukwa Low-Phosphorus,2200,1791,41.9,85.0,88.1,94.6,22.3,1.7,0.0,409,18.6,1,1845.3,1846.7,15.98,-0.1859,9.4
2026-03-23,ukwa,Ukwa Low-Phosphorus,2200,1842,41.1,85.6,90.7,95.9,22.5,1.5,0.0,358,16.3,1,1840.7,1845.1,16.06,-0.1627,9.6
2026-03-24,ukwa,Ukwa Low-Phosphorus,2200,1856,42.4,87.9,85.0,96.4,22.1,1.9,0.0,344,15.6,1,1844.4,1845.3,15.94,-0.1564,9.7
2026-03-25,ukwa,Ukwa Low-Phosphorus,2200,1855,42.0,85.9,91.1,98.7,22.2,1.8,0.0,345,15.7,1,1859.9,1844.9,15.88,-0.1568,10.0
2026-03-26,ukwa,Ukwa Low-Phosphorus,2200,1841,41.4,87.3,90.0,96.0,22.1,1.9,0.0,359,16.3,1,1845.1,1842.2,15.99,-0.1632,10.9
2026-03-27,ukwa,Ukwa Low-Phosphorus,2200,1768,42.1,85.7,90.6,92.4,22.8,1.2,0.0,432,19.6,1,1842.1,1841.0,16.89,-0.1964,10.8
2026-03-28,ukwa,Ukwa Low-Phosphorus,2200,1930,42.3,87.5,91.2,93.3,23.4,0.6,0.0,270,12.3,1,1840.4,1845.2,15.74,-0.1227,10.6
2026-03-29,ukwa,Ukwa Low-Phosphorus,2200,1942,42.0,86.4,91.2,94.7,22.9,1.1,0.0,258,11.7,1,1862.0,1846.1,14.73,-0.1173,10.0
2026-03-30,ukwa,Ukwa Low-Phosphorus,2200,1857,42.2,87.5,84.1,93.6,22.1,1.9,0.0,343,15.6,1,1864.1,1864.2,14.95,-0.1559,10.4
2026-03-31,ukwa,Ukwa Low-Phosphorus,2200,1808,42.5,85.4,87.3,97.2,22.0,2.0,0.0,392,17.8,1,1857.3,1858.4,15.66,-0.1782,10.5
2026-04-01,ukwa,Ukwa Low-Phosphorus,2200,1859,42.9,85.7,93.2,91.2,22.7,1.3,0.0,341,15.5,1,1857.9,1864.5,15.62,-0.155,10.0
2026-04-02,ukwa,Ukwa Low-Phosphorus,2200,1825,42.5,87.6,91.8,93.0,22.1,1.9,0.0,375,17.0,1,1855.6,1861.0,15.97,-0.1705,10.0
2026-04-03,ukwa,Ukwa Low-Phosphorus,2200,1968,41.4,87.0,89.6,97.2,22.2,1.8,0.0,232,10.5,1,1884.1,1866.4,14.6,-0.1055,10.6
2026-04-04,ukwa,Ukwa Low-Phosphorus,2200,1798,42.0,86.5,89.7,95.0,22.1,1.9,0.0,402,18.3,1,1865.3,1863.5,15.52,-0.1827,11.9
2026-04-05,ukwa,Ukwa Low-Phosphorus,2200,1819,42.4,86.1,94.3,90.8,23.0,1.0,0.0,381,17.3,1,1847.7,1862.1,15.97,-0.1732,11.8
2026-04-06,ukwa,Ukwa Low-Phosphorus,2200,1860,42.1,88.0,89.8,89.3,23.3,0.7,0.0,340,15.5,1,1848.1,1859.0,15.85,-0.1545,10.6
2026-04-07,ukwa,Ukwa Low-Phosphorus,2200,1807,42.1,85.7,83.7,95.2,22.0,2.0,0.0,393,17.9,1,1848.0,1849.8,16.36,-0.1786,10.6
2026-04-08,ukwa,Ukwa Low-Phosphorus,2200,1894,42.6,88.2,93.8,95.3,22.8,1.2,0.0,306,13.9,1,1853.0,1854.6,15.75,-0.1391,10.5
2026-04-09,ukwa,Ukwa Low-Phosphorus,2200,1888,41.8,85.1,87.4,93.1,22.9,1.1,0.0,312,14.2,1,1862.0,1855.9,15.36,-0.1418,9.7
2026-04-10,ukwa,Ukwa Low-Phosphorus,2200,1744,42.0,85.0,88.1,93.4,22.4,1.6,0.0,456,20.7,1,1830.0,1851.0,16.7,-0.2073,9.5
2026-04-11,ukwa,Ukwa Low-Phosphorus,2200,1986,42.1,87.9,91.8,98.0,22.9,1.1,0.0,214,9.7,0,1856.9,1856.2,14.95,-0.0973,8.7
2026-04-12,ukwa,Ukwa Low-Phosphorus,2200,1870,42.8,86.2,87.3,96.0,22.1,1.9,0.0,330,15.0,1,1864.1,1858.3,14.96,-0.15,9.6
2026-04-13,ukwa,Ukwa Low-Phosphorus,2200,1800,42.3,85.3,86.6,96.2,22.2,1.8,0.0,400,18.2,1,1855.6,1852.6,15.77,-0.1818,10.7
2026-04-14,ukwa,Ukwa Low-Phosphorus,2200,1938,42.3,86.0,91.5,95.1,22.6,1.4,0.0,262,11.9,1,1874.3,1855.7,14.8,-0.1191,10.1
2026-04-15,ukwa,Ukwa Low-Phosphorus,2200,1855,41.5,85.0,88.9,95.5,22.4,1.6,0.0,345,15.7,1,1868.7,1855.1,15.03,-0.1568,10.5
2026-04-16,ukwa,Ukwa Low-Phosphorus,2200,1245,41.3,84.7,65.7,92.8,16.2,7.8,0.0,955,43.4,1,1776.9,1835.6,22.12,-0.4341,17.2
2026-04-17,ukwa,Ukwa Low-Phosphorus,2200,1689,42.3,87.0,83.7,90.1,22.0,2.0,0.0,511,23.2,1,1769.0,1833.7,22.39,-0.2323,17.6
2026-04-18,ukwa,Ukwa Low-Phosphorus,2200,1772,41.5,86.8,92.0,93.9,22.1,1.9,0.0,428,19.5,1,1738.4,1827.9,21.67,-0.1945,18.4
2026-04-19,ukwa,Ukwa Low-Phosphorus,2200,1877,43.4,87.1,86.9,94.2,22.6,1.4,0.0,323,14.7,1,1739.4,1830.9,19.93,-0.1468,17.9
2026-04-20,ukwa,Ukwa Low-Phosphorus,2200,1807,41.6,85.8,87.3,94.4,22.5,1.5,0.0,393,17.9,1,1740.4,1826.4,19.42,-0.1786,17.6
2026-04-21,ukwa,Ukwa Low-Phosphorus,2200,1904,41.9,85.5,85.8,95.4,22.5,1.5,0.0,296,13.5,1,1735.6,1830.1,17.94,-0.1345,17.7
2026-04-22,ukwa,Ukwa Low-Phosphorus,2200,1765,42.3,86.1,89.9,92.2,22.2,1.8,0.0,435,19.8,1,1722.7,1827.6,18.4,-0.1977,17.9
2026-04-23,ukwa,Ukwa Low-Phosphorus,2200,1909,41.6,87.6,91.6,95.7,22.1,1.9,0.0,291,13.2,1,1817.6,1829.3,17.1,-0.1323,12.0
2026-04-24,ukwa,Ukwa Low-Phosphorus,2200,1874,42.9,86.8,87.7,96.6,22.4,1.6,0.0,326,14.8,1,1844.0,1830.0,16.53,-0.1482,11.6
2026-04-25,ukwa,Ukwa Low-Phosphorus,2200,1900,42.1,85.5,94.1,94.5,22.6,1.4,0.0,300,13.6,1,1862.3,1831.9,15.8,-0.1364,11.1
2026-04-26,ukwa,Ukwa Low-Phosphorus,2200,1855,42.6,86.0,91.3,96.3,22.7,1.3,0.0,345,15.7,1,1859.1,1834.8,15.77,-0.1568,11.0
2026-04-27,ukwa,Ukwa Low-Phosphorus,2200,1805,42.4,87.2,86.9,93.7,22.0,2.0,0.0,395,18.0,1,1858.9,1830.7,16.33,-0.1795,11.5
2026-04-28,ukwa,Ukwa Low-Phosphorus,2200,1888,42.6,87.5,90.4,95.8,22.8,1.2,0.0,312,14.2,1,1856.6,1828.9,15.8,-0.1418,11.2
2026-04-29,ukwa,Ukwa Low-Phosphorus,2200,1882,41.6,86.2,91.8,95.8,22.7,1.3,0.0,318,14.5,1,1873.3,1829.7,15.47,-0.1445,10.7
2026-04-30,ukwa,Ukwa Low-Phosphorus,2200,1943,42.3,86.6,93.1,94.2,22.9,1.1,0.0,257,11.7,1,1878.1,1834.2,14.53,-0.1168,9.9
2026-05-01,ukwa,Ukwa Low-Phosphorus,2200,1922,42.0,86.9,91.3,94.6,22.8,1.2,0.0,278,12.6,1,1885.0,1836.3,14.05,-0.1264,9.5
2026-05-02,ukwa,Ukwa Low-Phosphorus,2200,1879,41.0,85.1,94.9,93.5,23.4,0.6,0.0,321,14.6,1,1882.0,1838.1,14.19,-0.1459,8.7
2026-05-03,ukwa,Ukwa Low-Phosphorus,2200,1745,43.6,88.5,86.3,88.6,22.4,1.6,0.0,455,20.7,1,1866.3,1830.7,15.81,-0.2068,9.0
2026-05-04,ukwa,Ukwa Low-Phosphorus,2200,1897,41.2,86.7,88.0,95.1,22.9,1.1,0.0,303,13.8,1,1879.4,1834.0,15.31,-0.1377,8.1
2026-05-05,ukwa,Ukwa Low-Phosphorus,2200,1834,41.1,87.2,91.9,94.2,22.8,1.2,0.0,366,16.6,1,1871.7,1834.5,15.63,-0.1664,8.1
2026-05-06,ukwa,Ukwa Low-Phosphorus,2200,1994,42.4,86.4,94.8,95.0,23.4,0.6,0.0,206,9.4,0,1887.7,1838.9,14.07,-0.0936,7.4
2026-05-07,ukwa,Ukwa Low-Phosphorus,2200,1954,41.1,87.2,89.3,96.4,22.2,1.8,0.0,246,11.2,1,1889.3,1843.8,13.36,-0.1118,8.1
2026-05-08,ukwa,Ukwa Low-Phosphorus,2200,1852,41.8,87.5,93.3,89.9,23.0,1.0,0.0,348,15.8,1,1879.3,1842.4,13.97,-0.1582,7.9
2026-05-09,ukwa,Ukwa Low-Phosphorus,2200,1978,41.0,84.6,94.4,96.2,23.2,0.8,0.0,222,10.1,1,1893.4,1845.4,13.0,-0.1009,8.1
2026-05-10,ukwa,Ukwa Low-Phosphorus,2200,1864,42.3,85.4,92.6,94.2,23.0,1.0,0.0,336,15.3,1,1910.4,1849.4,13.58,-0.1527,7.5
2026-05-11,ukwa,Ukwa Low-Phosphorus,2200,1836,41.2,86.4,93.6,93.3,23.3,0.7,0.0,364,16.5,1,1901.7,1844.4,14.31,-0.1655,7.1
2026-05-12,ukwa,Ukwa Low-Phosphorus,2200,1990,42.2,87.3,84.7,97.9,22.2,1.8,0.0,210,9.5,0,1924.0,1848.4,13.1,-0.0955,7.7
2026-05-13,ukwa,Ukwa Low-Phosphorus,2200,1945,42.4,85.6,88.3,98.4,22.5,1.5,0.0,255,11.6,1,1917.0,1853.3,12.73,-0.1159,8.6
2026-05-14,ukwa,Ukwa Low-Phosphorus,2200,1913,42.4,87.4,89.9,91.2,23.0,1.0,0.0,287,13.0,1,1911.1,1852.4,12.8,-0.1305,7.8
2026-05-15,ukwa,Ukwa Low-Phosphorus,2200,1946,42.5,88.1,91.2,97.7,22.3,1.7,0.0,254,11.5,1,1924.6,1855.5,12.47,-0.1155,8.5
