timestamp,mine_id,equipment_id,equipment_type,operating_hours,engine_temperature,vibration_rms,hydraulic_pressure,fuel_rate,utilization,availability,maintenance_age,fault_code,failure_event,vibration_zscore,temperature_anomaly,utilization_change,equipment_health_score
2025-06-01 00:00:00,balaghat,CR-BAL-01,Primary Jaw Crusher,3324,92.1,3.46,167.2,0.0,71.0,79.1,324,NONE,0,0.04,5.8,0.0,55.5
2025-06-01 00:00:00,ukwa,CR-UKW-01,Primary Jaw Crusher,973,82.9,2.74,183.7,0.0,80.7,87.6,473,NONE,0,-1.15,-3.4,0.0,87.8
2025-06-01 00:00:00,tirodi,CR-TIR-01,Primary Jaw Crusher,226,81.7,2.34,182.2,0.0,80.7,90.6,226,NONE,0,-1.81,-4.6,0.0,97.2
2025-06-01 00:00:00,gumgaon,CR-GUM-01,Primary Jaw Crusher,3148,86.6,3.5,160.6,0.0,71.4,79.6,148,NONE,0,0.11,0.3,0.0,59.6
2025-06-01 00:00:00,dongri-buzurg,CR-DON-01,Primary Jaw Crusher,2118,81.5,3.0,170.8,0.0,74.8,83.6,118,NONE,0,-0.72,-4.8,0.0,73.5
2025-06-01 02:00:00,tirodi,DP-TIR-01,Heavy Haul Truck (35T),967,86.7,2.22,180.0,42.5,76.3,88.7,467,NONE,0,-1.15,-5.4,0.0,87.9
2025-06-01 02:00:00,ukwa,DP-UKW-01,Heavy Haul Truck (35T),3131,91.1,2.91,174.2,44.5,74.8,80.8,131,NONE,0,-0.0,-1.0,0.0,60.9
2025-06-01 02:00:00,dongri-buzurg,DP-DON-01,Heavy Haul Truck (35T),855,83.9,2.74,185.2,43.0,75.5,88.0,355,NONE,0,-0.28,-8.2,0.0,89.3
2025-06-01 02:00:00,balaghat,DP-BAL-01,Heavy Haul Truck (35T),3659,94.5,3.0,158.8,46.9,71.7,79.0,159,NONE,0,0.15,2.4,0.0,51.9
2025-06-01 02:00:00,gumgaon,DP-GUM-01,Heavy Haul Truck (35T),3770,91.5,3.11,162.4,45.9,74.6,78.5,270,NONE,0,0.33,-0.6,0.0,50.1
2025-06-01 04:00:00,balaghat,DP-BAL-02,Heavy Haul Truck (35T),1014,92.1,2.19,167.3,38.3,75.4,88.6,14,NONE,0,-1.2,-0.0,0.0,87.3
2025-06-01 04:00:00,ukwa,DP-UKW-02,Heavy Haul Truck (35T),3919,98.4,3.49,165.6,47.4,72.2,77.3,419,WARN_THERMAL_DRIFT,0,0.96,6.3,0.0,40.0
2025-06-01 04:00:00,tirodi,DP-TIR-02,Heavy Haul Truck (35T),921,90.3,2.38,172.5,41.8,76.2,88.5,421,NONE,0,-0.88,-1.8,0.0,88.5
2025-06-01 04:00:00,dongri-buzurg,DP-DON-02,Heavy Haul Truck (35T),471,85.2,1.83,170.1,38.7,82.3,90.9,471,NONE,0,-1.8,-6.9,0.0,94.1
2025-06-01 04:00:00,gumgaon,DP-GUM-02,Heavy Haul Truck (35T),2384,95.0,3.24,170.8,41.6,74.4,82.4,384,NONE,0,0.55,2.9,0.0,64.2
2025-06-01 06:00:00,balaghat,DP-BAL-03,Heavy Haul Truck (35T),1450,85.0,2.37,169.6,41.6,79.1,86.9,450,NONE,0,-0.9,-7.1,0.0,81.9
2025-06-01 06:00:00,tirodi,DP-TIR-03,Heavy Haul Truck (35T),2613,92.5,3.4,153.8,41.3,68.8,81.4,113,NONE,0,0.81,0.4,0.0,60.3
2025-06-01 06:00:00,ukwa,DP-UKW-03,Heavy Haul Truck (35T),1158,92.5,2.26,171.1,38.0,74.9,88.0,158,NONE,0,-1.08,0.4,0.0,85.3
2025-06-01 06:00:00,dongri-buzurg,DP-DON-03,Heavy Haul Truck (35T),2821,92.5,3.12,158.0,46.7,76.6,81.3,321,NONE,0,0.35,0.4,0.0,61.6
2025-06-01 06:00:00,gumgaon,DP-GUM-03,Heavy Haul Truck (35T),2473,92.9,2.95,167.7,44.8,68.5,82.7,473,NONE,0,0.06,0.8,0.0,68.2
2025-06-01 08:00:00,ukwa,DP-UKW-04,Heavy Haul Truck (35T),816,86.8,2.3,170.6,41.6,74.2,89.0,316,NONE,0,-1.02,-5.3,0.0,89.8
2025-06-01 08:00:00,gumgaon,DP-GUM-04,Heavy Haul Truck (35T),3150,91.4,3.02,160.6,47.4,74.0,80.5,150,NONE,0,0.18,-0.7,0.0,59.1
2025-06-01 08:00:00,tirodi,DP-TIR-04,Heavy Haul Truck (35T),3843,97.6,3.67,150.1,48.3,71.7,77.1,343,WARN_THERMAL_DRIFT,0,1.26,5.5,0.0,38.8
2025-06-01 08:00:00,dongri-buzurg,DP-DON-04,Heavy Haul Truck (35T),1544,92.6,3.4,173.0,40.3,73.1,84.6,44,NONE,0,0.81,0.5,0.0,73.6
2025-06-01 08:00:00,balaghat,DP-BAL-04,Heavy Haul Truck (35T),1288,90.6,2.42,171.0,39.1,75.3,87.3,288,NONE,0,-0.82,-1.5,0.0,83.9
2025-06-01 10:00:00,tirodi,EX-TIR-01,Face Shovel Excavator,265,74.8,1.6,181.3,39.5,80.4,92.0,265,NONE,0,-1.86,-4.9,0.0,96.7
2025-06-01 10:00:00,dongri-buzurg,EX-DON-01,Face Shovel Excavator,4053,79.0,3.12,158.4,47.5,71.3,77.6,53,NONE,0,0.65,-0.7,0.0,43.8
2025-06-01 10:00:00,gumgaon,EX-GUM-01,Face Shovel Excavator,1650,78.6,2.23,175.4,44.6,79.7,86.6,150,NONE,0,-0.82,-1.1,0.0,79.4
2025-06-01 10:00:00,balaghat,EX-BAL-01,Face Shovel Excavator,1255,75.8,2.11,168.6,41.0,78.0,88.0,255,NONE,0,-1.02,-3.9,0.0,84.3
2025-06-01 10:00:00,ukwa,EX-UKW-01,Face Shovel Excavator,3146,75.4,2.41,162.0,45.3,78.2,81.7,146,NONE,0,-0.52,-4.3,0.0,60.7
2025-06-01 12:00:00,ukwa,EX-UKW-02,Face Shovel Excavator,2989,82.3,2.56,172.2,47.0,76.4,81.9,489,NONE,0,-0.28,2.6,0.0,61.5
2025-06-01 12:00:00,dongri-buzurg,EX-DON-02,Face Shovel Excavator,2591,77.0,2.32,162.1,45.7,79.1,83.6,91,NONE,0,-0.67,-2.7,0.0,67.6
2025-06-01 12:00:00,tirodi,EX-TIR-02,Face Shovel Excavator,4078,84.7,2.81,153.6,47.6,76.6,78.1,78,NONE,0,0.14,5.0,0.0,45.6
2025-06-01 12:00:00,balaghat,EX-BAL-02,Face Shovel Excavator,3934,78.2,2.63,162.3,48.4,76.8,78.9,434,NONE,0,-0.16,-1.5,0.0,50.8
2025-06-01 12:00:00,gumgaon,EX-GUM-02,Face Shovel Excavator,3079,81.9,2.46,169.0,46.5,78.6,81.8,79,NONE,0,-0.44,2.2,0.0,60.5
2025-06-01 14:00:00,tirodi,DR-TIR-01,Rotary Blast Drill,2762,72.9,2.22,172.2,44.2,71.3,83.3,262,NONE,0,-0.91,-6.1,0.0,65.5
2025-06-01 14:00:00,balaghat,DR-BAL-01,Rotary Blast Drill,3256,72.4,2.69,164.8,48.3,78.5,80.9,256,NONE,0,0.14,-6.6,0.0,58.1
2025-06-01 14:00:00,dongri-buzurg,DR-DON-01,Rotary Blast Drill,2444,78.0,2.52,162.3,44.4,80.9,83.6,444,NONE,0,-0.24,-1.0,0.0,69.4
2025-06-01 14:00:00,ukwa,DR-UKW-01,Rotary Blast Drill,2222,76.6,2.13,166.6,42.2,76.1,85.1,222,NONE,0,-1.11,-2.4,0.0,72.2
2025-06-01 14:00:00,gumgaon,DR-GUM-01,Rotary Blast Drill,1799,74.8,1.92,171.4,42.2,78.9,86.8,299,NONE,0,-1.57,-4.2,0.0,77.5
2025-06-01 16:00:00,gumgaon,DZ-GUM-01,Tracked Bulldozer,3756,78.0,3.31,159.3,49.0,69.1,78.1,256,NONE,0,1.09,-1.5,0.0,43.8
2025-06-01 16:00:00,dongri-buzurg,DZ-DON-01,Tracked Bulldozer,1966,78.5,1.91,171.3,43.4,80.5,86.3,466,NONE,0,-1.87,-1.0,0.0,75.4
2025-06-01 16:00:00,balaghat,DZ-BAL-01,Tracked Bulldozer,1804,72.4,1.89,163.1,41.0,78.1,86.8,304,NONE,0,-1.92,-7.1,0.0,77.4
2025-06-01 16:00:00,ukwa,DZ-UKW-01,Tracked Bulldozer,3819,76.1,2.87,168.6,48.5,71.3,78.8,319,NONE,0,0.16,-3.4,0.0,50.9
2025-06-01 16:00:00,tirodi,DZ-TIR-01,Tracked Bulldozer,3713,82.8,3.09,164.5,44.1,74.6,78.7,213,NONE,0,0.63,3.3,0.0,46.7
2025-06-01 18:00:00,balaghat,LD-BAL-01,Wheel Loader,2337,80.8,2.17,162.7,45.4,78.6,84.6,337,NONE,0,-1.19,1.9,0.0,69.9
2025-06-01 18:00:00,dongri-buzurg,LD-DON-01,Wheel Loader,1535,77.8,1.8,166.6,38.8,80.2,87.8,35,NONE,0,-1.99,-1.1,0.0,80.8
2025-06-01 18:00:00,ukwa,LD-UKW-01,Wheel Loader,3495,76.2,2.77,165.7,47.7,75.2,80.0,495,NONE,0,0.1,-2.7,0.0,55.5
2025-06-01 18:00:00,tirodi,LD-TIR-01,Wheel Loader,3041,77.4,3.39,166.3,44.1,73.6,80.1,41,NONE,0,1.44,-1.5,0.0,49.7
2025-06-01 18:00:00,gumgaon,LD-GUM-01,Wheel Loader,3781,81.6,3.07,173.5,46.8,75.0,78.5,281,NONE,0,0.75,2.7,0.0,45.1
2025-06-01 20:00:00,tirodi,CR-TIR-01,Primary Jaw Crusher,246,78.3,2.51,178.2,0.0,74.3,90.2,246,NONE,0,-1.53,-8.0,-6.4,96.9
2025-06-01 20:00:00,dongri-buzurg,CR-DON-01,Primary Jaw Crusher,2138,84.9,3.19,159.9,0.0,72.0,83.2,138,NONE,0,-0.4,-1.4,-2.8,73.3
2025-06-01 20:00:00,balaghat,CR-BAL-01,Primary Jaw Crusher,3344,88.4,3.43,167.7,0.0,75.2,79.1,344,NONE,0,-0.01,2.1,4.2,57.3
2025-06-01 20:00:00,ukwa,CR-UKW-01,Primary Jaw Crusher,993,84.5,2.59,178.6,0.0,79.9,87.8,493,NONE,0,-1.4,-1.8,-0.8,87.6
2025-06-01 20:00:00,gumgaon,CR-GUM-01,Primary Jaw Crusher,3168,90.9,4.05,168.4,0.0,73.4,78.4,168,NONE,0,1.02,4.6,2.0,49.7
2025-06-01 22:00:00,gumgaon,DP-GUM-01,Heavy Haul Truck (35T),3790,96.9,3.14,162.9,44.8,75.7,78.4,290,WARN_THERMAL_DRIFT,0,0.38,4.8,1.1,47.2
2025-06-01 22:00:00,ukwa,DP-UKW-01,Heavy Haul Truck (35T),3151,93.8,2.94,164.6,45.9,70.2,80.7,151,NONE,0,0.05,1.7,-4.6,59.4
2025-06-01 22:00:00,tirodi,DP-TIR-01,Heavy Haul Truck (35T),987,85.6,1.99,175.7,41.4,81.2,89.1,487,NONE,0,-1.53,-6.5,4.9,87.7
2025-06-01 22:00:00,balaghat,DP-BAL-01,Heavy Haul Truck (35T),3679,95.1,2.96,157.4,49.0,73.8,79.0,179,WARN_THERMAL_DRIFT,0,0.08,3.0,2.1,52.0
2025-06-01 22:00:00,dongri-buzurg,DP-DON-01,Heavy Haul Truck (35T),875,88.6,1.97,165.8,41.5,81.3,89.4,375,NONE,0,-1.56,-3.5,5.8,89.1
2025-06-02 00:00:00,gumgaon,DP-GUM-02,Heavy Haul Truck (35T),2404,91.5,2.67,168.9,44.6,73.2,83.4,404,NONE,0,-0.4,-0.6,-1.2,70.0
2025-06-02 00:00:00,ukwa,DP-UKW-02,Heavy Haul Truck (35T),3939,96.2,3.33,160.8,49.9,73.7,77.5,439,WARN_THERMAL_DRIFT,0,0.7,4.1,1.5,43.0
2025-06-02 00:00:00,tirodi,DP-TIR-02,Heavy Haul Truck (35T),941,96.4,2.91,167.7,37.5,76.2,87.4,441,WARN_THERMAL_DRIFT,0,-0.0,4.3,0.0,86.3
2025-06-02 00:00:00,balaghat,DP-BAL-02,Heavy Haul Truck (35T),1034,88.2,2.36,173.9,39.3,80.9,88.2,34,NONE,0,-0.92,-3.9,5.5,87.1
2025-06-02 00:00:00,dongri-buzurg,DP-DON-02,Heavy Haul Truck (35T),491,90.9,2.2,181.8,38.8,74.5,90.1,491,NONE,0,-1.18,-1.2,-7.8,93.9
2025-06-02 02:00:00,tirodi,DP-TIR-03,Heavy Haul Truck (35T),2633,91.7,3.13,160.6,44.5,69.4,81.8,133,NONE,0,0.36,-0.4,0.6,64.0
2025-06-02 02:00:00,ukwa,DP-UKW-03,Heavy Haul Truck (35T),1178,94.4,3.17,172.8,40.8,72.3,86.1,178,NONE,0,0.43,2.3,-2.6,80.6
2025-06-02 02:00:00,dongri-buzurg,DP-DON-03,Heavy Haul Truck (35T),2841,94.9,2.77,164.5,46.6,79.8,81.9,341,NONE,0,-0.24,2.8,3.2,63.2
2025-06-02 02:00:00,gumgaon,DP-GUM-03,Heavy Haul Truck (35T),2493,92.4,3.64,172.5,43.3,69.4,81.2,493,NONE,0,1.21,0.3,0.9,58.4
2025-06-02 02:00:00,balaghat,DP-BAL-03,Heavy Haul Truck (35T),1470,87.5,2.54,172.3,39.2,79.6,86.5,470,NONE,0,-0.62,-4.6,0.5,81.6
2025-06-02 04:00:00,tirodi,DP-TIR-04,Heavy Haul Truck (35T),3863,89.9,2.99,157.4,45.8,72.7,78.4,363,NONE,0,0.13,-2.2,1.0,50.6
2025-06-02 04:00:00,balaghat,DP-BAL-04,Heavy Haul Truck (35T),1308,92.1,2.57,181.2,42.8,86.6,86.9,308,NONE,0,-0.57,-0.0,11.3,83.6
2025-06-02 04:00:00,gumgaon,DP-GUM-04,Heavy Haul Truck (35T),3170,91.8,2.8,162.8,48.5,71.1,80.9,170,NONE,0,-0.19,-0.3,-2.9,60.4
2025-06-02 04:00:00,ukwa,DP-UKW-04,Heavy Haul Truck (35T),836,97.0,2.65,176.0,37.8,78.6,88.2,336,WARN_THERMAL_DRIFT,0,-0.43,4.9,4.4,87.3
2025-06-02 04:00:00,dongri-buzurg,DP-DON-04,Heavy Haul Truck (35T),1564,85.6,2.85,168.7,42.2,79.1,85.6,64,NONE,0,-0.1,-6.5,6.0,80.4
2025-06-02 06:00:00,balaghat,EX-BAL-01,Face Shovel Excavator,1275,72.7,1.88,174.1,39.9,78.6,88.4,275,NONE,0,-1.4,-7.0,0.6,84.1
2025-06-02 06:00:00,ukwa,EX-UKW-01,Face Shovel Excavator,3166,74.9,2.41,157.7,44.7,74.7,81.7,166,NONE,0,-0.52,-4.8,-3.5,60.4
2025-06-02 06:00:00,dongri-buzurg,EX-DON-01,Face Shovel Excavator,4073,75.5,3.16,154.7,45.8,78.2,77.5,73,NONE,0,0.71,-4.2,6.9,43.1
2025-06-02 06:00:00,tirodi,EX-TIR-01,Face Shovel Excavator,285,76.9,1.39,184.2,37.1,81.8,92.4,285,NONE,0,-2.21,-2.8,1.4,96.4
2025-06-02 06:00:00,gumgaon,EX-GUM-01,Face Shovel Excavator,1670,71.7,1.97,158.0,44.3,82.0,87.0,170,NONE,0,-1.25,-8.0,2.3,79.1
2025-06-02 08:00:00,gumgaon,EX-GUM-02,Face Shovel Excavator,3099,74.9,2.6,164.6,48.3,75.8,81.5,99,NONE,0,-0.21,-4.8,-2.8,61.3
2025-06-02 08:00:00,tirodi,EX-TIR-02,Face Shovel Excavator,4098,83.9,2.71,155.8,48.1,77.2,78.3,98,NONE,0,-0.03,4.2,0.6,46.9
2025-06-02 08:00:00,ukwa,EX-UKW-02,Face Shovel Excavator,3009,82.7,2.78,154.6,42.8,74.0,81.4,9,NONE,0,0.09,3.0,-2.4,60.3
2025-06-02 08:00:00,dongri-buzurg,EX-DON-02,Face Shovel Excavator,2611,74.6,2.37,164.8,41.4,81.3,83.4,111,NONE,0,-0.59,-5.1,2.2,67.4
2025-06-02 08:00:00,balaghat,EX-BAL-02,Face Shovel Excavator,3954,79.5,2.91,162.0,47.0,72.5,78.3,454,NONE,0,0.3,-0.2,-4.3,48.0
2025-06-02 10:00:00,tirodi,DR-TIR-01,Rotary Blast Drill,2782,82.9,2.47,160.8,45.7,75.8,82.7,282,NONE,0,-0.35,3.9,4.5,63.5
2025-06-02 10:00:00,ukwa,DR-UKW-01,Rotary Blast Drill,2242,82.3,2.43,164.4,45.7,79.1,84.4,242,NONE,0,-0.44,3.3,3.0,70.5
2025-06-02 10:00:00,gumgaon,DR-GUM-01,Rotary Blast Drill,1819,77.2,2.29,163.1,41.9,82.9,86.0,319,NONE,0,-0.75,-1.8,4.0,77.3
2025-06-02 10:00:00,balaghat,DR-BAL-01,Rotary Blast Drill,3276,80.7,2.41,159.6,48.4,75.6,81.4,276,NONE,0,-0.48,1.7,-2.9,58.3
2025-06-02 10:00:00,dongri-buzurg,DR-DON-01,Rotary Blast Drill,2464,82.3,2.25,166.9,42.8,75.7,84.1,464,NONE,0,-0.84,3.3,-5.2,67.7
2025-06-02 12:00:00,tirodi,DZ-TIR-01,Tracked Bulldozer,3733,85.2,2.68,169.7,46.6,74.4,79.4,233,NONE,0,-0.24,5.7,-0.2,50.8
2025-06-02 12:00:00,gumgaon,DZ-GUM-01,Tracked Bulldozer,3776,83.1,3.17,158.7,48.0,70.1,78.3,276,NONE,0,0.79,3.6,1.0,44.5
2025-06-02 12:00:00,balaghat,DZ-BAL-01,Tracked Bulldozer,1824,81.8,2.52,172.5,44.2,80.8,85.5,324,NONE,0,-0.58,2.3,2.7,76.2
2025-06-02 12:00:00,ukwa,DZ-UKW-01,Tracked Bulldozer,3839,76.0,2.97,159.4,49.9,72.4,78.5,339,NONE,0,0.37,-3.5,1.1,48.9
2025-06-02 12:00:00,dongri-buzurg,DZ-DON-01,Tracked Bulldozer,1986,72.3,2.37,176.4,41.1,77.3,85.3,486,NONE,0,-0.9,-7.2,-3.2,75.2
2025-06-02 14:00:00,dongri-buzurg,LD-DON-01,Wheel Loader,1555,78.3,2.23,172.0,38.9,74.5,86.9,55,NONE,0,-1.06,-0.6,-5.7,80.6
2025-06-02 14:00:00,tirodi,LD-TIR-01,Wheel Loader,3061,81.2,2.54,174.9,47.1,78.0,81.7,61,NONE,0,-0.39,2.3,4.4,60.7
2025-06-02 14:00:00,balaghat,LD-BAL-01,Wheel Loader,2357,81.0,2.95,164.7,42.0,73.7,83.0,357,NONE,0,0.49,2.1,-4.9,65.4
2025-06-02 14:00:00,ukwa,LD-UKW-01,Wheel Loader,3515,81.4,2.63,165.4,48.0,79.0,80.2,15,NONE,0,-0.2,2.5,3.8,54.9
2025-06-02 14:00:00,gumgaon,LD-GUM-01,Wheel Loader,3801,71.2,2.69,161.4,46.0,80.8,79.2,301,NONE,0,-0.07,-7.7,5.8,52.5
2025-06-02 16:00:00,dongri-buzurg,CR-DON-01,Primary Jaw Crusher,2158,85.3,3.26,171.3,0.0,70.0,83.0,158,NONE,0,-0.29,-1.0,-2.0,73.0
2025-06-02 16:00:00,ukwa,CR-UKW-01,Primary Jaw Crusher,1013,81.0,2.8,182.4,0.0,77.1,87.4,13,NONE,0,-1.05,-5.3,-2.8,87.3
2025-06-02 16:00:00,tirodi,CR-TIR-01,Primary Jaw Crusher,266,79.1,2.5,180.7,0.0,76.2,90.2,266,NONE,0,-1.55,-7.2,1.9,96.7
2025-06-02 16:00:00,balaghat,CR-BAL-01,Primary Jaw Crusher,3364,88.3,3.63,164.5,0.0,71.7,78.6,364,NONE,0,0.33,2.0,-3.5,54.2
2025-06-02 16:00:00,gumgaon,CR-GUM-01,Primary Jaw Crusher,3188,87.6,3.71,164.2,0.0,70.6,79.0,188,NONE,0,0.46,1.3,-2.8,55.7
2025-06-02 18:00:00,balaghat,DP-BAL-01,Heavy Haul Truck (35T),3699,92.4,3.15,159.5,45.9,73.0,78.6,199,NONE,0,0.4,0.3,-0.8,50.2
2025-06-02 18:00:00,gumgaon,DP-GUM-01,Heavy Haul Truck (35T),3810,94.7,2.99,159.1,45.5,70.5,78.6,310,NONE,0,0.13,2.6,-5.2,50.1
2025-06-02 18:00:00,ukwa,DP-UKW-01,Heavy Haul Truck (35T),3171,93.5,4.23,162.2,46.7,63.2,78.0,171,NONE,0,2.19,1.4,-7.0,41.1
2025-06-02 18:00:00,tirodi,DP-TIR-01,Heavy Haul Truck (35T),1007,92.7,2.49,180.2,40.6,76.7,88.0,7,NONE,0,-0.7,0.6,-4.5,87.1
2025-06-02 18:00:00,dongri-buzurg,DP-DON-01,Heavy Haul Truck (35T),895,86.8,1.93,174.2,38.9,84.1,89.5,395,NONE,0,-1.63,-5.3,2.8,88.8
2025-06-02 20:00:00,ukwa,DP-UKW-02,Heavy Haul Truck (35T),3959,95.7,3.34,163.3,44.9,74.1,77.4,459,WARN_THERMAL_DRIFT,0,0.71,3.6,0.4,42.9
2025-06-02 20:00:00,dongri-buzurg,DP-DON-02,Heavy Haul Truck (35T),511,93.8,2.71,175.8,39.8,71.2,89.0,11,NONE,0,-0.33,1.7,-3.3,92.8
2025-06-02 20:00:00,tirodi,DP-TIR-02,Heavy Haul Truck (35T),961,86.2,3.01,159.6,38.0,72.6,87.1,461,NONE,0,0.16,-5.9,-3.6,86.6
2025-06-02 20:00:00,balaghat,DP-BAL-02,Heavy Haul Truck (35T),1054,93.9,3.12,164.6,41.7,74.7,86.6,54,NONE,0,0.35,1.8,-6.2,83.0
2025-06-02 20:00:00,gumgaon,DP-GUM-02,Heavy Haul Truck (35T),2424,87.9,2.47,170.5,41.5,77.3,83.8,424,NONE,0,-0.73,-4.2,4.1,69.7
2025-06-02 22:00:00,gumgaon,DP-GUM-03,Heavy Haul Truck (35T),2513,93.9,3.56,162.5,44.1,71.4,81.3,13,NONE,0,1.08,1.8,2.0,58.6
2025-06-02 22:00:00,balaghat,DP-BAL-03,Heavy Haul Truck (35T),1490,94.2,3.45,172.5,40.4,67.5,84.6,490,NONE,0,0.89,2.1,-12.1,72.9
2025-06-02 22:00:00,tirodi,DP-TIR-03,Heavy Haul Truck (35T),2653,97.2,3.47,176.8,46.0,73.1,81.1,153,WARN_THERMAL_DRIFT,0,0.93,5.1,3.7,56.6
2025-06-02 22:00:00,dongri-buzurg,DP-DON-03,Heavy Haul Truck (35T),2861,86.6,2.8,159.7,45.2,75.8,81.8,361,NONE,0,-0.19,-5.5,-4.0,64.2
2025-06-02 22:00:00,ukwa,DP-UKW-03,Heavy Haul Truck (35T),1198,95.0,2.81,172.4,43.1,73.0,86.8,198,NONE,0,-0.17,2.9,0.7,83.7
2025-06-03 00:00:00,gumgaon,DP-GUM-04,Heavy Haul Truck (35T),3190,97.3,2.92,156.7,47.0,74.5,80.6,190,WARN_THERMAL_DRIFT,0,0.01,5.2,3.4,57.7
2025-06-03 00:00:00,tirodi,DP-TIR-04,Heavy Haul Truck (35T),3883,91.3,3.05,161.0,47.3,73.2,78.3,383,NONE,0,0.23,-0.8,0.5,49.5
2025-06-03 00:00:00,ukwa,DP-UKW-04,Heavy Haul Truck (35T),856,87.3,2.0,177.3,42.2,79.6,89.4,356,NONE,0,-1.51,-4.8,1.0,89.3
2025-06-03 00:00:00,dongri-buzurg,DP-DON-04,Heavy Haul Truck (35T),1584,92.6,2.48,174.6,41.4,73.6,86.3,84,NONE,0,-0.72,0.5,-5.5,80.0
2025-06-03 00:00:00,balaghat,DP-BAL-04,Heavy Haul Truck (35T),1328,89.6,2.21,171.2,41.2,77.5,87.6,328,NONE,0,-1.17,-2.5,-9.1,83.4
2025-06-03 02:00:00,tirodi,EX-TIR-01,Face Shovel Excavator,305,72.9,1.49,188.4,36.2,78.0,92.1,305,NONE,0,-2.04,-6.8,-3.8,96.2
2025-06-03 02:00:00,gumgaon,EX-GUM-01,Face Shovel Excavator,1690,76.7,2.46,168.1,43.1,71.0,86.0,190,NONE,0,-0.44,-3.0,-11.0,78.9
2025-06-03 02:00:00,ukwa,EX-UKW-01,Face Shovel Excavator,3186,87.7,3.06,157.5,44.4,73.2,80.3,186,NONE,0,0.55,8.0,-1.5,51.9
2025-06-03 02:00:00,balaghat,EX-BAL-01,Face Shovel Excavator,1295,76.3,1.73,175.2,39.6,80.2,88.7,295,NONE,0,-1.65,-3.4,1.6,83.8
2025-06-03 02:00:00,dongri-buzurg,EX-DON-01,Face Shovel Excavator,4093,76.5,2.76,158.7,46.4,74.2,78.2,93,NONE,0,0.05,-3.2,-4.0,48.4
2025-06-03 04:00:00,tirodi,EX-TIR-02,Face Shovel Excavator,4118,81.5,2.96,153.0,48.7,79.6,77.7,118,NONE,0,0.38,1.8,2.4,44.5
2025-06-03 04:00:00,balaghat,EX-BAL-02,Face Shovel Excavator,3974,78.2,3.08,164.0,48.9,78.3,77.9,474,NONE,0,0.58,-1.5,5.8,45.4
2025-06-03 04:00:00,ukwa,EX-UKW-02,Face Shovel Excavator,3029,83.7,2.57,165.6,47.0,80.7,81.8,29,NONE,0,-0.26,4.0,6.7,60.3
2025-06-03 04:00:00,dongri-buzurg,EX-DON-02,Face Shovel Excavator,2631,75.8,3.5,170.6,44.8,71.7,81.1,131,NONE,0,1.28,-3.9,-9.6,56.2
2025-06-03 04:00:00,gumgaon,EX-GUM-02,Face Shovel Excavator,3119,79.9,2.61,164.3,45.4,77.0,81.4,119,NONE,0,-0.19,0.2,1.2,60.9
2025-06-03 06:00:00,tirodi,DR-TIR-01,Rotary Blast Drill,2802,79.3,2.37,164.1,44.6,81.9,82.9,302,NONE,0,-0.57,0.3,6.1,64.8
2025-06-03 06:00:00,ukwa,DR-UKW-01,Rotary Blast Drill,2262,78.2,2.1,168.1,44.6,78.0,85.0,262,NONE,0,-1.17,-0.8,-1.1,71.7
2025-06-03 06:00:00,dongri-buzurg,DR-DON-01,Rotary Blast Drill,2484,74.6,2.49,154.9,46.9,75.9,83.6,484,NONE,0,-0.3,-4.4,0.2,69.0
2025-06-03 06:00:00,balaghat,DR-BAL-01,Rotary Blast Drill,3296,74.8,2.79,159.1,47.9,75.7,80.5,296,NONE,0,0.37,-4.2,0.1,55.7
2025-06-03 06:00:00,gumgaon,DR-GUM-01,Rotary Blast Drill,1839,78.3,3.8,165.9,39.5,74.8,82.9,339,NONE,0,2.62,-0.7,-8.1,54.7
2025-06-03 08:00:00,balaghat,DZ-BAL-01,Tracked Bulldozer,1844,82.5,2.02,175.1,39.5,74.3,86.4,344,NONE,0,-1.64,3.0,-6.5,75.6
2025-06-03 08:00:00,gumgaon,DZ-GUM-01,Tracked Bulldozer,3796,82.0,2.77,158.3,46.1,72.3,79.1,296,NONE,0,-0.05,2.5,2.2,51.4
2025-06-03 08:00:00,dongri-buzurg,DZ-DON-01,Tracked Bulldozer,2006,83.5,2.77,179.8,43.5,74.2,84.4,6,NONE,0,-0.05,4.0,-3.1,73.1
2025-06-03 08:00:00,ukwa,DZ-UKW-01,Tracked Bulldozer,3859,78.4,2.8,164.2,44.3,77.4,78.8,359,NONE,0,0.01,-1.1,5.0,51.7
2025-06-03 08:00:00,tirodi,DZ-TIR-01,Tracked Bulldozer,3753,75.2,2.97,166.0,44.5,72.4,78.8,253,NONE,0,0.37,-4.3,-2.0,49.9
2025-06-03 10:00:00,gumgaon,LD-GUM-01,Wheel Loader,3821,76.5,2.68,152.0,46.7,77.4,79.2,321,NONE,0,-0.09,-2.4,-3.4,52.2
2025-06-03 10:00:00,balaghat,LD-BAL-01,Wheel Loader,2377,78.6,2.47,170.8,43.0,74.1,83.9,377,NONE,0,-0.55,-0.3,0.4,70.3
2025-06-03 10:00:00,dongri-buzurg,LD-DON-01,Wheel Loader,1575,71.0,1.78,185.3,40.1,75.5,87.7,75,NONE,0,-2.04,-7.9,1.0,80.3
2025-06-03 10:00:00,tirodi,LD-TIR-01,Wheel Loader,3081,79.8,2.49,170.4,42.7,77.8,81.8,81,NONE,0,-0.5,0.9,-0.2,61.1
2025-06-03 10:00:00,ukwa,LD-UKW-01,Wheel Loader,3535,73.2,2.66,167.6,49.0,76.3,80.1,35,NONE,0,-0.14,-5.7,-2.7,55.8
2025-06-03 12:00:00,gumgaon,CR-GUM-01,Primary Jaw Crusher,3208,79.6,3.54,163.5,0.0,71.6,79.3,208,NONE,0,0.18,-6.7,1.0,58.4
2025-06-03 12:00:00,balaghat,CR-BAL-01,Primary Jaw Crusher,3384,89.6,4.52,158.7,0.0,66.6,76.8,384,WARN_HARMONIC_VIB,0,1.8,3.3,-5.1,40.9
2025-06-03 12:00:00,tirodi,CR-TIR-01,Primary Jaw Crusher,286,77.1,2.41,182.0,0.0,78.6,90.3,286,NONE,0,-1.7,-9.2,2.4,96.4
2025-06-03 12:00:00,ukwa,CR-UKW-01,Primary Jaw Crusher,1033,91.4,2.7,166.0,0.0,78.2,87.5,33,NONE,0,-1.22,5.1,1.1,84.8
2025-06-03 12:00:00,dongri-buzurg,CR-DON-01,Primary Jaw Crusher,2178,91.0,4.31,171.4,0.0,71.9,80.8,178,NONE,0,1.45,4.7,1.9,58.3
2025-06-03 14:00:00,tirodi,DP-TIR-01,Heavy Haul Truck (35T),1027,88.0,2.18,177.0,39.9,78.9,88.6,27,NONE,0,-1.22,-4.1,2.2,87.2
2025-06-03 14:00:00,dongri-buzurg,DP-DON-01,Heavy Haul Truck (35T),915,88.7,1.99,173.6,42.0,79.9,89.3,415,NONE,0,-1.53,-3.4,-4.2,88.6
2025-06-03 14:00:00,balaghat,DP-BAL-01,Heavy Haul Truck (35T),3719,96.1,3.37,162.5,47.1,76.8,78.1,219,WARN_THERMAL_DRIFT,0,0.76,4.0,3.8,45.3
2025-06-03 14:00:00,ukwa,DP-UKW-01,Heavy Haul Truck (35T),3191,89.2,2.94,159.6,42.8,65.7,80.5,191,NONE,0,0.05,-2.9,2.5,59.7
2025-06-03 14:00:00,gumgaon,DP-GUM-01,Heavy Haul Truck (35T),3830,92.0,3.12,156.2,48.9,72.5,78.3,330,NONE,0,0.35,-0.1,2.0,49.2
2025-06-03 16:00:00,tirodi,DP-TIR-02,Heavy Haul Truck (35T),981,91.7,2.04,175.3,42.2,79.4,89.0,481,NONE,0,-1.45,-0.4,6.8,87.7
2025-06-03 16:00:00,ukwa,DP-UKW-02,Heavy Haul Truck (35T),3979,96.5,3.5,151.3,46.4,71.3,77.1,479,WARN_THERMAL_DRIFT,0,0.98,4.4,-2.8,40.0
2025-06-03 16:00:00,balaghat,DP-BAL-02,Heavy Haul Truck (35T),1074,89.7,2.1,178.5,39.6,82.4,88.6,74,NONE,0,-1.35,-2.4,7.7,86.6
2025-06-03 16:00:00,dongri-buzurg,DP-DON-02,Heavy Haul Truck (35T),531,87.6,1.92,171.5,42.2,82.7,90.6,31,NONE,0,-1.65,-4.5,11.5,93.4
2025-06-03 16:00:00,gumgaon,DP-GUM-02,Heavy Haul Truck (35T),2444,87.5,2.53,169.4,41.3,77.2,83.6,444,NONE,0,-0.63,-4.6,-0.1,69.4
2025-06-03 18:00:00,dongri-buzurg,DP-DON-03,Heavy Haul Truck (35T),2881,92.4,2.99,158.4,43.1,72.0,81.4,381,NONE,0,0.13,0.3,-3.8,62.7
2025-06-03 18:00:00,tirodi,DP-TIR-03,Heavy Haul Truck (35T),2673,90.7,2.9,171.8,43.9,75.2,82.2,173,NONE,0,-0.02,-1.4,2.1,66.6
2025-06-03 18:00:00,balaghat,DP-BAL-03,Heavy Haul Truck (35T),1510,89.8,3.05,173.7,42.5,75.3,85.4,10,NONE,0,0.23,-2.3,7.8,79.2
2025-06-03 18:00:00,gumgaon,DP-GUM-03,Heavy Haul Truck (35T),2533,95.2,2.54,166.3,46.2,77.2,83.3,33,WARN_THERMAL_DRIFT,0,-0.62,3.1,5.8,66.9
2025-06-03 18:00:00,ukwa,DP-UKW-03,Heavy Haul Truck (35T),1218,84.9,2.14,166.9,41.0,78.9,88.1,218,NONE,0,-1.28,-7.2,5.9,84.8
2025-06-03 20:00:00,gumgaon,DP-GUM-04,Heavy Haul Truck (35T),3210,97.1,2.76,164.3,48.3,75.1,80.9,210,WARN_THERMAL_DRIFT,0,-0.25,5.0,0.6,57.6
2025-06-03 20:00:00,dongri-buzurg,DP-DON-04,Heavy Haul Truck (35T),1604,92.4,2.75,159.9,41.8,78.8,85.7,104,NONE,0,-0.27,0.3,5.2,79.8
2025-06-03 20:00:00,tirodi,DP-TIR-04,Heavy Haul Truck (35T),3903,93.1,3.27,158.9,46.3,73.0,77.8,403,NONE,0,0.6,1.0,-0.2,45.7
2025-06-03 20:00:00,ukwa,DP-UKW-04,Heavy Haul Truck (35T),876,92.4,1.98,179.5,37.8,76.8,89.4,376,NONE,0,-1.55,0.3,-2.8,88.9
2025-06-03 20:00:00,balaghat,DP-BAL-04,Heavy Haul Truck (35T),1348,89.9,2.12,169.7,38.3,79.0,87.7,348,NONE,0,-1.32,-2.2,1.5,83.2
2025-06-03 22:00:00,balaghat,EX-BAL-01,Face Shovel Excavator,1315,72.7,2.14,167.5,42.4,80.3,87.8,315,NONE,0,-0.97,-7.0,0.1,83.6
2025-06-03 22:00:00,ukwa,EX-UKW-01,Face Shovel Excavator,3206,79.2,2.72,165.0,45.8,70.6,80.9,206,NONE,0,-0.01,-0.5,-2.6,59.9
2025-06-03 22:00:00,tirodi,EX-TIR-01,Face Shovel Excavator,325,75.2,1.56,173.7,38.7,82.4,91.9,325,NONE,0,-1.93,-4.5,4.4,95.9
2025-06-03 22:00:00,gumgaon,EX-GUM-01,Face Shovel Excavator,1710,76.9,1.95,167.2,41.5,74.8,87.0,210,NONE,0,-1.28,-2.8,3.8,78.6
2025-06-03 22:00:00,dongri-buzurg,EX-DON-01,Face Shovel Excavator,4113,86.7,4.26,165.4,49.5,67.8,75.1,113,NONE,0,2.53,7.0,-6.4,23.9
2025-06-04 00:00:00,gumgaon,EX-GUM-02,Face Shovel Excavator,3139,80.8,2.64,160.0,43.5,76.2,81.3,139,NONE,0,-0.14,1.1,-0.8,60.3
2025-06-04 00:00:00,dongri-buzurg,EX-DON-02,Face Shovel Excavator,2651,82.6,2.5,165.7,46.7,78.5,83.0,151,NONE,0,-0.38,2.9,6.8,65.6
2025-06-04 00:00:00,tirodi,EX-TIR-02,Face Shovel Excavator,4138,82.7,3.23,164.1,48.9,74.5,77.1,138,NONE,0,0.83,3.0,-5.1,39.9
2025-06-04 00:00:00,balaghat,EX-BAL-02,Face Shovel Excavator,3994,83.6,2.75,155.9,48.5,76.9,78.5,494,NONE,0,0.04,3.9,-1.4,48.0
2025-06-04 00:00:00,ukwa,EX-UKW-02,Face Shovel Excavator,3049,89.7,3.33,171.3,44.7,75.3,80.2,49,NONE,0,1.0,10.0,-5.4,48.9
2025-06-04 02:00:00,balaghat,DR-BAL-01,Rotary Blast Drill,3316,82.8,2.73,162.2,44.5,73.5,80.6,316,NONE,0,0.23,3.8,-2.2,54.9
2025-06-04 02:00:00,dongri-buzurg,DR-DON-01,Rotary Blast Drill,2504,68.2,2.5,177.3,45.3,76.0,83.5,4,NONE,0,-0.28,-10.8,0.1,68.7
2025-06-04 02:00:00,gumgaon,DR-GUM-01,Rotary Blast Drill,1859,71.7,2.51,174.7,40.4,80.6,85.4,359,NONE,0,-0.26,-7.3,5.8,76.8
2025-06-04 02:00:00,tirodi,DR-TIR-01,Rotary Blast Drill,2822,76.2,2.34,166.6,46.3,78.4,82.9,322,NONE,0,-0.64,-2.8,-3.5,64.7
2025-06-04 02:00:00,ukwa,DR-UKW-01,Rotary Blast Drill,2282,75.8,2.25,170.6,41.6,79.1,84.7,282,NONE,0,-0.84,-3.2,1.1,71.5
2025-06-04 04:00:00,balaghat,DZ-BAL-01,Tracked Bulldozer,1864,76.0,1.98,172.4,44.8,82.7,86.4,364,NONE,0,-1.73,-3.5,8.4,76.7
2025-06-04 04:00:00,tirodi,DZ-TIR-01,Tracked Bulldozer,3773,86.5,2.66,156.1,48.7,75.1,79.4,273,NONE,0,-0.29,7.0,2.7,49.7
2025-06-04 04:00:00,ukwa,DZ-UKW-01,Tracked Bulldozer,3879,77.4,3.08,155.3,46.1,71.4,78.2,379,NONE,0,0.6,-2.1,-6.0,46.4
2025-06-04 04:00:00,gumgaon,DZ-GUM-01,Tracked Bulldozer,3816,79.4,2.89,157.2,46.6,73.8,78.8,316,NONE,0,0.2,-0.1,1.5,50.6
2025-06-04 04:00:00,dongri-buzurg,DZ-DON-01,Tracked Bulldozer,2026,76.6,2.4,166.1,42.0,75.3,85.1,26,NONE,0,-0.84,-2.9,1.1,74.7
2025-06-04 06:00:00,ukwa,LD-UKW-01,Wheel Loader,3555,81.1,2.48,158.1,44.2,78.5,80.4,55,NONE,0,-0.52,2.2,2.2,54.6
2025-06-04 06:00:00,dongri-buzurg,LD-DON-01,Wheel Loader,1595,78.9,1.87,169.3,38.9,82.2,87.5,95,NONE,0,-1.84,-0.0,6.7,80.1
2025-06-04 06:00:00,balaghat,LD-BAL-01,Wheel Loader,2397,79.7,2.34,166.7,41.9,85.6,84.1,397,NONE,0,-0.83,0.8,11.5,69.7
2025-06-04 06:00:00,tirodi,LD-TIR-01,Wheel Loader,3101,82.5,3.01,150.3,44.3,78.5,80.7,101,NONE,0,0.62,3.6,0.7,54.3
2025-06-04 06:00:00,gumgaon,LD-GUM-01,Wheel Loader,3841,78.7,2.66,163.6,45.1,75.6,79.2,341,NONE,0,-0.14,-0.2,-1.8,52.0
2025-06-04 08:00:00,tirodi,CR-TIR-01,Primary Jaw Crusher,306,81.0,2.66,186.3,0.0,80.4,89.8,306,NONE,0,-1.28,-5.3,1.8,96.2
2025-06-04 08:00:00,dongri-buzurg,CR-DON-01,Primary Jaw Crusher,2198,88.6,3.53,172.6,0.0,73.4,82.3,198,NONE,0,0.16,2.3,1.5,70.1
2025-06-04 08:00:00,balaghat,CR-BAL-01,Primary Jaw Crusher,3404,84.8,3.94,165.4,0.0,69.6,77.9,404,NONE,0,0.84,-1.5,3.0,50.3
2025-06-04 08:00:00,gumgaon,CR-GUM-01,Primary Jaw Crusher,3228,93.1,3.94,161.0,0.0,73.9,78.4,228,NONE,0,0.84,6.8,2.3,49.4
2025-06-04 08:00:00,ukwa,CR-UKW-01,Primary Jaw Crusher,1053,81.7,2.69,163.1,0.0,73.0,87.5,53,NONE,0,-1.23,-4.6,-5.2,86.8
2025-06-04 10:00:00,tirodi,DP-TIR-01,Heavy Haul Truck (35T),1047,93.7,2.47,166.4,39.0,76.0,87.9,47,NONE,0,-0.73,1.6,-2.9,86.2
2025-06-04 10:00:00,dongri-buzurg,DP-DON-01,Heavy Haul Truck (35T),935,88.5,2.52,181.3,42.3,78.8,88.2,435,NONE,0,-0.65,-3.6,-1.1,88.3
2025-06-04 10:00:00,balaghat,DP-BAL-01,Heavy Haul Truck (35T),3739,94.9,2.95,160.7,49.8,76.9,78.9,239,NONE,0,0.06,2.8,0.1,51.5
2025-06-04 10:00:00,gumgaon,DP-GUM-01,Heavy Haul Truck (35T),3850,87.7,3.07,166.7,44.7,75.6,78.3,350,NONE,0,0.26,-4.4,3.1,49.7
2025-06-04 10:00:00,ukwa,DP-UKW-01,Heavy Haul Truck (35T),3211,96.4,2.91,174.5,43.6,72.3,80.5,211,WARN_THERMAL_DRIFT,0,-0.0,4.3,6.6,57.9
2025-06-04 12:00:00,dongri-buzurg,DP-DON-02,Heavy Haul Truck (35T),551,89.1,2.18,172.8,36.8,73.3,90.0,51,NONE,0,-1.22,-3.0,-9.4,93.1
2025-06-04 12:00:00,gumgaon,DP-GUM-02,Heavy Haul Truck (35T),2464,94.8,2.65,160.6,43.0,77.0,83.3,464,NONE,0,-0.43,2.7,-0.2,68.0
2025-06-04 12:00:00,ukwa,DP-UKW-02,Heavy Haul Truck (35T),3999,91.6,3.12,163.1,46.9,75.1,77.8,499,NONE,0,0.35,-0.5,3.8,47.0
2025-06-04 12:00:00,tirodi,DP-TIR-02,Heavy Haul Truck (35T),1001,88.4,2.22,179.4,41.9,77.8,88.6,1,NONE,0,-1.15,-3.7,-1.6,87.5
2025-06-04 12:00:00,balaghat,DP-BAL-02,Heavy Haul Truck (35T),1094,92.4,3.32,178.4,39.9,71.7,86.1,94,NONE,0,0.68,0.3,-10.7,80.4
2025-06-04 14:00:00,gumgaon,DP-GUM-03,Heavy Haul Truck (35T),2553,89.6,3.19,162.4,42.3,72.7,82.0,53,NONE,0,0.46,-2.5,-4.5,64.2
2025-06-04 14:00:00,tirodi,DP-TIR-03,Heavy Haul Truck (35T),2693,95.6,4.49,163.0,44.5,69.8,78.9,193,WARN_THERMAL_DRIFT,0,2.62,3.5,-5.4,42.5
2025-06-04 14:00:00,balaghat,DP-BAL-03,Heavy Haul Truck (35T),1530,92.4,2.23,175.9,42.8,78.2,87.0,30,NONE,0,-1.13,0.3,2.9,80.7
2025-06-04 14:00:00,dongri-buzurg,DP-DON-03,Heavy Haul Truck (35T),2901,85.5,2.67,161.5,46.8,75.1,82.0,401,NONE,0,-0.4,-6.6,3.1,63.7
2025-06-04 14:00:00,ukwa,DP-UKW-03,Heavy Haul Truck (35T),1238,92.2,2.21,173.3,42.9,83.2,87.9,238,NONE,0,-1.17,0.1,4.3,84.5
2025-06-04 16:00:00,balaghat,DP-BAL-04,Heavy Haul Truck (35T),1368,91.0,2.43,169.1,44.2,77.2,87.0,368,NONE,0,-0.8,-1.1,-1.8,82.9
2025-06-04 16:00:00,ukwa,DP-UKW-04,Heavy Haul Truck (35T),896,85.4,3.16,176.5,39.9,75.9,87.0,396,NONE,0,0.41,-6.7,-0.9,85.3
2025-06-04 16:00:00,gumgaon,DP-GUM-04,Heavy Haul Truck (35T),3230,95.5,2.87,157.0,46.4,72.1,80.6,230,WARN_THERMAL_DRIFT,0,-0.07,3.4,-3.0,58.1
2025-06-04 16:00:00,tirodi,DP-TIR-04,Heavy Haul Truck (35T),3923,98.0,3.12,158.1,49.0,68.8,78.0,423,WARN_THERMAL_DRIFT,0,0.35,5.9,-4.2,45.3
2025-06-04 16:00:00,dongri-buzurg,DP-DON-04,Heavy Haul Truck (35T),1624,87.5,3.36,172.9,39.4,77.2,84.4,124,NONE,0,0.75,-4.6,-1.6,73.3
2025-06-04 18:00:00,tirodi,EX-TIR-01,Face Shovel Excavator,345,79.4,1.6,184.2,38.7,87.0,91.8,345,NONE,0,-1.86,-0.3,4.6,95.7
2025-06-04 18:00:00,balaghat,EX-BAL-01,Face Shovel Excavator,1335,74.6,2.52,177.7,42.4,79.9,87.0,335,NONE,0,-0.34,-5.1,-0.4,83.3
2025-06-04 18:00:00,ukwa,EX-UKW-01,Face Shovel Excavator,3226,79.5,2.45,161.1,43.4,76.0,81.4,226,NONE,0,-0.46,-0.2,5.4,59.7
2025-06-04 18:00:00,gumgaon,EX-GUM-01,Face Shovel Excavator,1730,83.5,2.52,170.6,44.0,72.4,85.8,230,NONE,0,-0.34,3.8,-2.4,76.7
2025-06-04 18:00:00,dongri-buzurg,EX-DON-01,Face Shovel Excavator,4133,81.4,3.18,151.3,46.3,71.4,77.2,133,NONE,0,0.75,1.7,3.6,41.2
2025-06-04 20:00:00,tirodi,EX-TIR-02,Face Shovel Excavator,4158,82.1,2.98,156.9,48.2,75.7,77.6,158,NONE,0,0.42,2.4,1.2,43.4
2025-06-04 20:00:00,gumgaon,EX-GUM-02,Face Shovel Excavator,3159,82.7,2.42,158.7,42.7,73.8,81.7,159,NONE,0,-0.51,3.0,-2.4,59.2
2025-06-04 20:00:00,balaghat,EX-BAL-02,Face Shovel Excavator,4014,83.0,2.82,156.9,49.5,76.9,78.3,14,NONE,0,0.15,3.3,0.0,47.1
2025-06-04 20:00:00,dongri-buzurg,EX-DON-02,Face Shovel Excavator,2671,80.5,2.29,165.7,43.3,73.1,83.4,171,NONE,0,-0.72,0.8,-5.4,66.3
2025-06-04 20:00:00,ukwa,EX-UKW-02,Face Shovel Excavator,3069,82.5,2.44,167.0,47.8,77.1,81.9,69,NONE,0,-0.47,2.8,1.8,60.4
2025-06-04 22:00:00,balaghat,DR-BAL-01,Rotary Blast Drill,3336,94.3,3.04,170.0,47.8,77.3,79.9,336,NONE,0,0.92,15.3,3.8,43.6
2025-06-04 22:00:00,ukwa,DR-UKW-01,Rotary Blast Drill,2302,68.6,2.05,163.2,44.4,77.3,85.0,302,NONE,0,-1.28,-10.4,-1.8,71.2
2025-06-04 22:00:00,dongri-buzurg,DR-DON-01,Rotary Blast Drill,2524,78.1,2.52,167.7,43.2,77.5,83.4,24,NONE,0,-0.24,-0.9,1.5,68.4
2025-06-04 22:00:00,gumgaon,DR-GUM-01,Rotary Blast Drill,1879,80.0,1.9,163.6,41.8,81.2,86.6,379,NONE,0,-1.62,1.0,0.6,76.1
2025-06-04 22:00:00,tirodi,DR-TIR-01,Rotary Blast Drill,2842,80.1,3.3,165.0,42.6,74.7,80.9,342,NONE,0,1.5,1.1,-3.7,51.2
2025-06-05 00:00:00,ukwa,DZ-UKW-01,Tracked Bulldozer,3899,70.3,2.85,159.6,50.1,75.4,78.6,399,NONE,0,0.12,-9.2,4.0,50.2
2025-06-05 00:00:00,gumgaon,DZ-GUM-01,Tracked Bulldozer,3836,77.4,2.61,156.9,44.7,73.1,79.3,336,NONE,0,-0.39,-2.1,-0.7,52.0
2025-06-05 00:00:00,tirodi,DZ-TIR-01,Tracked Bulldozer,3793,78.0,2.86,157.3,46.5,78.9,78.9,293,NONE,0,0.14,-1.5,3.8,51.4
2025-06-05 00:00:00,dongri-buzurg,DZ-DON-01,Tracked Bulldozer,2046,67.3,2.35,170.7,43.4,75.5,85.2,46,NONE,0,-0.94,-12.2,0.2,74.4
2025-06-05 00:00:00,balaghat,DZ-BAL-01,Tracked Bulldozer,1884,75.6,2.76,163.1,40.1,74.1,84.8,384,NONE,0,-0.07,-3.9,-8.6,76.4
2025-06-05 02:00:00,gumgaon,LD-GUM-01,Wheel Loader,3861,79.3,2.74,162.3,49.6,80.6,78.9,361,NONE,0,0.04,0.4,5.0,51.2
2025-06-05 02:00:00,ukwa,LD-UKW-01,Wheel Loader,3575,75.5,3.02,165.9,45.8,74.7,79.2,75,NONE,0,0.64,-3.4,-3.8,49.9
2025-06-05 02:00:00,balaghat,LD-BAL-01,Wheel Loader,2417,78.0,2.32,159.0,44.3,78.6,84.1,417,NONE,0,-0.87,-0.9,-7.0,69.8
2025-06-05 02:00:00,tirodi,LD-TIR-01,Wheel Loader,3121,77.1,2.57,161.7,45.5,74.2,81.5,121,NONE,0,-0.33,-1.8,-4.3,61.0
2025-06-05 02:00:00,dongri-buzurg,LD-DON-01,Wheel Loader,1615,78.1,2.24,176.0,43.8,75.0,86.7,115,NONE,0,-1.04,-0.8,-7.2,79.8
2025-06-05 04:00:00,dongri-buzurg,CR-DON-01,Primary Jaw Crusher,2218,91.0,3.65,182.7,0.0,72.8,82.0,218,NONE,0,0.36,4.7,-0.6,67.1
2025-06-05 04:00:00,ukwa,CR-UKW-01,Primary Jaw Crusher,1073,84.6,2.84,170.8,0.0,72.8,87.1,73,NONE,0,-0.99,-1.7,-0.2,86.6
2025-06-05 04:00:00,tirodi,CR-TIR-01,Primary Jaw Crusher,326,86.1,2.38,188.4,0.0,78.1,90.3,326,NONE,0,-1.75,-0.2,-2.3,95.9
2025-06-05 04:00:00,gumgaon,CR-GUM-01,Primary Jaw Crusher,3248,82.6,3.69,164.5,0.0,68.1,78.9,248,NONE,0,0.43,-3.7,-5.8,55.7
2025-06-05 04:00:00,balaghat,CR-BAL-01,Primary Jaw Crusher,3424,83.4,3.45,161.2,0.0,77.2,78.8,424,NONE,0,0.03,-2.9,7.6,56.9
2025-06-05 06:00:00,dongri-buzurg,DP-DON-01,Heavy Haul Truck (35T),955,86.9,2.07,166.1,38.1,78.6,89.0,455,NONE,0,-1.4,-5.2,-0.2,88.1
2025-06-05 06:00:00,ukwa,DP-UKW-01,Heavy Haul Truck (35T),3231,91.2,3.08,159.8,46.9,74.3,80.1,231,NONE,0,0.28,-0.9,2.0,57.2
2025-06-05 06:00:00,tirodi,DP-TIR-01,Heavy Haul Truck (35T),1067,92.9,2.96,172.7,42.9,72.4,86.9,67,NONE,0,0.08,0.8,-3.6,85.6
2025-06-05 06:00:00,gumgaon,DP-GUM-01,Heavy Haul Truck (35T),3870,89.8,3.56,162.6,48.7,71.6,77.3,370,NONE,0,1.08,-2.3,-4.0,42.4
2025-06-05 06:00:00,balaghat,DP-BAL-01,Heavy Haul Truck (35T),3759,93.3,3.05,157.6,44.3,74.9,78.6,259,NONE,0,0.23,1.2,-2.0,50.5
2025-06-05 08:00:00,ukwa,DP-UKW-02,Heavy Haul Truck (35T),4019,94.0,3.44,153.1,49.0,65.4,77.1,19,NONE,0,0.88,1.9,-9.7,41.4
2025-06-05 08:00:00,balaghat,DP-BAL-02,Heavy Haul Truck (35T),1114,97.2,2.3,177.6,42.0,77.7,88.1,114,WARN_THERMAL_DRIFT,0,-1.02,5.1,6.0,83.8
2025-06-05 08:00:00,tirodi,DP-TIR-02,Heavy Haul Truck (35T),1021,93.9,3.4,178.0,37.5,70.9,86.1,21,NONE,0,0.81,1.8,-6.9,79.5
2025-06-05 08:00:00,dongri-buzurg,DP-DON-02,Heavy Haul Truck (35T),571,87.0,2.2,177.2,38.0,77.1,89.9,71,NONE,0,-1.18,-5.1,3.8,92.9
2025-06-05 08:00:00,gumgaon,DP-GUM-02,Heavy Haul Truck (35T),2484,91.2,2.86,159.2,42.3,76.0,82.8,484,NONE,0,-0.09,-0.9,-1.0,69.0
2025-06-05 10:00:00,balaghat,DP-BAL-03,Heavy Haul Truck (35T),1550,91.2,2.31,168.9,41.4,80.2,86.7,50,NONE,0,-1.0,-0.9,2.0,80.6
2025-06-05 10:00:00,gumgaon,DP-GUM-03,Heavy Haul Truck (35T),2573,92.2,2.75,168.6,43.8,75.3,82.8,73,NONE,0,-0.27,0.1,2.6,67.8
2025-06-05 10:00:00,dongri-buzurg,DP-DON-03,Heavy Haul Truck (35T),2921,94.7,3.38,161.1,42.6,76.2,80.5,421,NONE,0,0.78,2.6,1.1,55.7
2025-06-05 10:00:00,ukwa,DP-UKW-03,Heavy Haul Truck (35T),1258,91.6,2.21,176.8,42.0,78.5,87.8,258,NONE,0,-1.17,-0.5,-4.7,84.3
2025-06-05 10:00:00,tirodi,DP-TIR-03,Heavy Haul Truck (35T),2713,91.9,2.89,164.7,45.2,68.7,82.1,213,NONE,0,-0.04,-0.2,-1.1,66.1
2025-06-05 12:00:00,dongri-buzurg,DP-DON-04,Heavy Haul Truck (35T),1644,92.5,2.37,169.3,40.8,78.1,86.3,144,NONE,0,-0.9,0.4,0.9,79.3
2025-06-05 12:00:00,balaghat,DP-BAL-04,Heavy Haul Truck (35T),1388,90.7,2.13,177.4,40.8,77.4,87.6,388,NONE,0,-1.3,-1.4,0.2,82.6
2025-06-05 12:00:00,gumgaon,DP-GUM-04,Heavy Haul Truck (35T),3250,95.2,3.04,162.5,46.2,76.4,80.2,250,WARN_THERMAL_DRIFT,0,0.21,3.1,4.3,56.2
2025-06-05 12:00:00,ukwa,DP-UKW-04,Heavy Haul Truck (35T),916,91.7,1.96,174.9,37.8,82.2,89.3,416,NONE,0,-1.58,-0.4,6.3,88.6
2025-06-05 12:00:00,tirodi,DP-TIR-04,Heavy Haul Truck (35T),3943,93.4,3.83,169.8,49.4,65.4,76.5,443,NONE,0,1.53,1.3,-3.4,37.1
2025-06-05 14:00:00,tirodi,EX-TIR-01,Face Shovel Excavator,365,74.6,1.35,182.5,36.9,83.1,92.2,365,NONE,0,-2.28,-5.1,-3.9,95.4
2025-06-05 14:00:00,ukwa,EX-UKW-01,Face Shovel Excavator,3246,77.5,2.59,173.9,47.4,73.7,81.1,246,NONE,0,-0.23,-2.2,-2.3,59.4
2025-06-05 14:00:00,balaghat,EX-BAL-01,Face Shovel Excavator,1355,74.4,1.8,182.1,42.2,81.1,88.3,355,NONE,0,-1.53,-5.3,1.2,83.1
2025-06-05 14:00:00,dongri-buzurg,EX-DON-01,Face Shovel Excavator,4153,80.9,2.92,158.1,50.8,77.1,77.7,153,NONE,0,0.32,1.2,5.7,44.8
2025-06-05 14:00:00,gumgaon,EX-GUM-01,Face Shovel Excavator,1750,78.4,2.0,177.0,41.4,78.3,86.8,250,NONE,0,-1.2,-1.3,5.9,78.1
2025-06-05 16:00:00,tirodi,EX-TIR-02,Face Shovel Excavator,4178,83.7,3.37,157.8,47.0,71.0,76.7,178,NONE,0,1.06,4.0,-4.7,37.0
2025-06-05 16:00:00,balaghat,EX-BAL-02,Face Shovel Excavator,4034,87.1,2.78,165.0,47.2,73.3,78.3,34,NONE,0,0.09,7.4,-3.6,45.5
2025-06-05 16:00:00,dongri-buzurg,EX-DON-02,Face Shovel Excavator,2691,77.1,2.21,176.5,43.8,82.3,83.5,191,NONE,0,-0.85,-2.6,9.2,66.4
2025-06-05 16:00:00,ukwa,EX-UKW-02,Face Shovel Excavator,3089,73.4,2.33,166.4,44.5,76.2,82.1,89,NONE,0,-0.66,-6.3,-0.9,61.4
2025-06-05 16:00:00,gumgaon,EX-GUM-02,Face Shovel Excavator,3179,81.1,2.98,167.0,47.1,75.9,80.5,179,NONE,0,0.42,1.4,2.1,56.1
2025-06-05 18:00:00,balaghat,DR-BAL-01,Rotary Blast Drill,3356,76.0,2.98,165.4,45.9,76.9,80.0,356,NONE,0,0.79,-3.0,-0.4,51.3
2025-06-05 18:00:00,dongri-buzurg,DR-DON-01,Rotary Blast Drill,2544,80.1,2.12,169.9,45.1,76.0,84.1,44,NONE,0,-1.13,1.1,-1.5,67.7
2025-06-05 18:00:00,gumgaon,DR-GUM-01,Rotary Blast Drill,1899,78.1,2.08,169.9,43.6,76.9,86.1,399,NONE,0,-1.22,-0.9,-4.3,76.3
2025-06-05 18:00:00,tirodi,DR-TIR-01,Rotary Blast Drill,2862,77.7,2.25,163.5,43.4,83.0,82.9,362,NONE,0,-0.84,-1.3,8.3,64.2
2025-06-05 18:00:00,ukwa,DR-UKW-01,Rotary Blast Drill,2322,69.8,2.2,168.2,46.3,76.5,84.6,322,NONE,0,-0.95,-9.2,-0.8,71.0
2025-06-05 20:00:00,tirodi,DZ-TIR-01,Tracked Bulldozer,3813,77.6,2.66,154.9,47.1,71.9,79.2,313,NONE,0,-0.29,-1.9,-7.0,52.3
2025-06-05 20:00:00,dongri-buzurg,DZ-DON-01,Tracked Bulldozer,2066,78.2,3.3,175.0,40.6,75.0,83.2,66,NONE,0,1.07,-1.3,-0.5,65.1
2025-06-05 20:00:00,gumgaon,DZ-GUM-01,Tracked Bulldozer,3856,77.3,2.83,167.2,48.1,77.0,78.8,356,NONE,0,0.07,-2.2,3.9,51.2
2025-06-05 20:00:00,balaghat,DZ-BAL-01,Tracked Bulldozer,1904,64.8,1.93,165.4,40.6,73.3,86.4,404,NONE,0,-1.83,-14.7,-0.8,76.2
2025-06-05 20:00:00,ukwa,DZ-UKW-01,Tracked Bulldozer,3919,84.0,2.66,167.0,49.4,76.1,78.9,419,NONE,0,-0.29,4.5,0.7,49.0
2025-06-05 22:00:00,dongri-buzurg,LD-DON-01,Wheel Loader,1635,79.8,1.81,173.9,41.9,79.5,87.5,135,NONE,0,-1.97,0.9,4.5,79.2
2025-06-05 22:00:00,gumgaon,LD-GUM-01,Wheel Loader,3881,77.6,2.91,157.3,48.8,72.1,78.5,381,NONE,0,0.41,-1.3,-8.5,48.0
2025-06-05 22:00:00,balaghat,LD-BAL-01,Wheel Loader,2437,73.8,2.46,165.6,43.1,77.3,83.8,437,NONE,0,-0.57,-5.1,-1.3,69.5
2025-06-05 22:00:00,ukwa,LD-UKW-01,Wheel Loader,3595,77.0,2.97,167.9,44.1,75.6,79.3,95,NONE,0,0.54,-1.9,0.9,50.5
2025-06-05 22:00:00,tirodi,LD-TIR-01,Wheel Loader,3141,79.5,3.66,163.6,45.1,71.7,79.3,141,NONE,0,2.03,0.6,-2.5,43.2
2025-06-06 00:00:00,ukwa,CR-UKW-01,Primary Jaw Crusher,1093,76.9,3.06,177.7,0.0,77.7,86.6,93,NONE,0,-0.62,-9.4,4.9,86.3
2025-06-06 00:00:00,tirodi,CR-TIR-01,Primary Jaw Crusher,346,83.3,3.16,176.9,0.0,75.5,88.6,346,NONE,0,-0.45,-3.0,-2.6,95.7
2025-06-06 00:00:00,balaghat,CR-BAL-01,Primary Jaw Crusher,3444,92.2,3.83,162.8,0.0,67.8,78.0,444,NONE,0,0.66,5.9,-9.4,48.7
2025-06-06 00:00:00,gumgaon,CR-GUM-01,Primary Jaw Crusher,3268,84.2,3.64,150.7,0.0,71.8,78.9,268,NONE,0,0.34,-2.1,3.7,56.3
2025-06-06 00:00:00,dongri-buzurg,CR-DON-01,Primary Jaw Crusher,2238,80.5,3.23,167.8,0.0,69.3,82.8,238,NONE,0,-0.34,-5.8,-3.5,72.0
2025-06-06 02:00:00,tirodi,DP-TIR-01,Heavy Haul Truck (35T),1087,94.7,2.33,168.3,40.6,79.1,88.1,87,NONE,0,-0.97,2.6,6.7,85.2
2025-06-06 02:00:00,gumgaon,DP-GUM-01,Heavy Haul Truck (35T),3890,98.0,3.49,158.8,45.1,67.5,77.4,390,WARN_THERMAL_DRIFT,0,0.96,5.9,-4.1,40.6
2025-06-06 02:00:00,ukwa,DP-UKW-01,Heavy Haul Truck (35T),3251,90.0,3.66,170.3,45.2,71.5,78.9,251,NONE,0,1.24,-2.1,-2.8,48.8
2025-06-06 02:00:00,balaghat,DP-BAL-01,Heavy Haul Truck (35T),3779,94.2,2.99,160.1,47.6,74.7,78.7,279,NONE,0,0.13,2.1,-0.2,50.7
2025-06-06 02:00:00,dongri-buzurg,DP-DON-01,Heavy Haul Truck (35T),975,83.3,1.97,172.9,42.3,83.5,89.1,475,NONE,0,-1.56,-8.8,4.9,87.8
2025-06-06 04:00:00,gumgaon,DP-GUM-02,Heavy Haul Truck (35T),2504,94.2,2.59,169.8,44.3,77.8,83.3,4,NONE,0,-0.53,2.1,1.8,67.8
2025-06-06 04:00:00,ukwa,DP-UKW-02,Heavy Haul Truck (35T),4039,87.7,3.1,154.2,49.0,71.9,77.7,39,NONE,0,0.31,-4.4,6.5,46.9
2025-06-06 04:00:00,dongri-buzurg,DP-DON-02,Heavy Haul Truck (35T),591,93.0,2.57,171.4,39.3,75.6,89.1,91,NONE,0,-0.57,0.9,-1.5,92.2
2025-06-06 04:00:00,balaghat,DP-BAL-02,Heavy Haul Truck (35T),1134,86.5,3.14,180.7,41.6,80.3,86.3,134,NONE,0,0.38,-5.6,2.6,82.6
2025-06-06 04:00:00,tirodi,DP-TIR-02,Heavy Haul Truck (35T),1041,90.0,2.29,174.5,42.6,76.5,88.3,41,NONE,0,-1.03,-2.1,5.6,87.0
2025-06-06 06:00:00,gumgaon,DP-GUM-03,Heavy Haul Truck (35T),2593,89.7,2.9,171.5,47.1,77.2,82.4,93,NONE,0,-0.02,-2.4,1.9,67.6
2025-06-06 06:00:00,dongri-buzurg,DP-DON-03,Heavy Haul Truck (35T),2941,94.3,3.11,157.5,42.9,76.5,81.0,441,NONE,0,0.33,2.2,0.3,59.4
2025-06-06 06:00:00,balaghat,DP-BAL-03,Heavy Haul Truck (35T),1570,87.0,3.3,174.3,44.2,72.8,84.7,70,NONE,0,0.65,-5.1,-7.4,74.8
2025-06-06 06:00:00,ukwa,DP-UKW-03,Heavy Haul Truck (35T),1278,86.9,2.38,171.8,40.2,73.6,87.4,278,NONE,0,-0.88,-5.2,-4.9,84.0
2025-06-06 06:00:00,tirodi,DP-TIR-03,Heavy Haul Truck (35T),2733,91.8,2.63,160.1,47.4,76.1,82.5,233,NONE,0,-0.47,-0.3,7.4,65.8
2025-06-06 08:00:00,tirodi,DP-TIR-04,Heavy Haul Truck (35T),3963,85.1,3.1,159.1,48.3,73.5,77.9,463,NONE,0,0.31,-7.0,8.1,47.8
2025-06-06 08:00:00,gumgaon,DP-GUM-04,Heavy Haul Truck (35T),3270,97.5,3.12,157.0,43.3,77.0,80.0,270,WARN_THERMAL_DRIFT,0,0.35,5.4,0.6,53.7
2025-06-06 08:00:00,dongri-buzurg,DP-DON-04,Heavy Haul Truck (35T),1664,88.0,2.62,177.3,42.9,80.9,85.8,164,NONE,0,-0.48,-4.1,2.8,79.2
2025-06-06 08:00:00,balaghat,DP-BAL-04,Heavy Haul Truck (35T),1408,87.5,2.19,174.0,40.3,76.4,87.4,408,NONE,0,-1.2,-4.6,-1.0,82.4
2025-06-06 08:00:00,ukwa,DP-UKW-04,Heavy Haul Truck (35T),936,87.0,2.56,175.5,41.7,72.0,88.1,436,NONE,0,-0.58,-5.1,-10.2,88.3
2025-06-06 10:00:00,tirodi,EX-TIR-01,Face Shovel Excavator,385,70.5,1.47,182.9,36.1,79.4,91.9,385,NONE,0,-2.08,-9.2,-3.7,95.2
2025-06-06 10:00:00,dongri-buzurg,EX-DON-01,Face Shovel Excavator,4173,77.1,2.79,157.5,47.2,77.3,77.9,173,NONE,0,0.1,-2.6,0.2,47.0
2025-06-06 10:00:00,gumgaon,EX-GUM-01,Face Shovel Excavator,1770,75.3,2.2,168.2,44.4,70.9,86.3,270,NONE,0,-0.87,-4.4,-7.4,77.9
2025-06-06 10:00:00,ukwa,EX-UKW-01,Face Shovel Excavator,3266,76.5,2.56,152.9,44.3,76.4,81.1,266,NONE,0,-0.28,-3.2,2.7,59.2
2025-06-06 10:00:00,balaghat,EX-BAL-01,Face Shovel Excavator,1375,78.3,1.75,177.9,43.6,84.5,88.4,375,NONE,0,-1.61,-1.4,3.4,82.8
2025-06-06 12:00:00,gumgaon,EX-GUM-02,Face Shovel Excavator,3199,80.5,2.52,166.1,43.8,73.0,81.4,199,NONE,0,-0.34,0.8,-2.9,59.7
2025-06-06 12:00:00,dongri-buzurg,EX-DON-02,Face Shovel Excavator,2711,77.4,2.2,161.4,43.1,73.5,83.5,211,NONE,0,-0.87,-2.3,-8.8,66.1
2025-06-06 12:00:00,balaghat,EX-BAL-02,Face Shovel Excavator,4054,79.2,3.19,164.1,45.8,75.9,77.5,54,NONE,0,0.76,-0.5,2.6,42.9
2025-06-06 12:00:00,tirodi,EX-TIR-02,Face Shovel Excavator,4198,78.4,4.07,160.3,47.3,70.0,75.3,198,NONE,0,2.22,-1.3,-1.0,28.7
2025-06-06 12:00:00,ukwa,EX-UKW-02,Face Shovel Excavator,3109,82.7,2.52,167.8,47.3,72.3,81.6,109,NONE,0,-0.34,3.0,-3.9,59.8
2025-06-06 14:00:00,balaghat,DR-BAL-01,Rotary Blast Drill,3376,88.1,4.28,154.2,47.8,65.1,77.3,376,NONE,0,3.69,9.1,-11.8,22.3
2025-06-06 14:00:00,gumgaon,DR-GUM-01,Rotary Blast Drill,1919,77.1,2.38,181.3,40.8,79.0,85.5,419,NONE,0,-0.55,-1.9,2.1,76.0
2025-06-06 14:00:00,tirodi,DR-TIR-01,Rotary Blast Drill,2882,77.3,2.47,157.8,46.1,85.4,82.4,382,NONE,0,-0.35,-1.7,2.4,64.0
2025-06-06 14:00:00,ukwa,DR-UKW-01,Rotary Blast Drill,2342,78.7,2.58,163.1,46.0,78.8,83.8,342,NONE,0,-0.1,-0.3,2.3,70.7
2025-06-06 14:00:00,dongri-buzurg,DR-DON-01,Rotary Blast Drill,2564,73.0,2.13,166.0,44.1,75.4,84.0,64,NONE,0,-1.11,-6.0,-0.6,68.0
2025-06-06 16:00:00,dongri-buzurg,DZ-DON-01,Tracked Bulldozer,2086,85.5,2.16,173.5,40.1,79.9,85.4,86,NONE,0,-1.34,6.0,4.9,71.2
2025-06-06 16:00:00,tirodi,DZ-TIR-01,Tracked Bulldozer,3833,77.0,2.61,157.8,48.6,77.2,79.3,333,NONE,0,-0.39,-2.5,5.3,52.1
2025-06-06 16:00:00,ukwa,DZ-UKW-01,Tracked Bulldozer,3939,80.6,2.66,161.2,48.8,75.3,78.9,439,NONE,0,-0.29,1.1,-0.8,50.3
2025-06-06 16:00:00,balaghat,DZ-BAL-01,Tracked Bulldozer,1924,82.1,2.06,168.2,44.1,82.6,86.1,424,NONE,0,-1.56,2.6,9.3,74.8
2025-06-06 16:00:00,gumgaon,DZ-GUM-01,Tracked Bulldozer,3876,79.0,2.69,159.4,47.7,77.1,79.0,376,NONE,0,-0.22,-0.5,0.1,51.6
2025-06-06 18:00:00,tirodi,LD-TIR-01,Wheel Loader,3161,73.6,2.43,153.3,44.0,77.9,81.7,161,NONE,0,-0.63,-5.3,6.2,60.5
2025-06-06 18:00:00,gumgaon,LD-GUM-01,Wheel Loader,3901,83.0,2.83,160.7,45.9,77.6,78.6,401,NONE,0,0.23,4.1,5.5,47.4
2025-06-06 18:00:00,dongri-buzurg,LD-DON-01,Wheel Loader,1655,76.6,2.09,165.8,43.6,81.9,86.9,155,NONE,0,-1.37,-2.3,2.4,79.3
2025-06-06 18:00:00,balaghat,LD-BAL-01,Wheel Loader,2457,77.5,2.24,166.5,41.0,80.5,84.1,457,NONE,0,-1.04,-1.4,3.2,69.3
2025-06-06 18:00:00,ukwa,LD-UKW-01,Wheel Loader,3615,73.9,2.53,169.2,46.0,74.6,80.1,115,NONE,0,-0.42,-5.0,-1.0,54.8
2025-06-06 20:00:00,tirodi,CR-TIR-01,Primary Jaw Crusher,366,84.8,2.35,171.8,0.0,79.5,90.2,366,NONE,0,-1.8,-1.5,4.0,95.4
2025-06-06 20:00:00,ukwa,CR-UKW-01,Primary Jaw Crusher,1113,87.1,2.76,175.7,0.0,75.2,87.1,113,NONE,0,-1.12,0.8,-2.5,85.7
2025-06-06 20:00:00,balaghat,CR-BAL-01,Primary Jaw Crusher,3464,89.5,4.39,159.6,0.0,74.0,76.8,464,NONE,0,1.59,3.2,6.2,41.7
2025-06-06 20:00:00,gumgaon,CR-GUM-01,Primary Jaw Crusher,3288,84.2,3.41,165.4,0.0,73.6,79.3,288,NONE,0,-0.04,-2.1,1.8,58.9
2025-06-06 20:00:00,dongri-buzurg,CR-DON-01,Primary Jaw Crusher,2258,88.7,3.61,168.8,0.0,73.8,82.0,258,NONE,0,0.29,2.4,4.5,68.2
2025-06-06 22:00:00,tirodi,DP-TIR-01,Heavy Haul Truck (35T),1107,89.4,2.2,173.9,40.7,83.9,88.3,107,NONE,0,-1.18,-2.7,4.8,86.2
2025-06-06 22:00:00,balaghat,DP-BAL-01,Heavy Haul Truck (35T),3799,97.2,3.21,156.0,48.2,69.9,78.2,299,WARN_THERMAL_DRIFT,0,0.5,5.1,-4.8,46.0
2025-06-06 22:00:00,gumgaon,DP-GUM-01,Heavy Haul Truck (35T),3910,87.4,3.34,154.7,46.7,74.0,77.6,410,NONE,0,0.71,-4.7,6.5,45.1
2025-06-06 22:00:00,ukwa,DP-UKW-01,Heavy Haul Truck (35T),3271,90.2,2.85,160.4,46.8,76.1,80.5,271,NONE,0,-0.1,-1.9,4.6,59.1
2025-06-06 22:00:00,dongri-buzurg,DP-DON-01,Heavy Haul Truck (35T),995,90.5,2.01,179.9,40.5,76.7,89.0,495,NONE,0,-1.5,-1.6,-6.8,87.6
2025-06-07 00:00:00,ukwa,DP-UKW-02,Heavy Haul Truck (35T),4059,93.3,3.2,158.0,44.9,74.3,77.4,59,NONE,0,0.48,1.2,2.4,44.6
2025-06-07 00:00:00,tirodi,DP-TIR-02,Heavy Haul Truck (35T),1061,83.2,2.11,162.2,41.8,78.0,88.6,61,NONE,0,-1.33,-8.9,1.5,86.7
2025-06-07 00:00:00,gumgaon,DP-GUM-02,Heavy Haul Truck (35T),2524,92.4,2.89,168.0,44.6,76.7,82.6,24,NONE,0,-0.04,0.3,-1.1,68.3
2025-06-07 00:00:00,balaghat,DP-BAL-02,Heavy Haul Truck (35T),1154,93.0,2.57,177.4,38.3,74.3,87.4,154,NONE,0,-0.57,0.9,-6.0,85.2
2025-06-07 00:00:00,dongri-buzurg,DP-DON-02,Heavy Haul Truck (35T),611,91.8,1.99,170.2,42.3,79.6,90.2,111,NONE,0,-1.53,-0.3,4.0,92.4
2025-06-07 02:00:00,dongri-buzurg,DP-DON-03,Heavy Haul Truck (35T),2961,94.6,3.27,153.8,43.9,70.5,80.6,461,NONE,0,0.6,2.5,-6.0,56.8
2025-06-07 02:00:00,balaghat,DP-BAL-03,Heavy Haul Truck (35T),1590,90.4,2.49,176.9,40.9,76.4,86.2,90,NONE,0,-0.7,-1.7,3.6,80.1
2025-06-07 02:00:00,tirodi,DP-TIR-03,Heavy Haul Truck (35T),2753,92.5,2.61,181.7,42.6,75.5,82.5,253,NONE,0,-0.5,0.4,-0.6,65.4
2025-06-07 02:00:00,ukwa,DP-UKW-03,Heavy Haul Truck (35T),1298,76.4,2.22,171.9,42.1,75.1,87.7,298,NONE,0,-1.15,-15.7,1.5,83.8
2025-06-07 02:00:00,gumgaon,DP-GUM-03,Heavy Haul Truck (35T),2613,88.6,2.93,165.7,44.4,82.3,82.3,113,NONE,0,0.03,-3.5,5.1,67.1
2025-06-07 04:00:00,gumgaon,DP-GUM-04,Heavy Haul Truck (35T),3290,87.4,2.95,164.0,47.7,80.5,80.2,290,NONE,0,0.06,-4.7,3.5,58.4
2025-06-07 04:00:00,balaghat,DP-BAL-04,Heavy Haul Truck (35T),1428,90.5,2.16,170.0,42.1,77.0,87.4,428,NONE,0,-1.25,-1.6,0.6,82.2
2025-06-07 04:00:00,tirodi,DP-TIR-04,Heavy Haul Truck (35T),3983,96.2,3.61,158.9,48.8,77.5,76.8,483,WARN_THERMAL_DRIFT,0,1.16,4.1,4.0,38.5
2025-06-07 04:00:00,ukwa,DP-UKW-04,Heavy Haul Truck (35T),956,99.2,2.55,179.4,38.5,74.1,88.0,456,WARN_THERMAL_DRIFT,0,-0.6,7.1,2.1,84.9
2025-06-07 04:00:00,dongri-buzurg,DP-DON-04,Heavy Haul Truck (35T),1684,86.8,2.23,167.6,41.9,77.4,86.5,184,NONE,0,-1.13,-5.3,-3.5,79.0
2025-06-07 06:00:00,balaghat,EX-BAL-01,Face Shovel Excavator,1395,78.8,2.39,170.7,38.9,77.9,87.0,395,NONE,0,-0.56,-0.9,-6.6,82.6
2025-06-07 06:00:00,ukwa,EX-UKW-01,Face Shovel Excavator,3286,76.7,2.5,164.1,46.3,72.1,81.1,286,NONE,0,-0.38,-3.0,-4.3,58.9
2025-06-07 06:00:00,tirodi,EX-TIR-01,Face Shovel Excavator,405,69.2,2.1,166.5,38.9,77.5,90.6,405,NONE,0,-1.04,-10.5,-1.9,94.9
2025-06-07 06:00:00,gumgaon,EX-GUM-01,Face Shovel Excavator,1790,74.0,2.07,173.3,41.4,73.6,86.5,290,NONE,0,-1.09,-5.7,2.7,77.6
2025-06-07 06:00:00,dongri-buzurg,EX-DON-01,Face Shovel Excavator,4193,85.3,2.73,161.7,45.5,75.9,78.0,193,NONE,0,0.0,5.6,-1.4,45.1
2025-06-07 08:00:00,gumgaon,EX-GUM-02,Face Shovel Excavator,3219,82.5,3.44,168.0,44.7,66.3,79.5,219,NONE,0,1.18,2.8,-6.7,48.5
2025-06-07 08:00:00,dongri-buzurg,EX-DON-02,Face Shovel Excavator,2731,75.6,2.37,163.4,42.4,81.2,83.1,231,NONE,0,-0.59,-4.1,7.7,65.9
2025-06-07 08:00:00,balaghat,EX-BAL-02,Face Shovel Excavator,4074,81.4,4.39,152.6,49.7,66.3,75.0,74,NONE,0,2.75,1.7,-9.6,24.9
2025-06-07 08:00:00,ukwa,EX-UKW-02,Face Shovel Excavator,3129,84.5,3.49,158.6,47.4,67.5,79.6,129,NONE,0,1.26,4.8,-4.8,48.0
2025-06-07 08:00:00,tirodi,EX-TIR-02,Face Shovel Excavator,4218,84.7,3.06,166.1,45.7,71.4,77.2,218,NONE,0,0.55,5.0,1.4,40.4
2025-06-07 10:00:00,tirodi,DR-TIR-01,Rotary Blast Drill,2902,78.5,2.28,153.3,45.5,79.8,82.7,402,NONE,0,-0.77,-0.5,-5.6,63.7
2025-06-07 10:00:00,gumgaon,DR-GUM-01,Rotary Blast Drill,1939,79.1,2.91,170.5,44.1,74.1,84.4,439,NONE,0,0.63,0.1,-4.9,70.4
2025-06-07 10:00:00,ukwa,DR-UKW-01,Rotary Blast Drill,2362,78.5,2.17,171.7,45.4,75.3,84.6,362,NONE,0,-1.02,-0.5,-3.5,70.5
2025-06-07 10:00:00,dongri-buzurg,DR-DON-01,Rotary Blast Drill,2584,80.4,2.48,168.7,45.0,75.7,83.3,84,NONE,0,-0.33,1.4,0.3,67.1
2025-06-07 10:00:00,balaghat,DR-BAL-01,Rotary Blast Drill,3396,83.1,2.46,164.6,45.7,81.4,80.9,396,NONE,0,-0.37,4.1,16.3,55.7
2025-06-07 12:00:00,balaghat,DZ-BAL-01,Tracked Bulldozer,1944,79.9,2.85,165.3,39.7,73.1,84.5,444,NONE,0,0.12,0.4,-9.5,74.5
2025-06-07 12:00:00,gumgaon,DZ-GUM-01,Tracked Bulldozer,3896,88.4,2.87,162.4,45.8,67.0,78.6,396,NONE,0,0.16,8.9,-10.1,45.9
2025-06-07 12:00:00,dongri-buzurg,DZ-DON-01,Tracked Bulldozer,2106,72.9,2.15,173.7,42.1,77.6,85.4,106,NONE,0,-1.37,-6.6,-2.3,73.7
2025-06-07 12:00:00,ukwa,DZ-UKW-01,Tracked Bulldozer,3959,77.0,2.87,167.9,45.5,79.4,78.4,459,NONE,0,0.16,-2.5,4.1,49.2
2025-06-07 12:00:00,tirodi,DZ-TIR-01,Tracked Bulldozer,3853,74.6,2.62,159.4,50.2,81.7,79.2,353,NONE,0,-0.37,-4.9,4.5,51.8
2025-06-07 14:00:00,ukwa,LD-UKW-01,Wheel Loader,3635,77.1,3.69,161.9,45.7,69.1,77.7,135,NONE,0,2.09,-1.8,-5.5,36.8
2025-06-07 14:00:00,balaghat,LD-BAL-01,Wheel Loader,2477,76.8,2.14,169.2,45.4,75.9,84.3,477,NONE,0,-1.26,-2.1,-4.6,69.0
2025-06-07 14:00:00,tirodi,LD-TIR-01,Wheel Loader,3181,80.6,2.5,161.1,46.5,71.7,81.5,181,NONE,0,-0.48,1.7,-6.2,59.5
2025-06-07 14:00:00,dongri-buzurg,LD-DON-01,Wheel Loader,1675,78.3,2.06,173.3,39.4,80.6,86.9,175,NONE,0,-1.43,-0.6,-1.3,79.1
2025-06-07 14:00:00,gumgaon,LD-GUM-01,Wheel Loader,3921,76.9,2.64,156.8,47.4,74.3,79.0,421,NONE,0,-0.18,-2.0,-3.3,51.0
2025-06-07 16:00:00,ukwa,CR-UKW-01,Primary Jaw Crusher,1133,84.9,2.89,180.8,0.0,69.7,86.8,133,NONE,0,-0.9,-1.4,-5.5,85.8
2025-06-07 16:00:00,tirodi,CR-TIR-01,Primary Jaw Crusher,386,82.4,2.35,184.9,0.0,76.7,90.1,386,NONE,0,-1.8,-3.9,-2.8,95.2
2025-06-07 16:00:00,gumgaon,CR-GUM-01,Primary Jaw Crusher,3308,89.1,3.98,160.1,0.0,73.6,78.1,308,NONE,0,0.91,2.8,0.0,49.7
2025-06-07 16:00:00,dongri-buzurg,CR-DON-01,Primary Jaw Crusher,2278,81.1,3.08,167.8,0.0,74.3,83.0,278,NONE,0,-0.59,-5.2,0.5,71.5
2025-06-07 16:00:00,balaghat,CR-BAL-01,Primary Jaw Crusher,3484,87.6,3.8,164.6,0.0,73.0,77.9,484,NONE,0,0.61,1.3,-1.0,50.7
2025-06-07 18:00:00,ukwa,DP-UKW-01,Heavy Haul Truck (35T),3291,90.9,2.93,169.1,48.7,73.7,80.3,291,NONE,0,0.03,-1.2,-2.4,58.6
2025-06-07 18:00:00,tirodi,DP-TIR-01,Heavy Haul Truck (35T),1127,88.3,2.08,175.9,39.2,80.6,88.5,127,NONE,0,-1.38,-3.8,-3.3,85.9
2025-06-07 18:00:00,dongri-buzurg,DP-DON-01,Heavy Haul Truck (35T),1015,90.8,2.08,185.0,37.9,78.7,88.8,15,NONE,0,-1.38,-1.3,2.0,87.3
2025-06-07 18:00:00,balaghat,DP-BAL-01,Heavy Haul Truck (35T),3819,91.5,3.08,161.3,50.1,77.1,78.4,319,NONE,0,0.28,-0.6,7.2,49.9
2025-06-07 18:00:00,gumgaon,DP-GUM-01,Heavy Haul Truck (35T),3930,92.4,3.14,157.8,47.1,73.6,77.9,430,NONE,0,0.38,0.3,-0.4,47.5
2025-06-07 20:00:00,gumgaon,DP-GUM-02,Heavy Haul Truck (35T),2544,85.5,2.86,171.2,43.0,74.3,82.6,44,NONE,0,-0.09,-6.6,-2.4,68.2
2025-06-07 20:00:00,tirodi,DP-TIR-02,Heavy Haul Truck (35T),1081,90.8,2.02,183.4,40.0,75.2,88.7,81,NONE,0,-1.48,-1.3,-2.8,86.5
2025-06-07 20:00:00,balaghat,DP-BAL-02,Heavy Haul Truck (35T),1174,90.3,2.05,174.4,41.0,83.1,88.4,174,NONE,0,-1.43,-1.8,8.8,85.3
2025-06-07 20:00:00,ukwa,DP-UKW-02,Heavy Haul Truck (35T),4079,97.7,3.3,157.9,47.4,68.6,77.2,79,WARN_THERMAL_DRIFT,0,0.65,5.6,-5.7,41.0
2025-06-07 20:00:00,dongri-buzurg,DP-DON-02,Heavy Haul Truck (35T),631,87.6,1.96,183.7,39.8,77.5,90.2,131,NONE,0,-1.58,-4.5,-2.1,92.1
2025-06-07 22:00:00,balaghat,DP-BAL-03,Heavy Haul Truck (35T),1610,93.5,2.42,178.0,44.3,82.6,86.3,110,NONE,0,-0.82,1.4,6.2,79.2
2025-06-07 22:00:00,ukwa,DP-UKW-03,Heavy Haul Truck (35T),1318,92.0,2.62,180.3,42.8,76.6,86.8,318,NONE,0,-0.48,-0.1,1.5,83.5
2025-06-07 22:00:00,dongri-buzurg,DP-DON-03,Heavy Haul Truck (35T),2981,91.3,2.75,158.0,42.5,74.8,81.6,481,NONE,0,-0.27,-0.8,4.3,62.7
2025-06-07 22:00:00,tirodi,DP-TIR-03,Heavy Haul Truck (35T),2773,90.7,3.04,158.9,44.3,79.9,81.6,273,NONE,0,0.21,-1.4,4.4,63.6
2025-06-07 22:00:00,gumgaon,DP-GUM-03,Heavy Haul Truck (35T),2633,88.0,2.59,174.8,43.0,78.8,82.9,133,NONE,0,-0.53,-4.1,-3.5,67.1
2025-06-08 00:00:00,gumgaon,DP-GUM-04,Heavy Haul Truck (35T),3310,89.4,3.19,149.3,47.5,70.8,79.7,310,NONE,0,0.46,-2.7,-9.7,54.7
2025-06-08 00:00:00,ukwa,DP-UKW-04,Heavy Haul Truck (35T),976,91.7,2.05,178.3,39.4,72.6,89.0,476,NONE,0,-1.43,-0.4,-1.5,87.8
2025-06-08 00:00:00,dongri-buzurg,DP-DON-04,Heavy Haul Truck (35T),1704,90.9,2.96,174.4,44.9,74.8,85.0,204,NONE,0,0.08,-1.2,-2.6,78.0
2025-06-08 00:00:00,tirodi,DP-TIR-04,Heavy Haul Truck (35T),4003,93.1,3.16,166.5,47.9,71.0,77.7,3,NONE,0,0.41,1.0,-6.5,46.0
2025-06-08 00:00:00,balaghat,DP-BAL-04,Heavy Haul Truck (35T),1448,88.6,2.14,177.6,42.2,75.9,87.4,448,NONE,0,-1.28,-3.5,-1.1,81.9
2025-06-08 02:00:00,dongri-buzurg,EX-DON-01,Face Shovel Excavator,4213,81.1,2.84,169.1,45.5,71.1,77.7,213,NONE,0,0.19,1.4,-4.8,45.1
2025-06-08 02:00:00,balaghat,EX-BAL-01,Face Shovel Excavator,1415,74.1,1.96,178.1,38.9,73.7,87.8,415,NONE,0,-1.27,-5.6,-4.2,82.3
2025-06-08 02:00:00,tirodi,EX-TIR-01,Face Shovel Excavator,425,71.9,1.39,173.4,40.2,83.6,91.9,425,NONE,0,-2.21,-7.8,6.1,94.7
2025-06-08 02:00:00,ukwa,EX-UKW-01,Face Shovel Excavator,3306,77.0,2.71,165.1,44.5,74.9,80.7,306,NONE,0,-0.03,-2.7,2.8,58.7
2025-06-08 02:00:00,gumgaon,EX-GUM-01,Face Shovel Excavator,1810,76.1,2.89,170.8,44.8,72.9,84.8,310,NONE,0,0.27,-3.6,-0.7,75.1
2025-06-08 04:00:00,gumgaon,EX-GUM-02,Face Shovel Excavator,3239,73.9,2.74,165.3,44.8,76.2,80.8,239,NONE,0,0.02,-5.8,9.9,59.3
2025-06-08 04:00:00,dongri-buzurg,EX-DON-02,Face Shovel Excavator,2751,80.3,2.58,166.3,46.1,76.1,82.6,251,NONE,0,-0.24,0.6,-5.1,65.3
2025-06-08 04:00:00,ukwa,EX-UKW-02,Face Shovel Excavator,3149,77.5,2.44,146.2,43.8,74.7,81.7,149,NONE,0,-0.47,-2.2,7.2,60.6
2025-06-08 04:00:00,tirodi,EX-TIR-02,Face Shovel Excavator,4238,77.1,2.92,146.5,47.4,74.0,77.4,238,NONE,0,0.32,-2.6,2.6,44.3
2025-06-08 04:00:00,balaghat,EX-BAL-02,Face Shovel Excavator,4094,78.7,4.14,161.3,49.7,66.7,75.4,94,NONE,0,2.33,-1.0,0.4,29.0
2025-06-08 06:00:00,tirodi,DR-TIR-01,Rotary Blast Drill,2922,77.1,2.69,159.2,44.8,78.8,81.9,422,NONE,0,0.14,-1.9,-1.0,62.3
2025-06-08 06:00:00,balaghat,DR-BAL-01,Rotary Blast Drill,3416,84.0,3.4,166.6,45.7,77.1,79.0,416,NONE,0,1.73,5.0,-4.3,40.3
2025-06-08 06:00:00,dongri-buzurg,DR-DON-01,Rotary Blast Drill,2604,74.7,2.64,170.6,45.2,72.2,82.9,104,NONE,0,0.03,-4.3,-3.5,67.2
2025-06-08 06:00:00,gumgaon,DR-GUM-01,Rotary Blast Drill,1959,81.2,2.19,169.7,43.3,79.3,85.7,459,NONE,0,-0.97,2.2,5.2,74.5
2025-06-08 06:00:00,ukwa,DR-UKW-01,Rotary Blast Drill,2382,76.9,2.56,167.0,45.0,81.1,83.7,382,NONE,0,-0.15,-2.1,5.8,70.2
2025-06-08 08:00:00,dongri-buzurg,DZ-DON-01,Tracked Bulldozer,2126,81.8,2.04,171.1,43.1,80.7,85.5,126,NONE,0,-1.6,2.3,3.1,72.4
2025-06-08 08:00:00,ukwa,DZ-UKW-01,Tracked Bulldozer,3979,79.6,3.17,162.8,45.7,73.1,77.7,479,NONE,0,0.79,0.1,-6.3,43.5
2025-06-08 08:00:00,balaghat,DZ-BAL-01,Tracked Bulldozer,1964,80.3,2.99,168.8,44.6,69.4,84.1,464,NONE,0,0.41,0.8,-3.7,71.6
2025-06-08 08:00:00,gumgaon,DZ-GUM-01,Tracked Bulldozer,3916,80.7,2.64,161.4,47.9,76.8,79.0,416,NONE,0,-0.33,1.2,9.8,50.5
2025-06-08 08:00:00,tirodi,DZ-TIR-01,Tracked Bulldozer,3873,78.7,2.68,161.7,45.7,74.0,79.0,373,NONE,0,-0.24,-0.8,-7.7,51.6
2025-06-08 10:00:00,dongri-buzurg,LD-DON-01,Wheel Loader,1695,75.3,1.91,165.3,41.0,81.2,87.1,195,NONE,0,-1.76,-3.6,0.6,78.8
2025-06-08 10:00:00,tirodi,LD-TIR-01,Wheel Loader,3201,78.2,2.76,157.2,46.9,79.3,80.9,201,NONE,0,0.08,-0.7,7.6,59.3
2025-06-08 10:00:00,balaghat,LD-BAL-01,Wheel Loader,2497,87.4,3.5,168.9,43.8,73.1,81.5,497,NONE,0,1.68,8.5,-2.8,50.7
2025-06-08 10:00:00,gumgaon,LD-GUM-01,Wheel Loader,3941,77.9,3.2,165.1,48.4,72.9,77.8,441,NONE,0,1.03,-1.0,-1.4,42.0
2025-06-08 10:00:00,ukwa,LD-UKW-01,Wheel Loader,3655,86.9,3.13,164.8,47.9,78.3,78.8,155,NONE,0,0.88,8.0,9.2,43.2
2025-06-08 12:00:00,ukwa,CR-UKW-01,Primary Jaw Crusher,1153,86.6,2.62,167.2,0.0,77.5,87.3,153,NONE,0,-1.35,0.3,7.8,85.5
2025-06-08 12:00:00,balaghat,CR-BAL-01,Primary Jaw Crusher,3504,87.1,3.68,162.2,0.0,72.2,78.1,4,NONE,0,0.41,0.8,-0.8,52.4
2025-06-08 12:00:00,dongri-buzurg,CR-DON-01,Primary Jaw Crusher,2298,86.2,3.78,169.8,0.0,69.7,81.5,298,NONE,0,0.57,-0.1,-4.6,66.4
2025-06-08 12:00:00,tirodi,CR-TIR-01,Primary Jaw Crusher,406,86.0,2.67,171.6,0.0,76.3,89.4,406,NONE,0,-1.27,-0.3,-0.4,94.9
2025-06-08 12:00:00,gumgaon,CR-GUM-01,Primary Jaw Crusher,3328,86.8,4.32,165.0,0.0,65.6,77.4,328,NONE,0,1.47,0.5,-8.0,45.7
2025-06-08 14:00:00,tirodi,DP-TIR-01,Heavy Haul Truck (35T),1147,85.9,2.24,177.6,43.0,73.4,88.1,147,NONE,0,-1.12,-6.2,-7.2,85.7
2025-06-08 14:00:00,dongri-buzurg,DP-DON-01,Heavy Haul Truck (35T),1035,89.1,2.23,170.8,39.2,79.0,88.4,35,NONE,0,-1.13,-3.0,0.3,87.1
2025-06-08 14:00:00,ukwa,DP-UKW-01,Heavy Haul Truck (35T),3311,95.2,2.92,168.5,44.8,76.8,80.2,311,WARN_THERMAL_DRIFT,0,0.01,3.1,3.1,57.1
2025-06-08 14:00:00,gumgaon,DP-GUM-01,Heavy Haul Truck (35T),3950,94.5,3.98,164.1,46.3,73.5,76.2,450,NONE,0,1.78,2.4,-0.1,34.4
2025-06-08 14:00:00,balaghat,DP-BAL-01,Heavy Haul Truck (35T),3839,107.3,6.25,160.8,48.8,60.0,72.0,339,ERR_HYDRAULIC_BURST,1,5.55,15.2,-17.1,20.0
2025-06-08 16:00:00,gumgaon,DP-GUM-02,Heavy Haul Truck (35T),2564,90.3,2.6,175.3,42.5,75.0,83.1,64,NONE,0,-0.52,-1.8,0.7,68.0
2025-06-08 16:00:00,balaghat,DP-BAL-02,Heavy Haul Truck (35T),1194,90.6,2.79,166.0,38.6,75.8,86.8,194,NONE,0,-0.2,-1.5,-7.3,85.1
2025-06-08 16:00:00,ukwa,DP-UKW-02,Heavy Haul Truck (35T),4099,92.3,3.09,162.2,45.5,78.8,77.5,99,NONE,0,0.3,0.2,10.2,46.1
2025-06-08 16:00:00,dongri-buzurg,DP-DON-02,Heavy Haul Truck (35T),651,83.9,2.04,168.7,41.1,73.2,90.0,151,NONE,0,-1.45,-8.2,-4.3,91.9
2025-06-08 16:00:00,tirodi,DP-TIR-02,Heavy Haul Truck (35T),1101,94.6,4.72,182.9,39.0,66.3,83.3,101,WARN_HARMONIC_VIB,0,3.0,2.5,-8.9,59.6
2025-06-08 18:00:00,gumgaon,DP-GUM-03,Heavy Haul Truck (35T),2653,91.8,2.71,160.9,47.3,75.5,82.6,153,NONE,0,-0.33,-0.3,-3.3,66.8
2025-06-08 18:00:00,tirodi,DP-TIR-03,Heavy Haul Truck (35T),2793,85.8,2.79,164.9,43.9,77.6,82.0,293,NONE,0,-0.2,-6.3,-2.3,65.1
2025-06-08 18:00:00,ukwa,DP-UKW-03,Heavy Haul Truck (35T),1338,89.0,2.18,168.8,44.2,75.8,87.6,338,NONE,0,-1.22,-3.1,-0.8,83.3
2025-06-08 18:00:00,dongri-buzurg,DP-DON-03,Heavy Haul Truck (35T),3001,97.4,3.3,167.0,44.4,68.4,80.4,1,WARN_THERMAL_DRIFT,0,0.65,5.3,-6.4,54.6
2025-06-08 18:00:00,balaghat,DP-BAL-03,Heavy Haul Truck (35T),1630,91.4,2.29,177.2,41.1,82.3,86.5,130,NONE,0,-1.03,-0.7,-0.3,79.6
2025-06-08 20:00:00,ukwa,DP-UKW-04,Heavy Haul Truck (35T),996,91.2,2.05,175.7,38.3,78.0,88.9,496,NONE,0,-1.43,-0.9,5.4,87.6
2025-06-08 20:00:00,dongri-buzurg,DP-DON-04,Heavy Haul Truck (35T),1724,88.6,2.65,168.4,44.6,76.1,85.5,224,NONE,0,-0.43,-3.5,1.3,78.4
2025-06-08 20:00:00,balaghat,DP-BAL-04,Heavy Haul Truck (35T),1468,90.0,2.18,182.9,43.2,81.7,87.2,468,NONE,0,-1.22,-2.1,5.8,81.6
2025-06-08 20:00:00,tirodi,DP-TIR-04,Heavy Haul Truck (35T),4023,95.2,3.24,164.9,48.3,76.5,77.5,23,WARN_THERMAL_DRIFT,0,0.55,3.1,5.5,43.6
2025-06-08 20:00:00,gumgaon,DP-GUM-04,Heavy Haul Truck (35T),3330,91.1,2.89,161.5,47.6,80.0,80.2,330,NONE,0,-0.04,-1.0,9.2,58.4
2025-06-08 22:00:00,ukwa,EX-UKW-01,Face Shovel Excavator,3326,80.9,2.8,166.1,45.0,73.4,80.4,326,NONE,0,0.12,1.2,-1.5,56.9
2025-06-08 22:00:00,dongri-buzurg,EX-DON-01,Face Shovel Excavator,4233,76.5,2.82,159.9,46.9,74.7,77.7,233,NONE,0,0.15,-3.2,3.6,45.8
2025-06-08 22:00:00,gumgaon,EX-GUM-01,Face Shovel Excavator,1830,69.2,1.87,170.6,44.3,78.1,86.8,330,NONE,0,-1.42,-10.5,5.2,77.1
2025-06-08 22:00:00,tirodi,EX-TIR-01,Face Shovel Excavator,445,71.9,1.38,178.0,38.5,85.1,91.9,445,NONE,0,-2.23,-7.8,1.5,94.4
2025-06-08 22:00:00,balaghat,EX-BAL-01,Face Shovel Excavator,1435,76.8,2.04,178.0,40.9,79.3,87.6,435,NONE,0,-1.14,-2.9,5.6,82.1
2025-06-09 00:00:00,dongri-buzurg,EX-DON-02,Face Shovel Excavator,2771,76.9,3.4,176.1,45.1,77.6,80.9,271,NONE,0,1.11,-2.8,1.5,55.9
2025-06-09 00:00:00,ukwa,EX-UKW-02,Face Shovel Excavator,3169,82.9,2.42,162.3,45.4,77.6,81.7,169,NONE,0,-0.51,3.2,2.9,58.9
2025-06-09 00:00:00,gumgaon,EX-GUM-02,Face Shovel Excavator,3259,81.9,3.24,159.4,48.3,76.8,79.7,259,NONE,0,0.85,2.2,0.6,51.0
2025-06-09 00:00:00,balaghat,EX-BAL-02,Face Shovel Excavator,4114,84.7,2.74,163.8,46.2,78.8,78.2,114,NONE,0,0.02,5.0,12.1,46.2
2025-06-09 00:00:00,tirodi,EX-TIR-02,Face Shovel Excavator,4258,80.1,3.01,164.0,47.3,73.9,77.2,258,NONE,0,0.47,0.4,-0.1,42.6
2025-06-09 02:00:00,balaghat,DR-BAL-01,Rotary Blast Drill,3436,72.9,2.64,167.3,45.3,75.7,80.4,436,NONE,0,0.03,-6.1,-1.4,56.8
2025-06-09 02:00:00,tirodi,DR-TIR-01,Rotary Blast Drill,2942,74.8,2.53,173.6,44.6,73.9,82.1,442,NONE,0,-0.21,-4.2,-4.9,63.2
2025-06-09 02:00:00,gumgaon,DR-GUM-01,Rotary Blast Drill,1979,74.9,1.97,170.9,41.9,80.4,86.1,479,NONE,0,-1.46,-4.1,1.1,75.3
2025-06-09 02:00:00,ukwa,DR-UKW-01,Rotary Blast Drill,2402,77.6,2.27,160.3,43.1,81.8,84.3,402,NONE,0,-0.79,-1.4,0.7,70.0
2025-06-09 02:00:00,dongri-buzurg,DR-DON-01,Rotary Blast Drill,2624,77.9,2.28,170.8,47.0,76.9,83.6,124,NONE,0,-0.77,-1.1,4.7,67.2
2025-06-09 04:00:00,ukwa,DZ-UKW-01,Tracked Bulldozer,3999,81.3,3.12,163.6,49.2,72.7,77.8,499,NONE,0,0.69,1.8,-0.4,43.3
2025-06-09 04:00:00,tirodi,DZ-TIR-01,Tracked Bulldozer,3893,88.8,3.9,162.6,45.0,65.5,76.5,393,NONE,0,2.34,9.3,-8.5,27.3
2025-06-09 04:00:00,balaghat,DZ-BAL-01,Tracked Bulldozer,1984,75.5,2.2,176.8,43.5,73.0,85.6,484,NONE,0,-1.26,-4.0,3.6,75.2
2025-06-09 04:00:00,dongri-buzurg,DZ-DON-01,Tracked Bulldozer,2146,85.0,2.86,167.2,43.0,70.8,83.8,146,NONE,0,0.14,5.5,-9.9,69.5
2025-06-09 04:00:00,gumgaon,DZ-GUM-01,Tracked Bulldozer,3936,80.5,3.73,154.2,48.7,73.0,76.7,436,NONE,0,1.98,1.0,-3.8,33.5
2025-06-09 06:00:00,dongri-buzurg,LD-DON-01,Wheel Loader,1715,77.1,2.18,168.7,44.2,75.1,86.5,215,NONE,0,-1.17,-1.8,-6.1,78.6
2025-06-09 06:00:00,balaghat,LD-BAL-01,Wheel Loader,2517,77.7,2.35,167.4,43.0,78.6,83.7,17,NONE,0,-0.81,-1.2,5.5,68.5
2025-06-09 06:00:00,gumgaon,LD-GUM-01,Wheel Loader,3961,79.2,3.16,159.4,46.2,71.9,77.8,461,NONE,0,0.95,0.3,-1.0,42.3
2025-06-09 06:00:00,tirodi,LD-TIR-01,Wheel Loader,3221,75.7,2.7,167.1,46.0,72.6,80.9,221,NONE,0,-0.05,-3.2,-6.7,59.7
2025-06-09 06:00:00,ukwa,LD-UKW-01,Wheel Loader,3675,79.1,2.64,159.9,45.4,76.2,79.7,175,NONE,0,-0.18,0.2,-2.1,54.0
2025-06-09 08:00:00,tirodi,CR-TIR-01,Primary Jaw Crusher,426,87.1,3.07,178.3,0.0,68.9,88.6,426,NONE,0,-0.6,0.8,-7.4,94.3
2025-06-09 08:00:00,dongri-buzurg,CR-DON-01,Primary Jaw Crusher,2318,85.2,3.13,172.0,0.0,77.7,82.8,318,NONE,0,-0.5,-1.1,8.0,71.0
2025-06-09 08:00:00,balaghat,CR-BAL-01,Primary Jaw Crusher,3524,87.8,3.87,162.0,0.0,67.3,77.7,24,NONE,0,0.72,1.5,-4.9,49.2
2025-06-09 08:00:00,ukwa,CR-UKW-01,Primary Jaw Crusher,1173,86.9,2.91,174.8,0.0,71.7,86.7,173,NONE,0,-0.87,0.6,-5.8,85.1
2025-06-09 08:00:00,gumgaon,CR-GUM-01,Primary Jaw Crusher,3348,91.2,3.55,160.8,0.0,75.2,78.9,348,NONE,0,0.19,4.9,9.6,54.3
2025-06-09 10:00:00,ukwa,DP-UKW-01,Heavy Haul Truck (35T),3331,102.5,3.86,160.2,43.8,72.4,78.3,331,WARN_THERMAL_DRIFT,0,1.58,10.4,-4.4,40.3
2025-06-09 10:00:00,dongri-buzurg,DP-DON-01,Heavy Haul Truck (35T),1055,90.0,2.7,180.9,42.2,72.6,87.4,55,NONE,0,-0.35,-2.1,-6.4,86.8
2025-06-09 10:00:00,tirodi,DP-TIR-01,Heavy Haul Truck (35T),1167,87.0,2.39,175.4,42.7,74.6,87.7,167,NONE,0,-0.87,-5.1,1.2,85.4
2025-06-09 10:00:00,gumgaon,DP-GUM-01,Heavy Haul Truck (35T),3970,92.4,3.11,165.9,46.9,71.7,77.9,470,NONE,0,0.33,0.3,-1.8,47.4
2025-06-09 10:00:00,balaghat,DP-BAL-01,Heavy Haul Truck (35T),3859,95.0,3.16,160.4,48.3,76.6,78.1,359,NONE,0,0.41,2.9,16.6,47.0
2025-06-09 12:00:00,ukwa,DP-UKW-02,Heavy Haul Truck (35T),4119,99.8,3.53,160.9,49.3,69.1,76.6,119,WARN_THERMAL_DRIFT,0,1.03,7.7,-9.7,36.3
2025-06-09 12:00:00,dongri-buzurg,DP-DON-02,Heavy Haul Truck (35T),671,83.3,2.27,178.2,39.2,79.9,89.4,171,NONE,0,-1.07,-8.8,6.7,91.6
2025-06-09 12:00:00,tirodi,DP-TIR-02,Heavy Haul Truck (35T),1121,91.6,2.14,171.0,38.0,78.7,88.4,121,NONE,0,-1.28,-0.5,12.4,86.0
2025-06-09 12:00:00,balaghat,DP-BAL-02,Heavy Haul Truck (35T),1214,87.0,2.11,170.0,39.0,74.2,88.1,214,NONE,0,-1.33,-5.1,-1.6,84.8
2025-06-09 12:00:00,gumgaon,DP-GUM-02,Heavy Haul Truck (35T),2584,97.9,2.91,165.2,42.6,74.5,82.4,84,WARN_THERMAL_DRIFT,0,-0.0,5.8,-0.5,65.1
2025-06-09 14:00:00,ukwa,DP-UKW-03,Heavy Haul Truck (35T),1358,92.0,2.79,177.3,44.0,73.3,86.3,358,NONE,0,-0.2,-0.1,-2.5,83.0
2025-06-09 14:00:00,gumgaon,DP-GUM-03,Heavy Haul Truck (35T),2673,90.7,2.82,164.4,43.8,72.2,82.3,173,NONE,0,-0.15,-1.4,-3.3,66.6
2025-06-09 14:00:00,tirodi,DP-TIR-03,Heavy Haul Truck (35T),2813,84.2,2.94,161.7,45.4,78.7,81.7,313,NONE,0,0.05,-7.9,1.1,64.4
2025-06-09 14:00:00,dongri-buzurg,DP-DON-03,Heavy Haul Truck (35T),3021,82.4,2.71,159.5,43.6,72.5,81.5,21,NONE,0,-0.33,-9.7,4.1,62.2
2025-06-09 14:00:00,balaghat,DP-BAL-03,Heavy Haul Truck (35T),1650,89.3,2.38,181.6,39.2,77.4,86.3,150,NONE,0,-0.88,-2.8,-4.9,79.4
2025-06-09 16:00:00,gumgaon,DP-GUM-04,Heavy Haul Truck (35T),3350,95.2,2.83,164.3,44.0,80.3,80.3,350,WARN_THERMAL_DRIFT,0,-0.14,3.1,0.3,56.7
2025-06-09 16:00:00,balaghat,DP-BAL-04,Heavy Haul Truck (35T),1488,89.2,2.78,173.6,43.8,78.0,86.0,488,NONE,0,-0.22,-2.9,-3.7,81.4
2025-06-09 16:00:00,ukwa,DP-UKW-04,Heavy Haul Truck (35T),1016,86.9,2.44,186.5,39.6,80.9,88.1,16,NONE,0,-0.78,-5.2,2.9,87.3
2025-06-09 16:00:00,tirodi,DP-TIR-04,Heavy Haul Truck (35T),4043,101.6,3.41,163.3,46.3,72.7,77.1,43,WARN_THERMAL_DRIFT,0,0.83,9.5,-3.8,38.1
2025-06-09 16:00:00,dongri-buzurg,DP-DON-04,Heavy Haul Truck (35T),1744,91.7,2.23,165.5,43.6,77.2,86.3,244,NONE,0,-1.13,-0.4,1.1,78.2
2025-06-09 18:00:00,ukwa,EX-UKW-01,Face Shovel Excavator,3346,75.5,2.96,158.1,46.0,76.5,80.0,346,NONE,0,0.38,-4.2,3.1,54.9
2025-06-09 18:00:00,gumgaon,EX-GUM-01,Face Shovel Excavator,1850,80.2,2.08,167.1,42.5,83.6,86.3,350,NONE,0,-1.07,0.5,5.5,76.6
2025-06-09 18:00:00,balaghat,EX-BAL-01,Face Shovel Excavator,1455,75.4,2.28,170.1,40.7,76.0,87.1,455,NONE,0,-0.74,-4.3,-3.3,81.8
2025-06-09 18:00:00,tirodi,EX-TIR-01,Face Shovel Excavator,465,71.4,2.1,182.5,38.2,80.6,90.4,465,NONE,0,-1.04,-8.3,-4.5,94.2
2025-06-09 18:00:00,dongri-buzurg,EX-DON-01,Face Shovel Excavator,4253,84.1,2.88,164.7,50.1,72.1,77.5,253,NONE,0,0.25,4.4,-2.6,42.7
2025-06-09 20:00:00,gumgaon,EX-GUM-02,Face Shovel Excavator,3279,81.7,2.38,170.0,43.1,77.8,81.4,279,NONE,0,-0.57,2.0,1.0,58.1
2025-06-09 20:00:00,dongri-buzurg,EX-DON-02,Face Shovel Excavator,2791,80.3,2.28,164.8,46.5,82.1,83.1,291,NONE,0,-0.74,0.6,4.5,64.8
2025-06-09 20:00:00,balaghat,EX-BAL-02,Face Shovel Excavator,4134,75.1,2.95,166.2,47.7,77.3,77.7,134,NONE,0,0.37,-4.6,-1.5,45.2
2025-06-09 20:00:00,ukwa,EX-UKW-02,Face Shovel Excavator,3189,89.6,2.98,155.4,47.3,71.7,80.5,189,NONE,0,0.42,9.9,-5.9,52.1
2025-06-09 20:00:00,tirodi,EX-TIR-02,Face Shovel Excavator,4278,76.1,2.95,156.5,45.6,75.1,77.3,278,NONE,0,0.37,-3.6,1.2,43.4
2025-06-09 22:00:00,ukwa,DR-UKW-01,Rotary Blast Drill,2422,86.6,2.98,166.4,45.2,75.9,82.8,422,NONE,0,0.79,7.6,-5.9,59.6
2025-06-09 22:00:00,tirodi,DR-TIR-01,Rotary Blast Drill,2962,77.9,2.34,168.7,46.3,75.9,82.4,462,NONE,0,-0.64,-1.1,2.0,63.0
2025-06-09 22:00:00,dongri-buzurg,DR-DON-01,Rotary Blast Drill,2644,72.8,2.58,167.2,45.6,74.0,82.9,144,NONE,0,-0.1,-6.2,-2.9,67.0
2025-06-09 22:00:00,gumgaon,DR-GUM-01,Rotary Blast Drill,1999,76.8,2.14,174.5,44.1,78.4,85.7,499,NONE,0,-1.08,-2.2,-2.0,75.0
2025-06-09 22:00:00,balaghat,DR-BAL-01,Rotary Blast Drill,3456,78.6,3.35,178.1,43.9,76.3,78.9,456,NONE,0,1.62,-0.4,0.6,43.0
2025-06-10 00:00:00,balaghat,DZ-BAL-01,Tracked Bulldozer,2004,71.4,2.16,171.0,41.4,77.7,85.7,4,NONE,0,-1.34,-8.1,4.7,75.0
2025-06-10 00:00:00,ukwa,DZ-UKW-01,Tracked Bulldozer,4019,85.5,3.31,154.8,45.3,76.4,77.3,19,NONE,0,1.09,6.0,3.7,37.8
2025-06-10 00:00:00,gumgaon,DZ-GUM-01,Tracked Bulldozer,3956,81.8,2.97,161.8,47.2,67.6,78.2,456,NONE,0,0.37,2.3,-5.4,46.4
2025-06-10 00:00:00,tirodi,DZ-TIR-01,Tracked Bulldozer,3913,89.9,3.77,155.6,47.2,68.6,76.7,413,NONE,0,2.07,10.4,3.1,28.8
2025-06-10 00:00:00,dongri-buzurg,DZ-DON-01,Tracked Bulldozer,2166,78.1,2.05,176.2,45.9,74.0,85.4,166,NONE,0,-1.58,-1.4,3.2,72.9
2025-06-10 02:00:00,balaghat,LD-BAL-01,Wheel Loader,2537,77.4,2.27,164.1,41.8,74.5,83.8,37,NONE,0,-0.98,-1.5,-4.1,68.3
2025-06-10 02:00:00,dongri-buzurg,LD-DON-01,Wheel Loader,1735,80.6,2.33,169.4,42.2,78.3,86.1,235,NONE,0,-0.85,1.7,3.2,77.5
2025-06-10 02:00:00,tirodi,LD-TIR-01,Wheel Loader,3241,85.7,2.45,180.0,47.6,79.7,81.4,241,NONE,0,-0.59,6.8,7.1,56.4
2025-06-10 02:00:00,gumgaon,LD-GUM-01,Wheel Loader,3981,83.0,3.99,157.5,49.7,70.8,76.1,481,NONE,0,2.74,4.1,-1.1,25.1
2025-06-10 02:00:00,ukwa,LD-UKW-01,Wheel Loader,3695,78.3,2.71,162.1,47.7,83.6,79.5,195,NONE,0,-0.03,-0.6,7.4,53.8
2025-06-10 04:00:00,ukwa,CR-UKW-01,Primary Jaw Crusher,1193,89.5,4.07,170.8,0.0,69.5,84.3,193,NONE,0,1.06,3.2,-2.2,74.6
2025-06-10 04:00:00,balaghat,CR-BAL-01,Primary Jaw Crusher,3544,96.2,4.36,166.7,0.0,68.4,76.6,44,WARN_THERMAL_DRIFT,0,1.54,9.9,1.1,38.2
2025-06-10 04:00:00,gumgaon,CR-GUM-01,Primary Jaw Crusher,3368,87.7,3.67,159.4,0.0,74.5,78.6,368,NONE,0,0.39,1.4,-0.7,54.0
2025-06-10 04:00:00,dongri-buzurg,CR-DON-01,Primary Jaw Crusher,2338,88.1,3.33,167.4,0.0,74.6,82.3,338,NONE,0,-0.17,1.8,-3.1,70.0
2025-06-10 04:00:00,tirodi,CR-TIR-01,Primary Jaw Crusher,446,81.4,2.89,179.4,0.0,75.0,88.9,446,NONE,0,-0.9,-4.9,6.1,94.4
2025-06-10 06:00:00,dongri-buzurg,DP-DON-01,Heavy Haul Truck (35T),1075,93.6,2.49,178.7,41.7,76.6,87.8,75,NONE,0,-0.7,1.5,4.0,85.9
2025-06-10 06:00:00,tirodi,DP-TIR-01,Heavy Haul Truck (35T),1187,98.6,2.93,177.5,38.7,68.4,86.6,187,WARN_THERMAL_DRIFT,0,0.03,6.5,-6.2,82.0
2025-06-10 06:00:00,balaghat,DP-BAL-01,Heavy Haul Truck (35T),3879,97.9,3.03,172.5,48.8,77.4,78.3,379,WARN_THERMAL_DRIFT,0,0.2,5.8,0.8,47.2
2025-06-10 06:00:00,ukwa,DP-UKW-01,Heavy Haul Truck (35T),3351,95.9,2.84,153.7,44.0,77.3,80.3,351,WARN_THERMAL_DRIFT,0,-0.12,3.8,4.9,56.4
2025-06-10 06:00:00,gumgaon,DP-GUM-01,Heavy Haul Truck (35T),3990,92.4,3.13,161.2,44.9,77.7,77.8,490,NONE,0,0.36,0.3,6.0,46.9
2025-06-10 08:00:00,ukwa,DP-UKW-02,Heavy Haul Truck (35T),4139,98.8,3.85,159.5,49.8,66.7,75.9,139,WARN_THERMAL_DRIFT,0,1.56,6.7,-2.4,32.0
2025-06-10 08:00:00,gumgaon,DP-GUM-02,Heavy Haul Truck (35T),2604,90.2,3.97,167.5,44.1,68.8,80.2,104,NONE,0,1.76,-1.9,-5.7,52.5
2025-06-10 08:00:00,tirodi,DP-TIR-02,Heavy Haul Truck (35T),1141,96.5,2.56,177.4,43.2,79.5,87.5,141,WARN_THERMAL_DRIFT,0,-0.58,4.4,0.8,83.8
2025-06-10 08:00:00,dongri-buzurg,DP-DON-02,Heavy Haul Truck (35T),691,88.5,2.37,179.9,41.5,75.7,89.2,191,NONE,0,-0.9,-3.6,-4.2,91.4
2025-06-10 08:00:00,balaghat,DP-BAL-02,Heavy Haul Truck (35T),1234,88.2,2.27,170.5,40.1,80.6,87.8,234,NONE,0,-1.07,-3.9,6.4,84.6
2025-06-10 10:00:00,tirodi,DP-TIR-03,Heavy Haul Truck (35T),2833,96.1,2.82,175.8,44.3,76.5,81.9,333,WARN_THERMAL_DRIFT,0,-0.15,4.0,-2.2,62.8
2025-06-10 10:00:00,dongri-buzurg,DP-DON-03,Heavy Haul Truck (35T),3041,88.2,2.86,170.1,45.7,77.9,81.2,41,NONE,0,-0.09,-3.9,5.4,62.0
2025-06-10 10:00:00,balaghat,DP-BAL-03,Heavy Haul Truck (35T),1670,96.7,2.38,171.8,40.4,77.7,86.2,170,WARN_THERMAL_DRIFT,0,-0.88,4.6,0.3,77.1
2025-06-10 10:00:00,gumgaon,DP-GUM-03,Heavy Haul Truck (35T),2693,94.0,2.66,164.6,46.1,73.9,82.6,193,NONE,0,-0.42,1.9,1.7,65.5
2025-06-10 10:00:00,ukwa,DP-UKW-03,Heavy Haul Truck (35T),1378,91.7,3.06,170.4,41.4,71.7,85.7,378,NONE,0,0.25,-0.4,-1.6,80.6
2025-06-10 12:00:00,gumgaon,DP-GUM-04,Heavy Haul Truck (35T),3370,90.8,3.07,160.7,45.1,73.7,79.8,370,NONE,0,0.26,-1.3,-6.6,55.7
2025-06-10 12:00:00,ukwa,DP-UKW-04,Heavy Haul Truck (35T),1036,90.4,2.1,168.2,38.0,78.1,88.7,36,NONE,0,-1.35,-1.7,-2.8,87.0
2025-06-10 12:00:00,dongri-buzurg,DP-DON-04,Heavy Haul Truck (35T),1764,86.0,3.41,170.8,40.2,74.7,83.9,264,NONE,0,0.83,-6.1,-2.5,70.9
2025-06-10 12:00:00,balaghat,DP-BAL-04,Heavy Haul Truck (35T),1508,87.6,2.19,169.3,39.6,76.4,87.1,8,NONE,0,-1.2,-4.5,-1.6,81.2
2025-06-10 12:00:00,tirodi,DP-TIR-04,Heavy Haul Truck (35T),4063,92.3,3.59,159.9,45.9,73.3,76.6,63,NONE,0,1.13,0.2,0.6,39.5
2025-06-10 14:00:00,ukwa,EX-UKW-01,Face Shovel Excavator,3366,78.3,2.92,152.7,46.5,79.3,80.1,366,NONE,0,0.32,-1.4,2.8,55.2
2025-06-10 14:00:00,balaghat,EX-BAL-01,Face Shovel Excavator,1475,72.6,1.81,160.1,44.4,81.9,88.0,475,NONE,0,-1.52,-7.1,5.9,81.6
2025-06-10 14:00:00,tirodi,EX-TIR-01,Face Shovel Excavator,485,80.2,2.28,172.6,39.6,79.3,90.0,485,NONE,0,-0.74,0.5,-1.3,93.7
2025-06-10 14:00:00,dongri-buzurg,EX-DON-01,Face Shovel Excavator,4273,83.3,2.93,158.3,46.7,76.2,77.3,273,NONE,0,0.33,3.6,4.1,42.2
2025-06-10 14:00:00,gumgaon,EX-GUM-01,Face Shovel Excavator,1870,85.1,3.65,164.0,44.8,71.4,83.1,370,NONE,0,1.52,5.4,-12.2,61.3
2025-06-10 16:00:00,tirodi,EX-TIR-02,Face Shovel Excavator,4298,87.5,3.68,152.4,46.4,66.9,75.7,298,NONE,0,1.57,7.8,-8.2,29.4
2025-06-10 16:00:00,balaghat,EX-BAL-02,Face Shovel Excavator,4154,80.9,2.74,158.8,50.2,73.9,78.1,154,NONE,0,0.02,1.2,-3.4,47.4
2025-06-10 16:00:00,dongri-buzurg,EX-DON-02,Face Shovel Excavator,2811,80.0,2.7,172.5,47.5,75.9,82.2,311,NONE,0,-0.05,0.3,-6.2,64.7
2025-06-10 16:00:00,gumgaon,EX-GUM-02,Face Shovel Excavator,3299,75.6,2.63,168.4,44.0,74.7,80.8,299,NONE,0,-0.16,-4.1,-3.1,58.8
2025-06-10 16:00:00,ukwa,EX-UKW-02,Face Shovel Excavator,3209,81.2,2.54,165.6,47.5,74.8,81.3,209,NONE,0,-0.31,1.5,3.1,59.2
2025-06-10 18:00:00,gumgaon,DR-GUM-01,Rotary Blast Drill,2019,78.4,2.18,163.4,40.0,84.0,85.6,19,NONE,0,-0.99,-0.6,5.6,74.8
2025-06-10 18:00:00,dongri-buzurg,DR-DON-01,Rotary Blast Drill,2664,76.9,2.67,165.5,46.2,76.8,82.7,164,NONE,0,0.1,-2.1,2.8,65.9
2025-06-10 18:00:00,tirodi,DR-TIR-01,Rotary Blast Drill,2982,82.0,2.37,160.4,47.6,75.7,82.3,482,NONE,0,-0.57,3.0,-0.2,61.4
2025-06-10 18:00:00,balaghat,DR-BAL-01,Rotary Blast Drill,3476,81.3,2.53,165.3,46.7,77.2,80.5,476,NONE,0,-0.21,2.3,0.9,55.5
2025-06-10 18:00:00,ukwa,DR-UKW-01,Rotary Blast Drill,2442,75.7,2.58,172.7,41.5,79.2,83.5,442,NONE,0,-0.1,-3.3,3.3,69.5
2025-06-10 20:00:00,tirodi,DZ-TIR-01,Tracked Bulldozer,3933,78.7,2.82,152.4,46.4,78.6,78.6,433,NONE,0,0.05,-0.8,10.0,50.4
2025-06-10 20:00:00,balaghat,DZ-BAL-01,Tracked Bulldozer,2024,80.8,2.27,166.1,41.0,75.5,85.4,24,NONE,0,-1.11,1.3,-2.2,74.1
2025-06-10 20:00:00,dongri-buzurg,DZ-DON-01,Tracked Bulldozer,2186,74.2,2.31,167.7,45.4,76.2,84.8,186,NONE,0,-1.03,-5.3,2.2,72.7
2025-06-10 20:00:00,ukwa,DZ-UKW-01,Tracked Bulldozer,4039,84.5,3.16,162.3,44.9,73.6,77.6,39,NONE,0,0.77,5.0,-2.8,40.7
2025-06-10 20:00:00,gumgaon,DZ-GUM-01,Tracked Bulldozer,3976,81.0,3.24,164.8,47.8,66.3,77.6,476,NONE,0,0.94,1.5,-1.3,41.6
2025-06-10 22:00:00,dongri-buzurg,LD-DON-01,Wheel Loader,1755,73.3,1.97,173.1,44.0,81.6,86.8,255,NONE,0,-1.63,-5.6,3.3,78.1
2025-06-10 22:00:00,ukwa,LD-UKW-01,Wheel Loader,3715,78.1,2.6,165.5,46.3,76.6,79.7,215,NONE,0,-0.26,-0.8,-7.0,53.6
2025-06-10 22:00:00,tirodi,LD-TIR-01,Wheel Loader,3261,78.7,2.71,166.1,45.9,73.2,80.8,261,NONE,0,-0.03,-0.2,-6.5,59.2
2025-06-10 22:00:00,balaghat,LD-BAL-01,Wheel Loader,2557,71.8,2.4,164.9,44.8,76.3,83.5,57,NONE,0,-0.7,-7.1,1.8,68.0
2025-06-10 22:00:00,gumgaon,LD-GUM-01,Wheel Loader,4001,81.0,3.51,158.5,48.3,74.4,77.0,1,NONE,0,1.7,2.1,3.6,34.6
2025-06-11 00:00:00,dongri-buzurg,CR-DON-01,Primary Jaw Crusher,2358,89.2,3.16,177.9,0.0,74.0,82.6,358,NONE,0,-0.45,2.9,-0.6,69.2
2025-06-11 00:00:00,ukwa,CR-UKW-01,Primary Jaw Crusher,1213,82.7,3.38,184.9,0.0,67.7,85.6,213,NONE,0,-0.09,-3.6,-1.8,84.8
2025-06-11 00:00:00,tirodi,CR-TIR-01,Primary Jaw Crusher,466,83.2,2.79,182.5,0.0,76.2,89.0,466,NONE,0,-1.07,-3.1,1.2,94.2
2025-06-11 00:00:00,balaghat,CR-BAL-01,Primary Jaw Crusher,3564,83.2,3.62,163.5,0.0,80.1,78.1,64,NONE,0,0.31,-3.1,11.7,52.8
2025-06-11 00:00:00,gumgaon,CR-GUM-01,Primary Jaw Crusher,3388,90.8,4.47,165.9,0.0,62.7,76.9,388,NONE,0,1.72,4.5,-11.8,41.0
2025-06-11 02:00:00,dongri-buzurg,DP-DON-01,Heavy Haul Truck (35T),1095,86.7,2.13,169.4,41.4,74.4,88.5,95,NONE,0,-1.3,-5.4,-2.2,86.3
2025-06-11 02:00:00,tirodi,DP-TIR-01,Heavy Haul Truck (35T),1207,91.1,2.3,165.8,43.8,80.6,87.8,207,NONE,0,-1.02,-1.0,12.2,84.9
2025-06-11 02:00:00,balaghat,DP-BAL-01,Heavy Haul Truck (35T),3899,87.0,3.02,156.2,44.7,73.3,78.3,399,NONE,0,0.18,-5.1,-4.1,49.7
2025-06-11 02:00:00,gumgaon,DP-GUM-01,Heavy Haul Truck (35T),4010,96.8,4.32,161.2,46.3,65.3,75.3,10,WARN_THERMAL_DRIFT,0,2.34,4.7,-12.4,27.9
2025-06-11 02:00:00,ukwa,DP-UKW-01,Heavy Haul Truck (35T),3371,93.5,3.63,171.1,46.3,76.1,78.6,371,NONE,0,1.19,1.4,-1.2,47.1
2025-06-11 04:00:00,ukwa,DP-UKW-02,Heavy Haul Truck (35T),4159,90.9,3.14,157.6,47.8,76.2,77.2,159,NONE,0,0.38,-1.2,9.5,44.8
2025-06-11 04:00:00,gumgaon,DP-GUM-02,Heavy Haul Truck (35T),2624,91.6,2.68,163.7,41.8,75.3,82.8,124,NONE,0,-0.38,-0.5,6.5,67.2
2025-06-11 04:00:00,dongri-buzurg,DP-DON-02,Heavy Haul Truck (35T),711,86.3,2.02,184.1,37.1,76.8,89.8,211,NONE,0,-1.48,-5.8,1.1,91.1
2025-06-11 04:00:00,balaghat,DP-BAL-02,Heavy Haul Truck (35T),1254,99.9,3.89,170.8,39.5,73.8,84.5,254,WARN_THERMAL_DRIFT,0,1.63,7.8,-6.8,67.0
2025-06-11 04:00:00,tirodi,DP-TIR-02,Heavy Haul Truck (35T),1161,89.9,2.46,172.7,41.5,71.0,87.6,161,NONE,0,-0.75,-2.2,-8.5,85.5
2025-06-11 06:00:00,ukwa,DP-UKW-03,Heavy Haul Truck (35T),1398,92.5,2.66,168.0,40.3,73.5,86.5,398,NONE,0,-0.42,0.4,1.8,82.3
2025-06-11 06:00:00,tirodi,DP-TIR-03,Heavy Haul Truck (35T),2853,90.0,2.86,162.1,46.0,73.6,81.7,353,NONE,0,-0.09,-2.1,-2.9,64.3
2025-06-11 06:00:00,balaghat,DP-BAL-03,Heavy Haul Truck (35T),1690,93.5,2.57,159.2,41.1,74.0,85.8,190,NONE,0,-0.57,1.4,-3.7,78.2
2025-06-11 06:00:00,gumgaon,DP-GUM-03,Heavy Haul Truck (35T),2713,87.9,2.86,162.2,42.0,71.8,82.1,213,NONE,0,-0.09,-4.2,-2.1,66.1
2025-06-11 06:00:00,dongri-buzurg,DP-DON-03,Heavy Haul Truck (35T),3061,95.6,2.93,159.1,42.7,78.5,81.0,61,WARN_THERMAL_DRIFT,0,0.03,3.5,0.6,59.9
2025-06-11 08:00:00,ukwa,DP-UKW-04,Heavy Haul Truck (35T),1056,78.9,2.11,177.4,40.6,75.4,88.6,56,NONE,0,-1.33,-13.2,-2.7,86.8
2025-06-11 08:00:00,gumgaon,DP-GUM-04,Heavy Haul Truck (35T),3390,95.2,2.96,153.8,48.6,73.7,79.9,390,WARN_THERMAL_DRIFT,0,0.08,3.1,0.0,55.6
2025-06-11 08:00:00,dongri-buzurg,DP-DON-04,Heavy Haul Truck (35T),1784,90.8,2.43,173.6,43.3,73.5,85.8,284,NONE,0,-0.8,-1.3,-1.2,77.7
2025-06-11 08:00:00,balaghat,DP-BAL-04,Heavy Haul Truck (35T),1528,94.8,3.21,169.3,44.3,75.0,85.0,28,NONE,0,0.5,2.7,-1.4,75.4
2025-06-11 08:00:00,tirodi,DP-TIR-04,Heavy Haul Truck (35T),4083,92.0,3.36,154.5,48.4,75.3,77.0,83,NONE,0,0.75,-0.1,2.0,42.6
2025-06-11 10:00:00,dongri-buzurg,EX-DON-01,Face Shovel Excavator,4293,82.3,2.96,156.5,47.0,75.5,77.2,293,NONE,0,0.38,2.6,-0.7,41.9
2025-06-11 10:00:00,ukwa,EX-UKW-01,Face Shovel Excavator,3386,84.1,2.53,160.8,47.6,73.6,80.8,386,NONE,0,-0.33,4.4,-5.7,55.7
2025-06-11 10:00:00,gumgaon,EX-GUM-01,Face Shovel Excavator,1890,76.5,2.0,179.8,43.9,77.6,86.3,390,NONE,0,-1.2,-3.2,6.2,76.4
2025-06-11 10:00:00,tirodi,EX-TIR-01,Face Shovel Excavator,505,78.8,1.89,176.1,40.1,85.7,90.7,5,NONE,0,-1.38,-0.9,6.4,93.7
2025-06-11 10:00:00,balaghat,EX-BAL-01,Face Shovel Excavator,1495,83.9,2.48,174.2,39.8,75.6,86.6,495,NONE,0,-0.41,4.2,-6.3,79.4
2025-06-11 12:00:00,gumgaon,EX-GUM-02,Face Shovel Excavator,3319,88.2,4.55,154.4,46.2,64.0,76.9,319,WARN_HARMONIC_VIB,0,3.01,8.5,-10.7,29.1
2025-06-11 12:00:00,tirodi,EX-TIR-02,Face Shovel Excavator,4318,84.2,2.77,161.2,48.4,71.5,77.5,318,NONE,0,0.07,4.5,4.6,43.4
2025-06-11 12:00:00,balaghat,EX-BAL-02,Face Shovel Excavator,4174,81.0,2.77,157.0,49.0,68.9,77.9,174,NONE,0,0.07,1.3,-5.0,46.6
2025-06-11 12:00:00,ukwa,EX-UKW-02,Face Shovel Excavator,3229,76.3,2.93,167.5,46.3,73.0,80.5,229,NONE,0,0.33,-3.4,-1.8,56.8
2025-06-11 12:00:00,dongri-buzurg,EX-DON-02,Face Shovel Excavator,2831,79.1,2.35,165.6,42.2,73.4,82.8,331,NONE,0,-0.62,-0.6,-2.5,64.6
2025-06-11 14:00:00,gumgaon,DR-GUM-01,Rotary Blast Drill,2039,81.3,3.45,169.8,43.5,76.0,83.0,39,NONE,0,1.84,2.3,-8.0,57.8
2025-06-11 14:00:00,tirodi,DR-TIR-01,Rotary Blast Drill,3002,76.3,2.69,168.7,44.3,77.1,81.6,2,NONE,0,0.14,-2.7,1.4,61.3
2025-06-11 14:00:00,dongri-buzurg,DR-DON-01,Rotary Blast Drill,2684,83.3,3.58,165.4,45.9,69.1,80.8,184,NONE,0,2.13,4.3,-7.7,46.4
2025-06-11 14:00:00,ukwa,DR-UKW-01,Rotary Blast Drill,2462,87.6,2.41,181.8,45.2,76.1,83.8,462,NONE,0,-0.48,8.6,-3.1,65.4
2025-06-11 14:00:00,balaghat,DR-BAL-01,Rotary Blast Drill,3496,83.1,3.3,168.5,46.0,71.9,78.9,496,NONE,0,1.5,4.1,-5.3,41.7
2025-06-11 16:00:00,balaghat,DZ-BAL-01,Tracked Bulldozer,2044,70.4,2.13,168.0,44.4,73.7,85.6,44,NONE,0,-1.41,-9.1,-1.8,74.4
2025-06-11 16:00:00,tirodi,DZ-TIR-01,Tracked Bulldozer,3953,85.0,3.21,161.0,47.7,81.5,77.7,453,NONE,0,0.88,5.5,2.9,40.6
2025-06-11 16:00:00,ukwa,DZ-UKW-01,Tracked Bulldozer,4059,77.3,2.71,161.7,45.1,75.5,78.4,59,NONE,0,-0.18,-2.2,1.9,49.3
2025-06-11 16:00:00,dongri-buzurg,DZ-DON-01,Tracked Bulldozer,2206,72.0,2.48,164.3,42.7,74.4,84.4,206,NONE,0,-0.67,-7.5,-1.8,72.4
2025-06-11 16:00:00,gumgaon,DZ-GUM-01,Tracked Bulldozer,3996,86.0,2.74,162.1,47.7,79.5,78.5,496,NONE,0,-0.12,6.5,13.2,47.1
2025-06-11 18:00:00,gumgaon,LD-GUM-01,Wheel Loader,4021,77.3,2.72,152.1,47.2,72.2,78.5,21,NONE,0,-0.01,-1.6,-2.2,49.7
2025-06-11 18:00:00,ukwa,LD-UKW-01,Wheel Loader,3735,76.6,2.63,167.8,49.7,76.0,79.5,235,NONE,0,-0.2,-2.3,-0.6,53.3
2025-06-11 18:00:00,dongri-buzurg,LD-DON-01,Wheel Loader,1775,74.5,2.1,166.5,43.2,75.5,86.5,275,NONE,0,-1.35,-4.4,-6.1,77.8
2025-06-11 18:00:00,tirodi,LD-TIR-01,Wheel Loader,3281,82.4,2.93,175.2,45.8,76.6,80.3,281,NONE,0,0.45,3.5,3.4,53.6
2025-06-11 18:00:00,balaghat,LD-BAL-01,Wheel Loader,2577,80.9,3.05,171.3,46.6,67.6,82.2,77,NONE,0,0.71,2.0,-8.7,60.9
2025-06-11 20:00:00,gumgaon,CR-GUM-01,Primary Jaw Crusher,3408,94.1,4.04,162.6,0.0,64.3,77.7,408,NONE,0,1.01,7.8,1.6,45.3
2025-06-11 20:00:00,dongri-buzurg,CR-DON-01,Primary Jaw Crusher,2378,88.1,4.44,169.0,0.0,66.4,80.0,378,NONE,0,1.67,1.8,-7.6,55.3
2025-06-11 20:00:00,tirodi,CR-TIR-01,Primary Jaw Crusher,486,84.8,2.41,181.7,0.0,73.8,89.7,486,NONE,0,-1.7,-1.5,-2.4,93.9
2025-06-11 20:00:00,balaghat,CR-BAL-01,Primary Jaw Crusher,3584,83.1,3.88,167.8,0.0,71.6,77.5,84,NONE,0,0.74,-3.2,-8.5,48.9
2025-06-11 20:00:00,ukwa,CR-UKW-01,Primary Jaw Crusher,1233,88.9,3.05,165.6,0.0,76.0,86.2,233,NONE,0,-0.64,2.6,8.3,83.4
2025-06-11 22:00:00,balaghat,DP-BAL-01,Heavy Haul Truck (35T),3919,92.8,3.4,165.2,49.1,72.9,77.4,419,NONE,0,0.81,0.7,-0.4,43.8
2025-06-11 22:00:00,dongri-buzurg,DP-DON-01,Heavy Haul Truck (35T),1115,89.0,2.37,181.9,39.3,81.1,87.9,115,NONE,0,-0.9,-3.1,6.7,86.1
2025-06-11 22:00:00,gumgaon,DP-GUM-01,Heavy Haul Truck (35T),4030,98.7,3.72,156.1,47.7,69.1,76.5,30,WARN_THERMAL_DRIFT,0,1.34,6.6,3.8,35.3
2025-06-11 22:00:00,tirodi,DP-TIR-01,Heavy Haul Truck (35T),1227,87.8,2.77,176.7,43.6,71.0,86.8,227,NONE,0,-0.24,-4.3,-9.6,84.7
2025-06-11 22:00:00,ukwa,DP-UKW-01,Heavy Haul Truck (35T),3391,94.3,3.64,153.6,44.9,73.5,78.5,391,NONE,0,1.21,2.2,-2.6,46.3
2025-06-12 00:00:00,tirodi,DP-TIR-02,Heavy Haul Truck (35T),1181,96.4,2.48,170.2,39.9,79.1,87.5,181,WARN_THERMAL_DRIFT,0,-0.72,4.3,8.1,83.3
2025-06-12 00:00:00,dongri-buzurg,DP-DON-02,Heavy Haul Truck (35T),731,92.0,1.87,181.4,40.4,76.2,90.1,231,NONE,0,-1.73,-0.1,-0.6,90.9
2025-06-12 00:00:00,gumgaon,DP-GUM-02,Heavy Haul Truck (35T),2644,81.0,2.67,169.7,47.1,79.2,82.7,144,NONE,0,-0.4,-11.1,3.9,67.0
2025-06-12 00:00:00,ukwa,DP-UKW-02,Heavy Haul Truck (35T),4179,92.4,3.12,165.7,47.0,78.0,77.2,179,NONE,0,0.35,0.3,1.8,44.7
2025-06-12 00:00:00,balaghat,DP-BAL-02,Heavy Haul Truck (35T),1274,85.1,2.12,169.5,42.5,78.7,87.9,274,NONE,0,-1.32,-7.0,4.9,84.1
2025-06-12 02:00:00,dongri-buzurg,DP-DON-03,Heavy Haul Truck (35T),3081,89.7,3.07,163.5,45.9,75.0,80.6,81,NONE,0,0.26,-2.4,-3.5,59.3
2025-06-12 02:00:00,balaghat,DP-BAL-03,Heavy Haul Truck (35T),1710,90.0,2.79,169.7,44.0,77.9,85.3,210,NONE,0,-0.2,-2.1,3.9,78.6
2025-06-12 02:00:00,ukwa,DP-UKW-03,Heavy Haul Truck (35T),1418,88.6,2.16,172.3,39.7,80.0,87.4,418,NONE,0,-1.25,-3.5,6.5,82.3
2025-06-12 02:00:00,gumgaon,DP-GUM-03,Heavy Haul Truck (35T),2733,91.8,2.64,171.6,45.1,76.7,82.5,233,NONE,0,-0.45,-0.3,4.9,65.8
2025-06-12 02:00:00,tirodi,DP-TIR-03,Heavy Haul Truck (35T),2873,96.3,2.81,173.4,45.1,76.3,81.8,373,WARN_THERMAL_DRIFT,0,-0.17,4.2,2.7,62.2
2025-06-12 04:00:00,dongri-buzurg,DP-DON-04,Heavy Haul Truck (35T),1804,88.4,2.73,179.5,39.4,71.1,85.1,304,NONE,0,-0.3,-3.7,-2.4,77.4
2025-06-12 04:00:00,gumgaon,DP-GUM-04,Heavy Haul Truck (35T),3410,91.3,3.33,161.8,45.9,76.0,79.1,410,NONE,0,0.7,-0.8,2.3,51.4
2025-06-12 04:00:00,balaghat,DP-BAL-04,Heavy Haul Truck (35T),1548,93.7,2.2,170.0,39.6,80.4,87.0,48,NONE,0,-1.18,1.6,5.4,79.9
2025-06-12 04:00:00,tirodi,DP-TIR-04,Heavy Haul Truck (35T),4103,95.7,3.81,157.8,46.3,68.6,76.1,103,WARN_THERMAL_DRIFT,0,1.49,3.6,-6.7,34.4
2025-06-12 04:00:00,ukwa,DP-UKW-04,Heavy Haul Truck (35T),1076,85.6,2.17,172.0,41.2,81.6,88.4,76,NONE,0,-1.23,-6.5,6.2,86.6
2025-06-12 06:00:00,ukwa,EX-UKW-01,Face Shovel Excavator,3406,78.0,2.44,169.2,47.7,79.1,80.9,406,NONE,0,-0.47,-1.7,5.5,57.4
2025-06-12 06:00:00,balaghat,EX-BAL-01,Face Shovel Excavator,1515,74.2,2.25,179.4,41.9,80.9,87.0,15,NONE,0,-0.79,-5.5,5.3,81.1
2025-06-12 06:00:00,dongri-buzurg,EX-DON-01,Face Shovel Excavator,4313,82.4,2.99,157.9,50.4,76.0,77.1,313,NONE,0,0.43,2.7,0.5,41.2
2025-06-12 06:00:00,gumgaon,EX-GUM-01,Face Shovel Excavator,1910,75.4,2.0,166.7,45.0,75.3,86.3,410,NONE,0,-1.2,-4.3,-2.3,76.1
2025-06-12 06:00:00,tirodi,EX-TIR-01,Face Shovel Excavator,525,78.7,2.62,178.7,39.6,76.1,89.2,25,NONE,0,-0.18,-1.0,-9.6,93.4
2025-06-12 08:00:00,ukwa,EX-UKW-02,Face Shovel Excavator,3249,82.7,3.24,164.6,44.8,72.4,79.8,249,NONE,0,0.85,3.0,-0.6,50.8
2025-06-12 08:00:00,dongri-buzurg,EX-DON-02,Face Shovel Excavator,2851,74.7,2.31,165.0,46.3,77.2,82.8,351,NONE,0,-0.69,-5.0,3.8,64.4
2025-06-12 08:00:00,gumgaon,EX-GUM-02,Face Shovel Excavator,3339,77.2,3.76,160.3,46.2,67.7,78.5,339,NONE,0,1.71,-2.5,3.7,43.7
2025-06-12 08:00:00,tirodi,EX-TIR-02,Face Shovel Excavator,4338,83.5,3.83,154.0,51.0,75.7,75.3,338,NONE,0,1.82,3.8,4.2,28.6
2025-06-12 08:00:00,balaghat,EX-BAL-02,Face Shovel Excavator,4194,76.2,2.83,156.5,50.5,69.9,77.8,194,NONE,0,0.17,-3.5,1.0,46.1
2025-06-12 10:00:00,gumgaon,DR-GUM-01,Rotary Blast Drill,2059,81.6,2.47,161.8,41.8,73.2,84.9,59,NONE,0,-0.35,2.6,-2.8,73.1
2025-06-12 10:00:00,dongri-buzurg,DR-DON-01,Rotary Blast Drill,2704,80.5,2.29,174.9,41.5,76.2,83.3,204,NONE,0,-0.75,1.5,7.1,65.5
2025-06-12 10:00:00,balaghat,DR-BAL-01,Rotary Blast Drill,3516,84.6,2.71,163.3,47.1,83.7,80.0,16,NONE,0,0.19,5.6,11.8,51.9
2025-06-12 10:00:00,tirodi,DR-TIR-01,Rotary Blast Drill,3022,86.8,2.35,166.1,47.7,75.3,82.2,22,NONE,0,-0.62,7.8,-1.8,58.7
2025-06-12 10:00:00,ukwa,DR-UKW-01,Rotary Blast Drill,2482,76.8,2.1,165.7,42.5,77.8,84.4,482,NONE,0,-1.17,-2.2,1.7,69.0
2025-06-12 12:00:00,tirodi,DZ-TIR-01,Tracked Bulldozer,3973,77.4,2.72,161.3,48.2,77.3,78.6,473,NONE,0,-0.16,-2.1,-4.2,50.3
2025-06-12 12:00:00,balaghat,DZ-BAL-01,Tracked Bulldozer,2064,82.4,1.95,172.6,45.5,76.9,85.9,64,NONE,0,-1.79,2.9,3.2,72.9
2025-06-12 12:00:00,dongri-buzurg,DZ-DON-01,Tracked Bulldozer,2226,83.4,2.36,175.3,41.8,75.9,84.6,226,NONE,0,-0.92,3.9,1.5,70.4
2025-06-12 12:00:00,ukwa,DZ-UKW-01,Tracked Bulldozer,4079,80.6,2.75,163.4,48.8,71.9,78.3,79,NONE,0,-0.09,1.1,-3.6,48.5
2025-06-12 12:00:00,gumgaon,DZ-GUM-01,Tracked Bulldozer,4016,76.7,2.92,157.0,46.5,74.7,78.1,16,NONE,0,0.27,-2.8,-4.8,47.5
2025-06-12 14:00:00,tirodi,LD-TIR-01,Wheel Loader,3301,76.1,2.53,175.2,44.0,74.0,81.0,301,NONE,0,-0.42,-2.8,-2.6,58.7
2025-06-12 14:00:00,ukwa,LD-UKW-01,Wheel Loader,3755,87.0,3.45,163.9,44.6,67.2,77.8,255,NONE,0,1.57,8.1,-8.8,36.1
2025-06-12 14:00:00,gumgaon,LD-GUM-01,Wheel Loader,4041,81.4,2.89,161.2,46.1,75.1,78.1,41,NONE,0,0.36,2.5,2.9,45.3
2025-06-12 14:00:00,dongri-buzurg,LD-DON-01,Wheel Loader,1795,77.1,1.94,172.8,39.4,81.0,86.7,295,NONE,0,-1.69,-1.8,5.5,77.6
2025-06-12 14:00:00,balaghat,LD-BAL-01,Wheel Loader,2597,80.1,2.48,160.3,45.7,82.5,83.2,97,NONE,0,-0.52,1.2,14.9,67.0
2025-06-12 16:00:00,balaghat,CR-BAL-01,Primary Jaw Crusher,3604,91.0,4.59,165.9,0.0,75.0,76.0,104,WARN_HARMONIC_VIB,0,1.92,4.7,3.4,36.5
2025-06-12 16:00:00,ukwa,CR-UKW-01,Primary Jaw Crusher,1253,86.1,3.67,171.2,0.0,76.1,84.9,253,NONE,0,0.39,-0.2,0.1,81.0
2025-06-12 16:00:00,gumgaon,CR-GUM-01,Primary Jaw Crusher,3428,91.0,3.89,170.5,0.0,71.3,77.9,428,NONE,0,0.76,4.7,7.0,48.6
2025-06-12 16:00:00,tirodi,CR-TIR-01,Primary Jaw Crusher,506,87.9,2.92,171.1,0.0,76.3,88.6,6,NONE,0,-0.85,1.6,2.5,93.0
2025-06-12 16:00:00,dongri-buzurg,CR-DON-01,Primary Jaw Crusher,2398,82.9,3.18,163.7,0.0,78.8,82.4,398,NONE,0,-0.42,-3.4,12.4,70.0
2025-06-12 18:00:00,gumgaon,DP-GUM-01,Heavy Haul Truck (35T),4050,90.8,3.08,167.3,46.0,76.0,77.7,50,NONE,0,0.28,-1.3,6.9,47.0
2025-06-12 18:00:00,ukwa,DP-UKW-01,Heavy Haul Truck (35T),3411,94.7,3.21,162.1,48.6,77.6,79.3,411,NONE,0,0.5,2.6,4.1,51.9
2025-06-12 18:00:00,tirodi,DP-TIR-01,Heavy Haul Truck (35T),1247,85.8,2.1,166.1,42.5,77.2,88.1,247,NONE,0,-1.35,-6.3,6.2,84.4
2025-06-12 18:00:00,dongri-buzurg,DP-DON-01,Heavy Haul Truck (35T),1135,88.9,2.38,171.4,43.4,78.0,87.8,135,NONE,0,-0.88,-3.2,-3.1,85.8
2025-06-12 18:00:00,balaghat,DP-BAL-01,Heavy Haul Truck (35T),3939,95.4,3.22,159.5,49.3,72.2,77.7,439,WARN_THERMAL_DRIFT,0,0.51,3.3,-0.7,44.9
2025-06-12 20:00:00,dongri-buzurg,DP-DON-02,Heavy Haul Truck (35T),751,92.7,2.6,178.6,42.4,72.1,88.5,251,NONE,0,-0.52,0.6,-4.1,90.3
2025-06-12 20:00:00,tirodi,DP-TIR-02,Heavy Haul Truck (35T),1201,90.6,2.15,167.8,38.4,82.9,88.1,201,NONE,0,-1.27,-1.5,3.8,85.0
2025-06-12 20:00:00,gumgaon,DP-GUM-02,Heavy Haul Truck (35T),2664,88.7,3.3,165.6,42.2,71.5,81.4,164,NONE,0,0.65,-3.4,-7.7,61.2
2025-06-12 20:00:00,balaghat,DP-BAL-02,Heavy Haul Truck (35T),1294,85.2,2.07,165.3,41.3,78.0,88.0,294,NONE,0,-1.4,-6.9,-0.7,83.8
2025-06-12 20:00:00,ukwa,DP-UKW-02,Heavy Haul Truck (35T),4199,86.2,3.32,171.1,47.8,73.5,76.8,199,NONE,0,0.68,-5.9,-4.5,41.7
2025-06-12 22:00:00,gumgaon,DP-GUM-03,Heavy Haul Truck (35T),2753,88.6,2.98,161.0,43.3,75.0,81.8,253,NONE,0,0.11,-3.5,-1.7,64.7
2025-06-12 22:00:00,ukwa,DP-UKW-03,Heavy Haul Truck (35T),1438,94.9,2.27,165.6,39.3,79.1,87.1,438,NONE,0,-1.07,2.8,-0.9,80.8
2025-06-12 22:00:00,balaghat,DP-BAL-03,Heavy Haul Truck (35T),1730,92.2,2.39,169.7,40.5,82.3,86.0,230,NONE,0,-0.87,0.1,4.4,78.3
2025-06-12 22:00:00,dongri-buzurg,DP-DON-03,Heavy Haul Truck (35T),3101,93.7,3.1,168.8,45.6,76.7,80.5,101,NONE,0,0.31,1.6,1.7,57.9
2025-06-12 22:00:00,tirodi,DP-TIR-03,Heavy Haul Truck (35T),2893,90.2,3.07,158.3,44.2,76.7,81.2,393,NONE,0,0.26,-1.9,0.4,61.6
2025-06-13 00:00:00,balaghat,DP-BAL-04,Heavy Haul Truck (35T),1568,89.3,2.41,170.8,41.8,79.6,86.5,68,NONE,0,-0.83,-2.8,-0.8,80.4
2025-06-13 00:00:00,gumgaon,DP-GUM-04,Heavy Haul Truck (35T),3430,90.9,2.94,156.0,47.5,73.0,79.8,430,NONE,0,0.05,-1.2,-3.0,56.7
2025-06-13 00:00:00,dongri-buzurg,DP-DON-04,Heavy Haul Truck (35T),1824,92.0,2.29,169.8,42.9,72.5,85.9,324,NONE,0,-1.03,-0.1,1.4,77.2
2025-06-13 00:00:00,tirodi,DP-TIR-04,Heavy Haul Truck (35T),4123,93.3,3.13,168.5,49.1,71.5,77.4,123,NONE,0,0.36,1.2,2.9,44.9
2025-06-13 00:00:00,ukwa,DP-UKW-04,Heavy Haul Truck (35T),1096,94.1,2.42,178.5,40.7,78.6,87.9,96,NONE,0,-0.82,2.0,-3.0,85.4
2025-06-13 02:00:00,gumgaon,EX-GUM-01,Face Shovel Excavator,1930,72.4,2.09,167.2,40.0,80.8,86.0,430,NONE,0,-1.05,-7.3,5.5,75.9
2025-06-13 02:00:00,balaghat,EX-BAL-01,Face Shovel Excavator,1535,75.6,1.93,181.6,38.8,82.7,87.5,35,NONE,0,-1.32,-4.1,1.8,80.8
2025-06-13 02:00:00,dongri-buzurg,EX-DON-01,Face Shovel Excavator,4333,81.3,2.94,159.9,50.1,76.9,77.1,333,NONE,0,0.35,1.6,0.9,42.1
2025-06-13 02:00:00,ukwa,EX-UKW-01,Face Shovel Excavator,3426,82.9,2.58,161.5,43.6,72.2,80.6,426,NONE,0,-0.24,3.2,-6.9,55.7
2025-06-13 02:00:00,tirodi,EX-TIR-01,Face Shovel Excavator,545,70.5,1.56,177.4,39.4,81.0,91.2,45,NONE,0,-1.93,-9.2,4.9,93.2
2025-06-13 04:00:00,gumgaon,EX-GUM-02,Face Shovel Excavator,3359,78.9,2.56,154.5,47.7,76.8,80.8,359,NONE,0,-0.28,-0.8,9.1,58.0
2025-06-13 04:00:00,balaghat,EX-BAL-02,Face Shovel Excavator,4214,80.3,3.15,153.4,45.6,73.8,77.1,214,NONE,0,0.7,0.6,3.9,41.1
2025-06-13 04:00:00,dongri-buzurg,EX-DON-02,Face Shovel Excavator,2871,73.7,2.48,169.1,46.1,72.0,82.4,371,NONE,0,-0.41,-6.0,-5.2,64.1
2025-06-13 04:00:00,ukwa,EX-UKW-02,Face Shovel Excavator,3269,89.2,3.91,174.2,46.8,68.9,78.4,269,NONE,0,1.95,9.5,-3.5,38.3
2025-06-13 04:00:00,tirodi,EX-TIR-02,Face Shovel Excavator,4358,73.2,3.01,157.5,51.0,74.6,76.9,358,NONE,0,0.47,-6.5,-1.1,41.5
2025-06-13 06:00:00,dongri-buzurg,DR-DON-01,Rotary Blast Drill,2724,71.8,2.6,163.6,44.2,78.9,82.6,224,NONE,0,-0.06,-7.2,2.7,66.0
2025-06-13 06:00:00,gumgaon,DR-GUM-01,Rotary Blast Drill,2079,77.3,2.13,164.0,40.4,81.8,85.5,79,NONE,0,-1.11,-1.7,8.6,74.0
2025-06-13 06:00:00,ukwa,DR-UKW-01,Rotary Blast Drill,2502,78.4,2.48,164.3,45.5,81.8,83.5,2,NONE,0,-0.33,-0.6,4.0,68.7
2025-06-13 06:00:00,balaghat,DR-BAL-01,Rotary Blast Drill,3536,80.4,2.83,162.4,44.7,75.2,79.7,36,NONE,0,0.46,1.4,-8.5,51.3
2025-06-13 06:00:00,tirodi,DR-TIR-01,Rotary Blast Drill,3042,77.7,2.61,163.0,46.2,72.0,81.7,42,NONE,0,-0.04,-1.3,-3.3,62.0
2025-06-13 08:00:00,ukwa,DZ-UKW-01,Tracked Bulldozer,4099,77.7,2.78,157.2,47.1,76.4,78.1,99,NONE,0,-0.03,-1.8,4.5,48.8
2025-06-13 08:00:00,tirodi,DZ-TIR-01,Tracked Bulldozer,3993,79.6,3.16,157.0,46.2,76.0,77.7,493,NONE,0,0.77,0.1,-1.3,43.5
2025-06-13 08:00:00,gumgaon,DZ-GUM-01,Tracked Bulldozer,4036,81.1,3.14,159.3,46.7,77.0,77.6,36,NONE,0,0.73,1.6,2.3,42.6
2025-06-13 08:00:00,balaghat,DZ-BAL-01,Tracked Bulldozer,2084,78.0,2.86,166.8,40.2,82.8,84.0,84,NONE,0,0.14,-1.5,5.9,72.8
2025-06-13 08:00:00,dongri-buzurg,DZ-DON-01,Tracked Bulldozer,2246,76.6,2.02,159.2,40.7,81.3,85.2,246,NONE,0,-1.64,-2.9,5.4,71.9
2025-06-13 10:00:00,balaghat,LD-BAL-01,Wheel Loader,2617,73.2,2.17,165.6,44.4,82.7,83.8,117,NONE,0,-1.19,-5.7,0.2,67.3
2025-06-13 10:00:00,dongri-buzurg,LD-DON-01,Wheel Loader,1815,75.9,1.9,168.5,43.3,83.8,86.8,315,NONE,0,-1.78,-3.0,2.8,77.3
2025-06-13 10:00:00,gumgaon,LD-GUM-01,Wheel Loader,4061,82.5,2.81,156.7,47.4,78.1,78.2,61,NONE,0,0.19,3.6,3.0,46.0
2025-06-13 10:00:00,tirodi,LD-TIR-01,Wheel Loader,3321,80.1,2.51,156.0,46.1,75.6,81.0,321,NONE,0,-0.46,1.2,1.6,57.9
2025-06-13 10:00:00,ukwa,LD-UKW-01,Wheel Loader,3775,80.6,2.75,169.1,45.5,77.6,79.2,275,NONE,0,0.06,1.7,10.4,51.5
2025-06-13 12:00:00,tirodi,CR-TIR-01,Primary Jaw Crusher,526,75.8,2.51,181.8,0.0,72.8,89.4,26,NONE,0,-1.53,-10.5,-3.5,93.4
2025-06-13 12:00:00,balaghat,CR-BAL-01,Primary Jaw Crusher,3624,92.1,3.74,151.5,0.0,70.1,77.6,124,NONE,0,0.51,5.8,-4.9,47.8
2025-06-13 12:00:00,gumgaon,CR-GUM-01,Primary Jaw Crusher,3448,91.0,3.96,157.0,0.0,72.4,77.7,448,NONE,0,0.87,4.7,1.1,47.4
2025-06-13 12:00:00,ukwa,CR-UKW-01,Primary Jaw Crusher,1273,83.7,2.73,175.2,0.0,72.8,86.7,273,NONE,0,-1.17,-2.6,-3.3,84.1
2025-06-13 12:00:00,dongri-buzurg,CR-DON-01,Primary Jaw Crusher,2418,84.4,3.19,166.5,0.0,76.0,82.4,418,NONE,0,-0.4,-1.9,-2.8,69.8
2025-06-13 14:00:00,ukwa,DP-UKW-01,Heavy Haul Truck (35T),3431,95.0,2.96,152.8,44.2,75.1,79.8,431,NONE,0,0.08,2.9,-2.5,55.1
2025-06-13 14:00:00,balaghat,DP-BAL-01,Heavy Haul Truck (35T),3959,94.7,3.82,159.5,46.1,72.4,76.5,459,NONE,0,1.51,2.6,0.2,36.5
2025-06-13 14:00:00,gumgaon,DP-GUM-01,Heavy Haul Truck (35T),4070,93.8,3.13,161.8,46.4,78.6,77.5,70,NONE,0,0.36,1.7,2.6,45.3
2025-06-13 14:00:00,dongri-buzurg,DP-DON-01,Heavy Haul Truck (35T),1155,92.5,2.69,170.8,39.5,76.9,87.2,155,NONE,0,-0.37,0.4,-1.1,85.4
2025-06-13 14:00:00,tirodi,DP-TIR-01,Heavy Haul Truck (35T),1267,84.6,2.58,179.3,43.7,75.9,87.0,267,NONE,0,-0.55,-7.5,-1.3,84.2
2025-06-13 16:00:00,gumgaon,DP-GUM-02,Heavy Haul Truck (35T),2684,94.9,2.82,157.6,46.8,81.2,82.3,184,NONE,0,-0.15,2.8,9.7,65.2
2025-06-13 16:00:00,dongri-buzurg,DP-DON-02,Heavy Haul Truck (35T),771,88.9,2.03,167.8,40.1,74.8,89.6,271,NONE,0,-1.46,-3.2,2.7,90.4
2025-06-13 16:00:00,ukwa,DP-UKW-02,Heavy Haul Truck (35T),4219,90.4,3.24,158.8,46.2,74.1,76.9,219,NONE,0,0.55,-1.7,0.6,42.6
2025-06-13 16:00:00,tirodi,DP-TIR-02,Heavy Haul Truck (35T),1221,86.1,2.2,174.6,39.1,74.1,87.9,221,NONE,0,-1.18,-6.0,-8.8,84.7
2025-06-13 16:00:00,balaghat,DP-BAL-02,Heavy Haul Truck (35T),1314,89.2,2.49,173.1,39.1,79.6,87.1,314,NONE,0,-0.7,-2.9,1.6,83.6
2025-06-13 18:00:00,gumgaon,DP-GUM-03,Heavy Haul Truck (35T),2773,95.7,2.89,156.3,42.7,74.7,81.9,273,WARN_THERMAL_DRIFT,0,-0.04,3.6,-0.3,63.7
2025-06-13 18:00:00,balaghat,DP-BAL-03,Heavy Haul Truck (35T),1750,93.9,2.24,167.7,43.2,75.7,86.3,250,NONE,0,-1.12,1.8,-6.6,77.3
2025-06-13 18:00:00,ukwa,DP-UKW-03,Heavy Haul Truck (35T),1458,86.1,2.16,175.0,42.8,77.4,87.3,458,NONE,0,-1.25,-6.0,-1.7,81.8
2025-06-13 18:00:00,dongri-buzurg,DP-DON-03,Heavy Haul Truck (35T),3121,89.8,3.43,161.1,48.0,75.6,79.8,121,NONE,0,0.86,-2.3,-1.1,53.7
2025-06-13 18:00:00,tirodi,DP-TIR-03,Heavy Haul Truck (35T),2913,93.3,3.49,164.6,45.6,68.7,80.3,413,NONE,0,0.96,1.2,-8.0,54.9
2025-06-13 20:00:00,ukwa,DP-UKW-04,Heavy Haul Truck (35T),1116,88.4,2.03,181.1,42.8,83.8,88.6,116,NONE,0,-1.46,-3.7,5.2,86.0
2025-06-13 20:00:00,balaghat,DP-BAL-04,Heavy Haul Truck (35T),1588,89.5,2.18,171.4,39.9,74.5,86.9,88,NONE,0,-1.22,-2.6,-5.1,80.2
2025-06-13 20:00:00,dongri-buzurg,DP-DON-04,Heavy Haul Truck (35T),1844,90.6,3.49,164.0,42.5,71.6,83.5,344,NONE,0,0.96,-1.5,-0.9,68.8
2025-06-13 20:00:00,tirodi,DP-TIR-04,Heavy Haul Truck (35T),4143,98.3,3.56,157.8,48.4,69.8,76.5,143,WARN_THERMAL_DRIFT,0,1.08,6.2,-1.7,36.2
2025-06-13 20:00:00,gumgaon,DP-GUM-04,Heavy Haul Truck (35T),3450,89.1,3.12,158.5,46.1,75.2,79.4,450,NONE,0,0.35,-3.0,2.2,53.9
2025-06-13 22:00:00,tirodi,EX-TIR-01,Face Shovel Excavator,565,74.6,1.65,179.3,41.3,84.1,91.0,65,NONE,0,-1.78,-5.1,3.1,92.9
2025-06-13 22:00:00,gumgaon,EX-GUM-01,Face Shovel Excavator,1950,78.7,1.95,173.5,44.3,81.0,86.2,450,NONE,0,-1.28,-1.0,0.2,75.6
2025-06-13 22:00:00,balaghat,EX-BAL-01,Face Shovel Excavator,1555,78.1,1.8,176.3,43.9,77.1,87.7,55,NONE,0,-1.53,-1.6,-5.6,80.6
2025-06-13 22:00:00,dongri-buzurg,EX-DON-01,Face Shovel Excavator,4353,78.0,3.09,151.2,50.6,74.1,76.8,353,NONE,0,0.6,-1.7,-2.8,40.5
2025-06-13 22:00:00,ukwa,EX-UKW-01,Face Shovel Excavator,3446,89.9,4.46,165.8,46.0,64.0,76.7,446,NONE,0,2.86,10.2,-8.2,28.0
2025-06-14 00:00:00,ukwa,EX-UKW-02,Face Shovel Excavator,3289,81.1,2.4,173.2,46.2,77.1,81.3,289,NONE,0,-0.54,1.4,8.2,58.3
2025-06-14 00:00:00,tirodi,EX-TIR-02,Face Shovel Excavator,4378,84.6,3.05,152.7,50.2,74.2,76.8,378,NONE,0,0.53,4.9,-0.4,38.6
2025-06-14 00:00:00,dongri-buzurg,EX-DON-02,Face Shovel Excavator,2891,79.9,2.69,166.4,46.4,82.1,81.9,391,NONE,0,-0.06,0.2,10.1,63.8
2025-06-14 00:00:00,gumgaon,EX-GUM-02,Face Shovel Excavator,3379,82.0,2.46,165.3,46.6,75.1,80.9,379,NONE,0,-0.44,2.3,-1.7,56.7
2025-06-14 00:00:00,balaghat,EX-BAL-02,Face Shovel Excavator,4234,88.2,3.43,153.8,46.4,74.3,76.4,234,NONE,0,1.16,8.5,0.5,33.4
2025-06-14 02:00:00,tirodi,DR-TIR-01,Rotary Blast Drill,3062,72.0,2.52,157.5,43.2,75.2,81.8,62,NONE,0,-0.24,-7.0,3.2,61.7
2025-06-14 02:00:00,gumgaon,DR-GUM-01,Rotary Blast Drill,2099,84.8,2.26,170.0,40.5,76.9,85.2,99,NONE,0,-0.82,5.8,-4.9,71.2
2025-06-14 02:00:00,ukwa,DR-UKW-01,Rotary Blast Drill,2522,79.4,3.14,175.6,45.7,69.8,82.2,22,NONE,0,1.15,0.4,-12.0,58.5
2025-06-14 02:00:00,balaghat,DR-BAL-01,Rotary Blast Drill,3556,77.4,2.49,153.9,48.9,82.1,80.4,56,NONE,0,-0.3,-1.6,6.9,55.6
2025-06-14 02:00:00,dongri-buzurg,DR-DON-01,Rotary Blast Drill,2744,73.5,2.26,161.3,45.7,79.4,83.2,244,NONE,0,-0.82,-5.5,0.5,65.7
2025-06-14 04:00:00,gumgaon,DZ-GUM-01,Tracked Bulldozer,4056,81.5,2.89,150.7,45.5,78.0,78.1,56,NONE,0,0.2,2.0,1.0,46.7
2025-06-14 04:00:00,tirodi,DZ-TIR-01,Tracked Bulldozer,4013,77.5,2.73,154.4,46.8,76.0,78.5,13,NONE,0,-0.14,-2.0,0.0,49.8
2025-06-14 04:00:00,ukwa,DZ-UKW-01,Tracked Bulldozer,4119,85.9,3.3,159.7,47.2,72.3,77.0,119,NONE,0,1.07,6.4,-4.1,36.5
2025-06-14 04:00:00,dongri-buzurg,DZ-DON-01,Tracked Bulldozer,2266,77.3,2.12,177.4,41.4,76.3,85.0,266,NONE,0,-1.43,-2.2,-5.0,71.7
2025-06-14 04:00:00,balaghat,DZ-BAL-01,Tracked Bulldozer,2104,74.7,2.64,165.4,42.3,71.5,84.4,104,NONE,0,-0.33,-4.8,-11.3,73.7
2025-06-14 06:00:00,ukwa,LD-UKW-01,Wheel Loader,3795,80.8,2.7,153.8,45.5,74.5,79.2,295,NONE,0,-0.05,1.9,-3.1,51.7
2025-06-14 06:00:00,balaghat,LD-BAL-01,Wheel Loader,2637,80.8,2.54,173.0,43.9,70.1,83.0,137,NONE,0,-0.39,1.9,-12.6,66.2
2025-06-14 06:00:00,tirodi,LD-TIR-01,Wheel Loader,3341,82.8,2.72,157.5,46.9,80.5,80.5,341,NONE,0,-0.01,3.9,4.9,56.5
2025-06-14 06:00:00,dongri-buzurg,LD-DON-01,Wheel Loader,1835,71.6,1.91,171.4,43.1,74.8,86.7,335,NONE,0,-1.76,-7.3,-9.0,77.1
2025-06-14 06:00:00,gumgaon,LD-GUM-01,Wheel Loader,4081,81.8,2.74,160.0,47.6,78.8,78.3,81,NONE,0,0.04,2.9,0.7,47.3
2025-06-14 08:00:00,ukwa,CR-UKW-01,Primary Jaw Crusher,1293,87.8,3.59,179.7,0.0,70.3,84.9,293,NONE,0,0.26,1.5,-2.5,81.0
2025-06-14 08:00:00,tirodi,CR-TIR-01,Primary Jaw Crusher,546,81.9,2.41,174.0,0.0,80.1,89.5,46,NONE,0,-1.7,-4.4,7.3,93.2
2025-06-14 08:00:00,dongri-buzurg,CR-DON-01,Primary Jaw Crusher,2438,84.9,3.19,164.8,0.0,71.4,82.3,438,NONE,0,-0.4,-1.4,-4.6,69.5
2025-06-14 08:00:00,gumgaon,CR-GUM-01,Primary Jaw Crusher,3468,89.8,3.49,164.5,0.0,73.6,78.6,468,NONE,0,0.09,3.5,1.2,54.3
2025-06-14 08:00:00,balaghat,CR-BAL-01,Primary Jaw Crusher,3644,90.7,3.65,161.6,0.0,70.6,77.8,144,NONE,0,0.36,4.4,0.5,49.4
2025-06-14 10:00:00,balaghat,DP-BAL-01,Heavy Haul Truck (35T),3979,97.5,3.04,161.6,48.4,69.2,78.0,479,WARN_THERMAL_DRIFT,0,0.21,5.4,-3.2,46.0
2025-06-14 10:00:00,gumgaon,DP-GUM-01,Heavy Haul Truck (35T),4090,96.9,3.1,156.5,46.4,72.8,77.5,90,WARN_THERMAL_DRIFT,0,0.31,4.8,-5.8,44.1
2025-06-14 10:00:00,dongri-buzurg,DP-DON-01,Heavy Haul Truck (35T),1175,91.5,3.31,179.2,40.3,79.4,85.9,175,NONE,0,0.66,-0.6,2.5,79.7
2025-06-14 10:00:00,tirodi,DP-TIR-01,Heavy Haul Truck (35T),1287,89.3,2.11,171.0,40.5,80.2,87.9,287,NONE,0,-1.33,-2.8,4.3,83.9
2025-06-14 10:00:00,ukwa,DP-UKW-01,Heavy Haul Truck (35T),3451,101.0,3.04,153.7,46.3,71.5,79.6,451,WARN_THERMAL_DRIFT,0,0.21,8.9,-3.6,51.1
2025-06-14 12:00:00,balaghat,DP-BAL-02,Heavy Haul Truck (35T),1334,89.8,2.2,172.4,44.1,74.2,87.6,334,NONE,0,-1.18,-2.3,-5.4,83.3
2025-06-14 12:00:00,dongri-buzurg,DP-DON-02,Heavy Haul Truck (35T),791,95.4,2.11,178.0,41.1,78.5,89.4,291,WARN_THERMAL_DRIFT,0,-1.33,3.3,3.7,88.6
2025-06-14 12:00:00,tirodi,DP-TIR-02,Heavy Haul Truck (35T),1241,85.4,2.2,172.2,41.0,77.3,87.9,241,NONE,0,-1.18,-6.7,3.2,84.5
2025-06-14 12:00:00,ukwa,DP-UKW-02,Heavy Haul Truck (35T),4239,90.2,3.37,159.1,48.3,70.7,76.5,239,NONE,0,0.76,-1.9,-3.4,40.6
2025-06-14 12:00:00,gumgaon,DP-GUM-02,Heavy Haul Truck (35T),2704,92.1,2.77,169.4,46.5,73.7,82.3,204,NONE,0,-0.24,-0.0,-7.5,66.2
2025-06-14 14:00:00,balaghat,DP-BAL-03,Heavy Haul Truck (35T),1770,90.3,2.36,172.1,40.9,74.4,86.0,270,NONE,0,-0.92,-1.8,-1.3,77.9
2025-06-14 14:00:00,ukwa,DP-UKW-03,Heavy Haul Truck (35T),1478,87.1,2.16,170.5,42.3,82.8,87.2,478,NONE,0,-1.25,-5.0,5.4,81.5
2025-06-14 14:00:00,tirodi,DP-TIR-03,Heavy Haul Truck (35T),2933,97.1,2.93,167.7,45.0,77.2,81.3,433,WARN_THERMAL_DRIFT,0,0.03,5.0,8.5,60.8
2025-06-14 14:00:00,gumgaon,DP-GUM-03,Heavy Haul Truck (35T),2793,94.4,3.14,170.2,43.7,69.8,81.3,293,NONE,0,0.38,2.3,-4.9,60.8
2025-06-14 14:00:00,dongri-buzurg,DP-DON-03,Heavy Haul Truck (35T),3141,87.8,2.94,165.9,45.7,77.5,80.7,141,NONE,0,0.05,-4.3,1.9,60.3
2025-06-14 16:00:00,gumgaon,DP-GUM-04,Heavy Haul Truck (35T),3470,99.0,5.27,157.8,48.9,66.6,75.1,470,ERR_HYDRAULIC_BURST,1,3.92,6.9,-8.6,20.2
2025-06-14 16:00:00,ukwa,DP-UKW-04,Heavy Haul Truck (35T),1136,89.5,2.53,184.2,40.1,81.1,87.5,136,NONE,0,-0.63,-2.6,-2.7,85.8
2025-06-14 16:00:00,balaghat,DP-BAL-04,Heavy Haul Truck (35T),1608,94.1,2.5,174.3,40.1,81.6,86.2,108,NONE,0,-0.68,2.0,7.1,79.0
2025-06-14 16:00:00,dongri-buzurg,DP-DON-04,Heavy Haul Truck (35T),1864,86.5,2.32,172.0,41.5,78.9,85.8,364,NONE,0,-0.98,-5.6,7.3,76.7
2025-06-14 16:00:00,tirodi,DP-TIR-04,Heavy Haul Truck (35T),4163,94.2,3.22,164.0,46.3,76.0,77.1,163,NONE,0,0.51,2.1,6.2,42.7
2025-06-14 18:00:00,gumgaon,EX-GUM-01,Face Shovel Excavator,1970,84.0,3.39,176.8,40.5,76.7,83.3,470,NONE,0,1.09,4.3,-4.3,64.2
2025-06-14 18:00:00,dongri-buzurg,EX-DON-01,Face Shovel Excavator,4373,77.2,2.87,162.4,46.7,74.4,77.1,373,NONE,0,0.24,-2.5,0.3,43.3
2025-06-14 18:00:00,tirodi,EX-TIR-01,Face Shovel Excavator,585,71.8,1.43,174.8,39.4,85.4,91.4,85,NONE,0,-2.14,-7.9,1.3,92.7
2025-06-14 18:00:00,ukwa,EX-UKW-01,Face Shovel Excavator,3466,74.8,2.72,161.7,47.1,75.2,80.2,466,NONE,0,-0.01,-4.9,11.2,56.7
2025-06-14 18:00:00,balaghat,EX-BAL-01,Face Shovel Excavator,1575,82.7,2.2,162.9,41.9,74.3,86.9,75,NONE,0,-0.87,3.0,-2.8,79.0
2025-06-14 20:00:00,dongri-buzurg,EX-DON-02,Face Shovel Excavator,2911,77.6,2.53,165.2,46.7,76.5,82.2,411,NONE,0,-0.33,-2.1,-5.6,63.6
2025-06-14 20:00:00,tirodi,EX-TIR-02,Face Shovel Excavator,4398,86.8,3.63,146.2,45.9,69.4,75.5,398,NONE,0,1.49,7.1,-4.8,29.2
2025-06-14 20:00:00,gumgaon,EX-GUM-02,Face Shovel Excavator,3399,78.0,2.84,162.6,45.3,76.8,80.1,399,NONE,0,0.19,-1.7,1.7,55.9
2025-06-14 20:00:00,ukwa,EX-UKW-02,Face Shovel Excavator,3309,82.0,2.53,167.4,44.2,77.0,81.0,309,NONE,0,-0.33,2.3,-0.1,57.6
2025-06-14 20:00:00,balaghat,EX-BAL-02,Face Shovel Excavator,4254,81.4,2.75,155.1,45.7,71.3,77.7,254,NONE,0,0.04,1.7,-3.0,45.7
2025-06-14 22:00:00,gumgaon,DR-GUM-01,Rotary Blast Drill,2119,80.3,2.21,168.9,42.9,76.2,85.2,119,NONE,0,-0.93,1.3,-0.7,72.9
2025-06-14 22:00:00,balaghat,DR-BAL-01,Rotary Blast Drill,3576,81.3,2.68,157.5,47.9,71.9,79.9,76,NONE,0,0.12,2.3,-10.2,53.2
2025-06-14 22:00:00,ukwa,DR-UKW-01,Rotary Blast Drill,2542,71.7,2.19,161.9,42.1,74.6,84.0,42,NONE,0,-0.97,-7.3,4.8,68.2
2025-06-14 22:00:00,dongri-buzurg,DR-DON-01,Rotary Blast Drill,2764,75.9,2.52,173.5,43.2,79.7,82.7,264,NONE,0,-0.24,-3.1,0.3,65.4
2025-06-14 22:00:00,tirodi,DR-TIR-01,Rotary Blast Drill,3082,79.2,2.36,173.4,46.7,74.2,82.0,82,NONE,0,-0.59,0.2,-1.0,61.4
2025-06-15 00:00:00,gumgaon,DZ-GUM-01,Tracked Bulldozer,4076,78.8,3.72,164.8,47.9,70.2,76.3,76,NONE,0,1.96,-0.7,-7.8,32.4
2025-06-15 00:00:00,dongri-buzurg,DZ-DON-01,Tracked Bulldozer,2286,77.5,2.03,177.4,45.5,79.9,85.1,286,NONE,0,-1.62,-2.0,3.6,71.4
2025-06-15 00:00:00,balaghat,DZ-BAL-01,Tracked Bulldozer,2124,73.5,2.11,182.5,44.1,78.8,85.4,124,NONE,0,-1.45,-6.0,7.3,73.4
2025-06-15 00:00:00,ukwa,DZ-UKW-01,Tracked Bulldozer,4139,77.8,2.78,161.6,45.1,76.2,78.0,139,NONE,0,-0.03,-1.7,3.9,48.3
2025-06-15 00:00:00,tirodi,DZ-TIR-01,Tracked Bulldozer,4033,81.8,2.73,157.6,49.9,73.9,78.4,33,NONE,0,-0.14,2.3,-2.1,48.6
2025-06-15 02:00:00,dongri-buzurg,LD-DON-01,Wheel Loader,1855,78.1,2.13,176.2,42.2,76.5,86.2,355,NONE,0,-1.28,-0.8,1.7,76.8
2025-06-15 02:00:00,ukwa,LD-UKW-01,Wheel Loader,3815,79.7,2.73,161.8,49.6,72.7,79.1,315,NONE,0,0.02,0.8,-1.8,51.8
2025-06-15 02:00:00,tirodi,LD-TIR-01,Wheel Loader,3361,82.8,3.1,165.7,45.1,78.3,79.7,361,NONE,0,0.82,3.9,-2.2,49.3
2025-06-15 02:00:00,gumgaon,LD-GUM-01,Wheel Loader,4101,72.2,2.85,165.1,49.1,79.0,78.0,101,NONE,0,0.28,-6.7,0.2,46.4
2025-06-15 02:00:00,balaghat,LD-BAL-01,Wheel Loader,2657,78.1,2.25,163.8,44.4,78.2,83.5,157,NONE,0,-1.02,-0.8,8.1,66.8
2025-06-15 04:00:00,gumgaon,CR-GUM-01,Primary Jaw Crusher,3488,84.4,3.58,160.7,0.0,70.9,78.4,488,NONE,0,0.24,-1.9,-2.7,54.4
2025-06-15 04:00:00,tirodi,CR-TIR-01,Primary Jaw Crusher,566,82.7,2.53,171.9,0.0,71.2,89.2,66,NONE,0,-1.5,-3.6,-8.9,92.9
2025-06-15 04:00:00,ukwa,CR-UKW-01,Primary Jaw Crusher,1313,80.6,3.29,178.4,0.0,70.6,85.5,313,NONE,0,-0.24,-5.7,0.3,83.6
2025-06-15 04:00:00,balaghat,CR-BAL-01,Primary Jaw Crusher,3664,92.3,3.88,158.2,0.0,70.4,77.2,164,NONE,0,0.74,6.0,-0.2,45.2
2025-06-15 04:00:00,dongri-buzurg,CR-DON-01,Primary Jaw Crusher,2458,82.5,3.17,167.4,0.0,77.4,82.3,458,NONE,0,-0.44,-3.8,6.0,69.3
2025-06-15 06:00:00,dongri-buzurg,DP-DON-01,Heavy Haul Truck (35T),1195,90.8,2.96,172.6,41.1,77.5,86.5,195,NONE,0,0.08,-1.3,-1.9,84.4
2025-06-15 06:00:00,gumgaon,DP-GUM-01,Heavy Haul Truck (35T),4110,94.8,3.44,150.5,45.3,65.8,76.8,110,NONE,0,0.88,2.7,-7.0,39.9
2025-06-15 06:00:00,balaghat,DP-BAL-01,Heavy Haul Truck (35T),3999,100.9,3.51,152.2,49.5,71.0,77.0,499,WARN_THERMAL_DRIFT,0,0.99,8.8,1.8,37.6
2025-06-15 06:00:00,ukwa,DP-UKW-01,Heavy Haul Truck (35T),3471,94.2,3.3,171.7,48.1,74.3,79.0,471,NONE,0,0.65,2.1,2.8,50.1
2025-06-15 06:00:00,tirodi,DP-TIR-01,Heavy Haul Truck (35T),1307,93.6,2.33,180.4,43.5,73.5,87.4,307,NONE,0,-0.97,1.5,-6.7,83.0
2025-06-15 08:00:00,dongri-buzurg,DP-DON-02,Heavy Haul Truck (35T),811,94.4,3.27,173.1,37.4,76.9,87.0,311,NONE,0,0.6,2.3,-1.6,83.7
2025-06-15 08:00:00,gumgaon,DP-GUM-02,Heavy Haul Truck (35T),2724,90.8,3.03,169.9,44.1,75.3,81.8,224,NONE,0,0.2,-1.3,1.6,64.2
2025-06-15 08:00:00,ukwa,DP-UKW-02,Heavy Haul Truck (35T),4259,93.8,3.22,150.1,47.2,73.3,76.8,259,NONE,0,0.51,1.7,2.6,41.7
2025-06-15 08:00:00,balaghat,DP-BAL-02,Heavy Haul Truck (35T),1354,87.7,2.73,177.9,41.8,73.5,86.5,354,NONE,0,-0.3,-4.4,-0.7,83.1
2025-06-15 08:00:00,tirodi,DP-TIR-02,Heavy Haul Truck (35T),1261,85.4,2.13,172.0,41.8,79.2,88.0,261,NONE,0,-1.3,-6.7,1.9,84.2
2025-06-15 10:00:00,gumgaon,DP-GUM-03,Heavy Haul Truck (35T),2813,85.8,2.7,168.7,42.0,77.9,82.2,313,NONE,0,-0.35,-6.3,8.1,64.8
2025-06-15 10:00:00,tirodi,DP-TIR-03,Heavy Haul Truck (35T),2953,92.2,2.79,162.2,47.4,75.9,81.6,453,NONE,0,-0.2,0.1,-1.3,63.0
2025-06-15 10:00:00,balaghat,DP-BAL-03,Heavy Haul Truck (35T),1790,92.7,3.24,164.5,42.5,72.7,84.1,290,NONE,0,0.55,0.6,-1.7,72.7
2025-06-15 10:00:00,dongri-buzurg,DP-DON-03,Heavy Haul Truck (35T),3161,90.8,2.97,158.8,44.7,72.6,80.6,161,NONE,0,0.1,-1.3,-4.9,59.6
2025-06-15 10:00:00,ukwa,DP-UKW-03,Heavy Haul Truck (35T),1498,95.7,2.78,179.7,40.6,76.8,85.9,498,WARN_THERMAL_DRIFT,0,-0.22,3.6,-6.0,79.7
2025-06-15 12:00:00,dongri-buzurg,DP-DON-04,Heavy Haul Truck (35T),1884,89.7,2.46,167.5,42.3,79.6,85.4,384,NONE,0,-0.75,-2.4,0.7,76.4
2025-06-15 12:00:00,tirodi,DP-TIR-04,Heavy Haul Truck (35T),4183,97.7,3.41,161.6,45.9,70.3,76.6,183,WARN_THERMAL_DRIFT,0,0.83,5.6,-5.7,38.1
2025-06-15 12:00:00,gumgaon,DP-GUM-04,Heavy Haul Truck (35T),3490,88.3,3.6,158.7,46.7,72.4,78.3,490,NONE,0,1.14,-3.8,5.8,46.7
2025-06-15 12:00:00,ukwa,DP-UKW-04,Heavy Haul Truck (35T),1156,92.7,2.73,165.6,39.1,69.8,87.1,156,NONE,0,-0.3,0.6,-11.3,85.3
2025-06-15 12:00:00,balaghat,DP-BAL-04,Heavy Haul Truck (35T),1628,95.5,3.01,175.0,42.9,77.0,85.1,128,WARN_THERMAL_DRIFT,0,0.16,3.4,-4.6,76.8
2025-06-15 14:00:00,balaghat,EX-BAL-01,Face Shovel Excavator,1595,77.5,1.89,164.4,44.8,79.3,87.4,95,NONE,0,-1.38,-2.2,5.0,80.1
2025-06-15 14:00:00,ukwa,EX-UKW-01,Face Shovel Excavator,3486,77.9,2.58,165.9,43.4,75.9,80.4,486,NONE,0,-0.24,-1.8,0.7,56.4
2025-06-15 14:00:00,tirodi,EX-TIR-01,Face Shovel Excavator,605,73.7,1.67,175.0,38.1,80.7,90.8,105,NONE,0,-1.75,-6.0,-4.7,92.4
2025-06-15 14:00:00,gumgaon,EX-GUM-01,Face Shovel Excavator,1990,76.4,2.27,167.6,40.9,76.3,85.5,490,NONE,0,-0.76,-3.3,-0.4,75.1
2025-06-15 14:00:00,dongri-buzurg,EX-DON-01,Face Shovel Excavator,4393,86.2,3.27,157.0,45.6,79.6,76.3,393,NONE,0,0.9,6.5,5.2,34.5
2025-06-15 16:00:00,gumgaon,EX-GUM-02,Face Shovel Excavator,3419,82.3,2.45,164.4,43.3,77.3,80.8,419,NONE,0,-0.46,2.6,0.5,56.1
2025-06-15 16:00:00,dongri-buzurg,EX-DON-02,Face Shovel Excavator,2931,81.2,2.91,172.9,42.4,76.3,81.4,431,NONE,0,0.3,1.5,-0.2,60.1
2025-06-15 16:00:00,tirodi,EX-TIR-02,Face Shovel Excavator,4418,82.9,2.8,157.0,51.5,72.3,77.1,418,NONE,0,0.12,3.2,2.9,42.3
2025-06-15 16:00:00,balaghat,EX-BAL-02,Face Shovel Excavator,4274,87.2,3.89,159.3,45.5,67.3,75.4,274,NONE,0,1.92,7.5,-4.0,26.9
2025-06-15 16:00:00,ukwa,EX-UKW-02,Face Shovel Excavator,3329,83.3,2.75,163.4,43.5,79.1,80.5,329,NONE,0,0.04,3.6,2.1,56.4
2025-06-15 18:00:00,tirodi,DR-TIR-01,Rotary Blast Drill,3102,83.2,3.26,158.4,48.0,73.5,80.2,102,NONE,0,1.41,4.2,-0.7,47.4
2025-06-15 18:00:00,ukwa,DR-UKW-01,Rotary Blast Drill,2562,82.8,2.56,167.0,43.5,74.7,83.2,62,NONE,0,-0.15,3.8,0.1,66.3
2025-06-15 18:00:00,gumgaon,DR-GUM-01,Rotary Blast Drill,2139,77.1,2.65,163.5,43.7,72.1,84.3,139,NONE,0,0.05,-1.9,-4.1,72.8
2025-06-15 18:00:00,dongri-buzurg,DR-DON-01,Rotary Blast Drill,2784,84.9,2.81,169.8,44.8,77.2,82.0,284,NONE,0,0.41,5.9,-2.5,59.1
2025-06-15 18:00:00,balaghat,DR-BAL-01,Rotary Blast Drill,3596,86.5,3.53,167.7,48.7,71.9,78.2,96,NONE,0,2.02,7.5,0.0,34.5
2025-06-15 20:00:00,gumgaon,DZ-GUM-01,Tracked Bulldozer,4096,83.9,2.8,168.8,49.3,72.2,78.1,96,NONE,0,0.01,4.4,2.0,46.7
2025-06-15 20:00:00,dongri-buzurg,DZ-DON-01,Tracked Bulldozer,2306,80.5,2.09,176.1,45.0,77.3,84.9,306,NONE,0,-1.49,1.0,-2.6,70.7
2025-06-15 20:00:00,ukwa,DZ-UKW-01,Tracked Bulldozer,4159,72.4,2.85,154.7,47.6,75.1,77.8,159,NONE,0,0.12,-7.1,-1.1,47.0
2025-06-15 20:00:00,tirodi,DZ-TIR-01,Tracked Bulldozer,4053,84.8,3.23,164.8,45.9,75.5,77.4,53,NONE,0,0.92,5.3,1.6,39.1
2025-06-15 20:00:00,balaghat,DZ-BAL-01,Tracked Bulldozer,2144,72.0,2.13,171.8,40.9,79.1,85.3,144,NONE,0,-1.41,-7.5,0.3,73.2
2025-06-15 22:00:00,gumgaon,LD-GUM-01,Wheel Loader,4121,82.2,2.86,163.6,50.7,76.4,77.9,121,NONE,0,0.3,3.3,-2.6,44.5
2025-06-15 22:00:00,dongri-buzurg,LD-DON-01,Wheel Loader,1875,77.9,2.76,172.4,44.1,76.2,84.9,375,NONE,0,0.08,-1.0,-0.3,75.9
2025-06-15 22:00:00,ukwa,LD-UKW-01,Wheel Loader,3835,83.3,2.97,158.6,46.8,77.8,78.6,335,NONE,0,0.54,4.4,5.1,45.5
2025-06-15 22:00:00,tirodi,LD-TIR-01,Wheel Loader,3381,75.0,2.52,170.3,47.8,75.7,80.8,381,NONE,0,-0.44,-3.9,-2.6,57.7
2025-06-15 22:00:00,balaghat,LD-BAL-01,Wheel Loader,2677,76.1,2.33,165.3,43.3,77.9,83.3,177,NONE,0,-0.85,-2.8,-0.3,66.5
2025-06-16 00:00:00,dongri-buzurg,CR-DON-01,Primary Jaw Crusher,2478,89.3,3.46,169.2,0.0,78.0,81.6,478,NONE,0,0.04,3.0,0.6,67.3
2025-06-16 00:00:00,tirodi,CR-TIR-01,Primary Jaw Crusher,586,84.9,2.65,179.3,0.0,72.5,88.9,86,NONE,0,-1.3,-1.4,1.3,92.7
2025-06-16 00:00:00,gumgaon,CR-GUM-01,Primary Jaw Crusher,3508,89.3,3.86,168.9,0.0,74.5,77.8,8,NONE,0,0.71,3.0,3.6,48.8
2025-06-16 00:00:00,balaghat,CR-BAL-01,Primary Jaw Crusher,3684,85.9,3.84,166.8,0.0,73.3,77.3,184,NONE,0,0.67,-0.4,2.9,48.3
2025-06-16 00:00:00,ukwa,CR-UKW-01,Primary Jaw Crusher,1333,86.5,2.89,172.4,0.0,74.5,86.2,333,NONE,0,-0.9,0.2,3.9,83.2
2025-06-16 02:00:00,gumgaon,DP-GUM-01,Heavy Haul Truck (35T),4130,96.9,3.57,162.5,46.6,73.3,76.5,130,WARN_THERMAL_DRIFT,0,1.09,4.8,7.5,37.0
2025-06-16 02:00:00,tirodi,DP-TIR-01,Heavy Haul Truck (35T),1327,91.7,2.21,169.8,39.8,77.0,87.6,327,NONE,0,-1.17,-0.4,3.5,83.4
2025-06-16 02:00:00,ukwa,DP-UKW-01,Heavy Haul Truck (35T),3491,88.9,2.9,157.5,46.5,76.0,79.7,491,NONE,0,-0.02,-3.2,1.7,56.4
2025-06-16 02:00:00,balaghat,DP-BAL-01,Heavy Haul Truck (35T),4019,95.4,3.43,160.3,50.3,75.8,77.1,19,WARN_THERMAL_DRIFT,0,0.86,3.3,4.8,41.0
2025-06-16 02:00:00,dongri-buzurg,DP-DON-01,Heavy Haul Truck (35T),1215,92.7,2.11,183.0,39.5,77.9,88.1,215,NONE,0,-1.33,0.6,0.4,84.5
2025-06-16 04:00:00,tirodi,DP-TIR-02,Heavy Haul Truck (35T),1281,92.2,2.16,173.1,38.7,81.2,87.8,281,NONE,0,-1.25,0.1,2.0,83.9
2025-06-16 04:00:00,ukwa,DP-UKW-02,Heavy Haul Truck (35T),4279,97.2,3.14,152.7,48.2,72.6,76.9,279,WARN_THERMAL_DRIFT,0,0.38,5.1,-0.7,41.0
2025-06-16 04:00:00,gumgaon,DP-GUM-02,Heavy Haul Truck (35T),2744,93.3,3.0,165.9,41.8,70.9,81.8,244,NONE,0,0.15,1.2,-4.4,63.9
2025-06-16 04:00:00,dongri-buzurg,DP-DON-02,Heavy Haul Truck (35T),831,84.5,1.99,171.9,38.3,81.6,89.5,331,NONE,0,-1.53,-7.6,4.7,89.6
2025-06-16 04:00:00,balaghat,DP-BAL-02,Heavy Haul Truck (35T),1374,89.7,2.74,180.2,41.2,78.4,86.4,374,NONE,0,-0.28,-2.4,4.9,82.8
2025-06-16 06:00:00,ukwa,DP-UKW-03,Heavy Haul Truck (35T),1518,91.7,2.89,176.8,44.1,72.2,85.7,18,NONE,0,-0.04,-0.4,-4.6,81.0
2025-06-16 06:00:00,dongri-buzurg,DP-DON-03,Heavy Haul Truck (35T),3181,92.2,3.03,159.6,47.6,78.9,80.4,181,NONE,0,0.2,0.1,6.3,58.5
2025-06-16 06:00:00,tirodi,DP-TIR-03,Heavy Haul Truck (35T),2973,95.3,2.71,165.8,44.3,78.1,81.7,473,WARN_THERMAL_DRIFT,0,-0.33,3.2,2.2,61.4
2025-06-16 06:00:00,gumgaon,DP-GUM-03,Heavy Haul Truck (35T),2833,94.1,3.12,163.2,44.8,72.0,81.3,333,NONE,0,0.35,2.0,-5.9,60.7
2025-06-16 06:00:00,balaghat,DP-BAL-03,Heavy Haul Truck (35T),1810,97.5,3.91,168.7,41.9,74.8,82.8,310,WARN_THERMAL_DRIFT,0,1.66,5.4,2.1,60.8
2025-06-16 08:00:00,balaghat,DP-BAL-04,Heavy Haul Truck (35T),1648,90.0,2.73,170.4,41.1,72.7,85.6,148,NONE,0,-0.3,-2.1,-4.3,79.4
2025-06-16 08:00:00,ukwa,DP-UKW-04,Heavy Haul Truck (35T),1176,88.0,2.13,177.0,43.7,78.7,88.2,176,NONE,0,-1.3,-4.1,8.9,85.3
2025-06-16 08:00:00,tirodi,DP-TIR-04,Heavy Haul Truck (35T),4203,98.5,3.68,153.6,45.3,70.9,76.0,203,WARN_THERMAL_DRIFT,0,1.28,6.4,0.6,33.7
2025-06-16 08:00:00,dongri-buzurg,DP-DON-04,Heavy Haul Truck (35T),1904,89.1,2.72,174.8,43.7,76.1,84.8,404,NONE,0,-0.32,-3.0,-3.5,76.2
2025-06-16 08:00:00,gumgaon,DP-GUM-04,Heavy Haul Truck (35T),3510,94.6,3.85,160.6,48.0,73.3,77.8,10,NONE,0,1.56,2.5,0.9,41.7
2025-06-16 10:00:00,ukwa,EX-UKW-01,Face Shovel Excavator,3506,78.9,2.77,154.8,47.6,75.2,79.9,6,NONE,0,0.07,-0.8,-0.7,55.6
2025-06-16 10:00:00,gumgaon,EX-GUM-01,Face Shovel Excavator,2010,76.4,1.99,163.8,40.8,81.1,86.0,10,NONE,0,-1.22,-3.3,4.8,74.9
2025-06-16 10:00:00,balaghat,EX-BAL-01,Face Shovel Excavator,1615,72.3,1.89,171.8,41.2,80.2,87.4,115,NONE,0,-1.38,-7.4,0.9,79.8
2025-06-16 10:00:00,dongri-buzurg,EX-DON-01,Face Shovel Excavator,4413,81.2,3.19,152.1,46.7,71.0,76.4,413,NONE,0,0.76,1.5,-8.6,37.7
2025-06-16 10:00:00,tirodi,EX-TIR-01,Face Shovel Excavator,625,79.9,1.83,180.3,41.1,76.5,90.5,125,NONE,0,-1.48,0.2,-4.2,92.1
2025-06-16 12:00:00,dongri-buzurg,EX-DON-02,Face Shovel Excavator,2951,81.1,2.74,158.4,43.7,78.8,81.7,451,NONE,0,0.02,1.4,2.5,62.3
2025-06-16 12:00:00,tirodi,EX-TIR-02,Face Shovel Excavator,4438,77.9,3.05,168.8,51.0,78.0,76.6,438,NONE,0,0.53,-1.8,5.7,40.0
2025-06-16 12:00:00,balaghat,EX-BAL-02,Face Shovel Excavator,4294,84.9,3.2,157.5,51.0,80.5,76.7,294,NONE,0,0.78,5.2,13.2,37.4
2025-06-16 12:00:00,ukwa,EX-UKW-02,Face Shovel Excavator,3349,72.8,2.49,165.0,48.8,75.3,81.0,349,NONE,0,-0.39,-6.9,-3.8,58.1
2025-06-16 12:00:00,gumgaon,EX-GUM-02,Face Shovel Excavator,3439,85.3,2.9,165.5,45.1,68.4,79.9,439,NONE,0,0.29,5.6,-8.9,52.0
2025-06-16 14:00:00,dongri-buzurg,DR-DON-01,Rotary Blast Drill,2804,81.7,2.81,162.5,42.3,77.1,82.0,304,NONE,0,0.41,2.7,-0.1,60.2
2025-06-16 14:00:00,gumgaon,DR-GUM-01,Rotary Blast Drill,2159,79.1,3.63,164.1,42.3,68.5,82.3,159,NONE,0,2.24,0.1,-3.6,53.9
2025-06-16 14:00:00,tirodi,DR-TIR-01,Rotary Blast Drill,3122,80.4,2.97,157.3,44.9,73.2,80.7,122,NONE,0,0.77,1.4,-0.3,53.8
2025-06-16 14:00:00,ukwa,DR-UKW-01,Rotary Blast Drill,2582,72.2,2.24,172.5,45.5,77.8,83.8,82,NONE,0,-0.86,-6.8,3.1,67.7
2025-06-16 14:00:00,balaghat,DR-BAL-01,Rotary Blast Drill,3616,76.5,2.57,162.8,47.3,77.9,80.0,116,NONE,0,-0.12,-2.5,6.0,54.8
2025-06-16 16:00:00,ukwa,DZ-UKW-01,Tracked Bulldozer,4179,81.7,3.05,156.3,46.0,72.2,77.4,179,NONE,0,0.54,2.2,-2.9,42.2
2025-06-16 16:00:00,gumgaon,DZ-GUM-01,Tracked Bulldozer,4116,81.7,3.01,158.5,46.5,76.5,77.6,116,NONE,0,0.46,2.2,4.3,43.7
2025-06-16 16:00:00,dongri-buzurg,DZ-DON-01,Tracked Bulldozer,2326,75.1,2.52,158.6,40.8,75.7,84.0,326,NONE,0,-0.58,-4.4,-1.6,70.9
2025-06-16 16:00:00,tirodi,DZ-TIR-01,Tracked Bulldozer,4073,82.6,3.37,151.9,49.6,76.8,77.0,73,NONE,0,1.22,3.1,1.3,37.3
2025-06-16 16:00:00,balaghat,DZ-BAL-01,Tracked Bulldozer,2164,75.3,2.27,166.5,41.5,79.5,85.0,164,NONE,0,-1.11,-4.2,0.4,73.0
2025-06-16 18:00:00,dongri-buzurg,LD-DON-01,Wheel Loader,1895,79.0,2.21,171.0,41.5,77.3,85.9,395,NONE,0,-1.11,0.1,1.1,76.3
2025-06-16 18:00:00,gumgaon,LD-GUM-01,Wheel Loader,4141,80.5,2.76,159.0,50.6,77.0,78.1,141,NONE,0,0.08,1.6,0.6,46.8
2025-06-16 18:00:00,balaghat,LD-BAL-01,Wheel Loader,2697,75.6,2.34,173.6,45.6,75.8,83.2,197,NONE,0,-0.83,-3.3,-2.1,66.3
2025-06-16 18:00:00,ukwa,LD-UKW-01,Wheel Loader,3855,82.5,2.8,165.4,45.0,74.2,78.8,355,NONE,0,0.17,3.6,-3.6,48.7
2025-06-16 18:00:00,tirodi,LD-TIR-01,Wheel Loader,3401,73.9,2.54,163.9,43.8,75.9,80.7,401,NONE,0,-0.39,-5.0,0.2,57.5
2025-06-16 20:00:00,balaghat,CR-BAL-01,Primary Jaw Crusher,3704,85.2,3.6,164.6,0.0,72.4,77.7,204,NONE,0,0.28,-1.1,-0.9,51.3
2025-06-16 20:00:00,dongri-buzurg,CR-DON-01,Primary Jaw Crusher,2498,87.7,4.01,171.2,0.0,71.0,80.5,498,NONE,0,0.96,1.4,-7.0,60.0
2025-06-16 20:00:00,gumgaon,CR-GUM-01,Primary Jaw Crusher,3528,85.2,3.92,159.4,0.0,68.6,77.6,28,NONE,0,0.81,-1.1,-5.9,49.0
2025-06-16 20:00:00,tirodi,CR-TIR-01,Primary Jaw Crusher,606,81.3,2.54,181.6,0.0,75.3,89.1,106,NONE,0,-1.48,-5.0,2.8,92.4
2025-06-16 20:00:00,ukwa,CR-UKW-01,Primary Jaw Crusher,1353,86.2,3.02,169.4,0.0,74.0,85.9,353,NONE,0,-0.69,-0.1,-0.5,83.1
2025-06-16 22:00:00,ukwa,DP-UKW-01,Heavy Haul Truck (35T),3511,96.2,3.13,162.6,46.4,76.3,79.2,11,WARN_THERMAL_DRIFT,0,0.36,4.1,0.3,51.2
2025-06-16 22:00:00,gumgaon,DP-GUM-01,Heavy Haul Truck (35T),4150,92.3,3.16,158.4,49.7,71.0,77.2,150,NONE,0,0.41,0.2,-2.3,44.6
2025-06-16 22:00:00,dongri-buzurg,DP-DON-01,Heavy Haul Truck (35T),1235,90.2,2.16,170.3,38.5,78.7,88.0,235,NONE,0,-1.25,-1.9,0.8,84.6
2025-06-16 22:00:00,balaghat,DP-BAL-01,Heavy Haul Truck (35T),4039,89.0,3.41,155.6,50.0,73.1,77.1,39,NONE,0,0.83,-3.1,-2.7,42.5
2025-06-16 22:00:00,tirodi,DP-TIR-01,Heavy Haul Truck (35T),1347,95.3,2.13,172.5,44.0,77.9,87.7,347,WARN_THERMAL_DRIFT,0,-1.3,3.2,0.9,81.7
2025-06-17 00:00:00,tirodi,DP-TIR-02,Heavy Haul Truck (35T),1301,89.2,2.54,179.9,40.1,76.2,87.0,301,NONE,0,-0.62,-2.9,-5.0,83.7
2025-06-17 00:00:00,balaghat,DP-BAL-02,Heavy Haul Truck (35T),1394,91.3,2.23,178.4,41.7,77.4,87.4,394,NONE,0,-1.13,-0.8,-1.0,82.6
2025-06-17 00:00:00,gumgaon,DP-GUM-02,Heavy Haul Truck (35T),2764,92.4,2.66,161.7,42.8,80.1,82.4,264,NONE,0,-0.42,0.3,9.2,65.3
2025-06-17 00:00:00,ukwa,DP-UKW-02,Heavy Haul Truck (35T),4299,92.3,3.49,160.1,50.2,70.0,76.1,299,NONE,0,0.96,0.2,-2.6,38.0
2025-06-17 00:00:00,dongri-buzurg,DP-DON-02,Heavy Haul Truck (35T),851,103.5,4.63,171.7,41.9,64.1,84.2,351,WARN_HARMONIC_VIB,0,2.86,11.4,-17.5,59.9
2025-06-17 02:00:00,dongri-buzurg,DP-DON-03,Heavy Haul Truck (35T),3201,91.5,2.93,165.7,44.6,79.1,80.5,201,NONE,0,0.03,-0.6,0.2,59.7
2025-06-17 02:00:00,gumgaon,DP-GUM-03,Heavy Haul Truck (35T),2853,87.9,2.94,171.6,45.6,78.2,81.6,353,NONE,0,0.05,-4.2,6.2,63.9
2025-06-17 02:00:00,tirodi,DP-TIR-03,Heavy Haul Truck (35T),2993,87.1,3.0,158.3,47.9,76.7,81.0,493,NONE,0,0.15,-5.0,-1.4,61.3
2025-06-17 02:00:00,ukwa,DP-UKW-03,Heavy Haul Truck (35T),1538,91.2,2.77,168.3,42.5,74.8,85.8,38,NONE,0,-0.24,-0.9,2.6,80.8
2025-06-17 02:00:00,balaghat,DP-BAL-03,Heavy Haul Truck (35T),1830,87.5,2.45,175.3,42.4,74.1,85.6,330,NONE,0,-0.77,-4.6,-0.7,77.1
2025-06-17 04:00:00,balaghat,DP-BAL-04,Heavy Haul Truck (35T),1668,91.8,2.23,166.4,39.5,77.9,86.5,168,NONE,0,-1.13,-0.3,5.2,79.2
2025-06-17 04:00:00,dongri-buzurg,DP-DON-04,Heavy Haul Truck (35T),1924,93.6,2.72,177.0,44.2,79.0,84.8,424,NONE,0,-0.32,1.5,2.9,75.3
2025-06-17 04:00:00,tirodi,DP-TIR-04,Heavy Haul Truck (35T),4223,86.1,3.19,157.7,47.8,68.4,77.0,223,NONE,0,0.46,-6.0,-2.5,43.3
2025-06-17 04:00:00,gumgaon,DP-GUM-04,Heavy Haul Truck (35T),3530,92.4,2.99,159.6,48.8,78.2,79.4,30,NONE,0,0.13,0.3,4.9,54.6
2025-06-17 04:00:00,ukwa,DP-UKW-04,Heavy Haul Truck (35T),1196,96.2,2.88,171.8,40.1,79.8,86.7,196,WARN_THERMAL_DRIFT,0,-0.05,4.1,1.1,83.2
2025-06-17 06:00:00,tirodi,EX-TIR-01,Face Shovel Excavator,645,81.6,1.65,181.3,41.5,83.9,90.8,145,NONE,0,-1.78,1.9,7.4,91.1
2025-06-17 06:00:00,balaghat,EX-BAL-01,Face Shovel Excavator,1635,80.8,2.05,177.9,41.0,79.8,87.0,135,NONE,0,-1.12,1.1,-0.4,79.1
2025-06-17 06:00:00,dongri-buzurg,EX-DON-01,Face Shovel Excavator,4433,88.5,3.19,159.1,49.1,76.8,76.3,433,NONE,0,0.76,8.8,5.8,34.2
2025-06-17 06:00:00,ukwa,EX-UKW-01,Face Shovel Excavator,3526,84.5,2.65,162.4,46.3,78.8,80.1,26,NONE,0,-0.13,4.8,3.6,53.8
2025-06-17 06:00:00,gumgaon,EX-GUM-01,Face Shovel Excavator,2030,85.0,3.84,172.4,43.9,68.1,82.2,30,NONE,0,1.84,5.3,-13.0,56.6
2025-06-17 08:00:00,dongri-buzurg,EX-DON-02,Face Shovel Excavator,2971,84.2,4.14,173.0,46.4,65.3,78.8,471,NONE,0,2.33,4.5,-13.5,41.0
2025-06-17 08:00:00,balaghat,EX-BAL-02,Face Shovel Excavator,4314,75.7,3.21,160.7,50.6,75.3,76.6,314,NONE,0,0.8,-4.0,-5.2,39.3
2025-06-17 08:00:00,ukwa,EX-UKW-02,Face Shovel Excavator,3369,83.6,4.81,163.0,46.2,68.0,76.3,369,WARN_HARMONIC_VIB,0,3.44,3.9,-7.3,26.9
2025-06-17 08:00:00,gumgaon,EX-GUM-02,Face Shovel Excavator,3459,87.4,4.01,159.5,43.9,70.3,77.6,459,NONE,0,2.12,7.7,1.9,35.3
2025-06-17 08:00:00,tirodi,EX-TIR-02,Face Shovel Excavator,4458,85.1,2.92,166.6,47.9,68.9,76.8,458,NONE,0,0.32,5.4,-9.1,39.1
2025-06-17 10:00:00,dongri-buzurg,DR-DON-01,Rotary Blast Drill,2824,76.9,2.58,167.7,43.0,70.1,82.4,324,NONE,0,-0.1,-2.1,-7.0,64.7
2025-06-17 10:00:00,ukwa,DR-UKW-01,Rotary Blast Drill,2602,81.8,2.76,161.9,46.4,78.2,82.7,102,NONE,0,0.3,2.8,0.4,63.7
2025-06-17 10:00:00,gumgaon,DR-GUM-01,Rotary Blast Drill,2179,77.5,2.18,163.9,42.9,84.0,85.1,179,NONE,0,-0.99,-1.5,15.5,72.8
2025-06-17 10:00:00,balaghat,DR-BAL-01,Rotary Blast Drill,3636,85.6,3.27,163.8,48.7,75.4,78.6,136,NONE,0,1.44,6.6,-2.5,39.3
2025-06-17 10:00:00,tirodi,DR-TIR-01,Rotary Blast Drill,3142,77.5,2.39,163.0,46.6,76.7,81.8,142,NONE,0,-0.53,-1.5,3.5,60.7
2025-06-17 12:00:00,gumgaon,DZ-GUM-01,Tracked Bulldozer,4136,81.2,2.84,162.2,46.4,74.8,77.9,136,NONE,0,0.1,1.7,-1.7,46.7
2025-06-17 12:00:00,dongri-buzurg,DZ-DON-01,Tracked Bulldozer,2346,87.9,4.22,172.7,44.2,68.8,80.5,346,NONE,0,3.02,8.4,-6.9,41.2
2025-06-17 12:00:00,tirodi,DZ-TIR-01,Tracked Bulldozer,4093,80.5,3.11,165.0,48.3,74.1,77.5,93,NONE,0,0.67,1.0,-2.7,42.7
2025-06-17 12:00:00,ukwa,DZ-UKW-01,Tracked Bulldozer,4199,82.1,3.61,157.7,50.9,72.1,76.2,199,NONE,0,1.73,2.6,-0.1,31.6
2025-06-17 12:00:00,balaghat,DZ-BAL-01,Tracked Bulldozer,2184,81.9,2.46,176.7,44.8,76.4,84.5,184,NONE,0,-0.71,2.4,-3.1,71.6
2025-06-17 14:00:00,tirodi,LD-TIR-01,Wheel Loader,3421,83.7,3.37,173.2,48.1,68.5,79.0,421,NONE,0,1.4,4.8,-7.4,43.2
2025-06-17 14:00:00,dongri-buzurg,LD-DON-01,Wheel Loader,1915,75.5,2.34,165.1,45.2,81.9,85.6,415,NONE,0,-0.83,-3.4,4.6,76.1
2025-06-17 14:00:00,ukwa,LD-UKW-01,Wheel Loader,3875,84.1,3.01,157.4,48.8,74.6,78.4,375,NONE,0,0.62,5.2,0.4,44.0
2025-06-17 14:00:00,gumgaon,LD-GUM-01,Wheel Loader,4161,82.6,3.67,166.2,46.5,74.0,76.2,161,NONE,0,2.05,3.7,-3.0,28.9
2025-06-17 14:00:00,balaghat,LD-BAL-01,Wheel Loader,2717,78.3,2.34,163.0,46.4,79.0,83.2,217,NONE,0,-0.83,-0.6,3.2,66.0
2025-06-17 16:00:00,balaghat,CR-BAL-01,Primary Jaw Crusher,3724,89.1,4.25,161.4,0.0,71.3,76.3,224,NONE,0,1.35,2.8,-1.1,40.7
2025-06-17 16:00:00,tirodi,CR-TIR-01,Primary Jaw Crusher,626,87.8,4.2,176.2,0.0,70.4,85.7,126,NONE,0,1.27,1.5,-4.9,80.7
2025-06-17 16:00:00,gumgaon,CR-GUM-01,Primary Jaw Crusher,3548,88.5,3.99,160.8,0.0,67.0,77.4,48,NONE,0,0.92,2.2,-1.6,46.8
2025-06-17 16:00:00,dongri-buzurg,CR-DON-01,Primary Jaw Crusher,2518,92.2,3.18,167.4,0.0,76.7,82.1,18,NONE,0,-0.42,5.9,5.7,65.9
2025-06-17 16:00:00,ukwa,CR-UKW-01,Primary Jaw Crusher,1373,84.7,2.98,184.2,0.0,70.7,85.9,373,NONE,0,-0.75,-1.6,-3.3,82.8
2025-06-17 18:00:00,tirodi,DP-TIR-01,Heavy Haul Truck (35T),1367,93.6,2.18,181.7,42.9,78.1,87.5,367,NONE,0,-1.22,1.5,0.2,82.2
2025-06-17 18:00:00,gumgaon,DP-GUM-01,Heavy Haul Truck (35T),4170,97.2,3.79,162.6,47.4,67.3,75.9,170,WARN_THERMAL_DRIFT,0,1.46,5.1,-3.7,33.2
2025-06-17 18:00:00,balaghat,DP-BAL-01,Heavy Haul Truck (35T),4059,94.3,4.65,152.9,48.5,69.3,74.5,59,WARN_HARMONIC_VIB,0,2.89,2.2,-3.8,23.7
2025-06-17 18:00:00,ukwa,DP-UKW-01,Heavy Haul Truck (35T),3531,92.5,3.0,160.4,49.3,73.2,79.4,31,NONE,0,0.15,0.4,-3.1,54.4
2025-06-17 18:00:00,dongri-buzurg,DP-DON-01,Heavy Haul Truck (35T),1255,93.9,2.18,175.7,41.6,75.1,87.9,255,NONE,0,-1.22,1.8,-3.6,83.5
2025-06-17 20:00:00,dongri-buzurg,DP-DON-02,Heavy Haul Truck (35T),871,87.0,1.99,184.7,41.1,78.0,89.4,371,NONE,0,-1.53,-5.1,13.9,89.1
2025-06-17 20:00:00,balaghat,DP-BAL-02,Heavy Haul Truck (35T),1414,89.1,2.42,174.0,43.0,78.7,86.9,414,NONE,0,-0.82,-3.0,1.3,82.3
2025-06-17 20:00:00,ukwa,DP-UKW-02,Heavy Haul Truck (35T),4319,95.7,3.22,150.6,49.0,74.7,76.6,319,WARN_THERMAL_DRIFT,0,0.51,3.6,4.7,40.1
2025-06-17 20:00:00,gumgaon,DP-GUM-02,Heavy Haul Truck (35T),2784,91.6,2.96,168.3,46.6,77.2,81.7,284,NONE,0,0.08,-0.5,-2.9,64.5
2025-06-17 20:00:00,tirodi,DP-TIR-02,Heavy Haul Truck (35T),1321,86.5,2.35,182.0,39.9,74.7,87.3,321,NONE,0,-0.93,-5.6,-1.5,83.5
2025-06-17 22:00:00,ukwa,DP-UKW-03,Heavy Haul Truck (35T),1558,90.0,2.78,168.3,44.4,72.6,85.8,58,NONE,0,-0.22,-2.1,-2.2,80.5
2025-06-17 22:00:00,gumgaon,DP-GUM-03,Heavy Haul Truck (35T),2873,92.4,3.98,165.7,46.7,72.7,79.4,373,NONE,0,1.78,0.3,-5.5,48.8
2025-06-17 22:00:00,dongri-buzurg,DP-DON-03,Heavy Haul Truck (35T),3221,92.8,2.77,166.5,46.9,79.5,80.8,221,NONE,0,-0.24,0.7,0.4,59.4
2025-06-17 22:00:00,tirodi,DP-TIR-03,Heavy Haul Truck (35T),3013,94.4,2.76,155.8,46.0,76.4,81.4,13,NONE,0,-0.25,2.3,-0.3,61.3
2025-06-17 22:00:00,balaghat,DP-BAL-03,Heavy Haul Truck (35T),1850,90.4,2.43,173.8,40.1,77.6,85.6,350,NONE,0,-0.8,-1.7,3.5,76.9
2025-06-18 00:00:00,gumgaon,DP-GUM-04,Heavy Haul Truck (35T),3550,90.6,2.94,158.0,44.1,77.2,79.5,50,NONE,0,0.05,-1.5,-1.0,55.2
2025-06-18 00:00:00,balaghat,DP-BAL-04,Heavy Haul Truck (35T),1688,92.3,3.31,172.5,40.9,72.0,84.3,188,NONE,0,0.66,0.2,-5.9,73.2
2025-06-18 00:00:00,ukwa,DP-UKW-04,Heavy Haul Truck (35T),1216,89.7,2.74,175.1,40.4,71.7,86.9,216,NONE,0,-0.28,-2.4,-8.1,84.8
2025-06-18 00:00:00,tirodi,DP-TIR-04,Heavy Haul Truck (35T),4243,88.8,3.18,163.4,45.2,72.6,76.9,243,NONE,0,0.45,-3.3,4.2,43.1
2025-06-18 00:00:00,dongri-buzurg,DP-DON-04,Heavy Haul Truck (35T),1944,89.3,3.03,185.6,42.1,75.1,84.1,444,NONE,0,0.2,-2.8,-3.9,74.0
2025-06-18 02:00:00,gumgaon,EX-GUM-01,Face Shovel Excavator,2050,74.9,2.13,168.5,45.8,76.4,85.6,50,NONE,0,-0.99,-4.8,8.3,74.4
2025-06-18 02:00:00,balaghat,EX-BAL-01,Face Shovel Excavator,1655,77.6,2.14,177.7,39.2,73.8,86.8,155,NONE,0,-0.97,-2.1,-6.0,79.3
2025-06-18 02:00:00,ukwa,EX-UKW-01,Face Shovel Excavator,3546,80.3,2.71,154.0,48.2,78.7,79.9,46,NONE,0,-0.03,0.6,-0.1,55.4
2025-06-18 02:00:00,dongri-buzurg,EX-DON-01,Face Shovel Excavator,4453,76.3,2.93,158.5,49.2,77.1,76.8,453,NONE,0,0.33,-3.4,0.3,41.5
2025-06-18 02:00:00,tirodi,EX-TIR-01,Face Shovel Excavator,665,78.3,2.04,178.5,38.8,79.1,89.9,165,NONE,0,-1.14,-1.4,-4.8,91.7
2025-06-18 04:00:00,dongri-buzurg,EX-DON-02,Face Shovel Excavator,2991,75.5,2.45,164.3,45.8,73.6,82.1,491,NONE,0,-0.46,-4.2,8.3,62.6
2025-06-18 04:00:00,balaghat,EX-BAL-02,Face Shovel Excavator,4334,81.1,3.58,160.2,50.0,71.5,75.8,334,NONE,0,1.41,1.4,-3.8,33.2
2025-06-18 04:00:00,gumgaon,EX-GUM-02,Face Shovel Excavator,3479,75.8,2.85,161.1,49.3,73.5,79.9,479,NONE,0,0.2,-3.9,3.2,54.8
2025-06-18 04:00:00,tirodi,EX-TIR-02,Face Shovel Excavator,4478,81.2,3.27,154.4,51.5,67.9,76.0,478,NONE,0,0.9,1.5,-1.0,35.7
2025-06-18 04:00:00,ukwa,EX-UKW-02,Face Shovel Excavator,3389,84.5,3.15,160.7,43.8,73.1,79.5,389,NONE,0,0.7,4.8,5.1,49.5
2025-06-18 06:00:00,gumgaon,DR-GUM-01,Rotary Blast Drill,2199,79.4,2.02,172.6,43.3,79.3,85.4,199,NONE,0,-1.35,0.4,-4.7,72.3
2025-06-18 06:00:00,dongri-buzurg,DR-DON-01,Rotary Blast Drill,2844,82.9,3.02,164.9,46.3,75.0,81.4,344,NONE,0,0.88,3.9,4.9,55.2
2025-06-18 06:00:00,tirodi,DR-TIR-01,Rotary Blast Drill,3162,79.2,2.39,169.0,44.8,81.3,81.7,162,NONE,0,-0.53,0.2,4.6,60.4
2025-06-18 06:00:00,ukwa,DR-UKW-01,Rotary Blast Drill,2622,78.0,2.18,164.7,46.7,84.7,83.8,122,NONE,0,-0.99,-1.0,6.5,67.2
2025-06-18 06:00:00,balaghat,DR-BAL-01,Rotary Blast Drill,3656,73.9,3.1,158.9,45.4,79.7,78.8,156,NONE,0,1.06,-5.1,4.3,45.3
2025-06-18 08:00:00,ukwa,DZ-UKW-01,Tracked Bulldozer,4219,80.2,2.9,149.7,47.9,78.9,77.5,219,NONE,0,0.22,0.7,6.8,45.1
2025-06-18 08:00:00,tirodi,DZ-TIR-01,Tracked Bulldozer,4113,83.5,3.89,162.2,46.4,74.4,75.9,113,NONE,0,2.32,4.0,0.3,27.1
2025-06-18 08:00:00,dongri-buzurg,DZ-DON-01,Tracked Bulldozer,2366,78.2,2.19,168.5,43.5,76.6,84.5,366,NONE,0,-1.28,-1.3,7.8,70.4
2025-06-18 08:00:00,balaghat,DZ-BAL-01,Tracked Bulldozer,2204,81.1,4.33,158.0,41.3,70.5,80.7,204,NONE,0,3.25,1.6,-5.9,44.1
2025-06-18 08:00:00,gumgaon,DZ-GUM-01,Tracked Bulldozer,4156,88.7,3.44,156.9,49.4,71.1,76.7,156,NONE,0,1.37,9.2,-3.7,32.3
2025-06-18 10:00:00,tirodi,LD-TIR-01,Wheel Loader,3441,78.9,2.48,165.7,45.6,74.3,80.7,441,NONE,0,-0.52,-0.0,5.8,57.0
2025-06-18 10:00:00,balaghat,LD-BAL-01,Wheel Loader,2737,81.1,2.29,167.5,45.5,76.0,83.2,237,NONE,0,-0.93,2.2,-3.0,64.8
2025-06-18 10:00:00,ukwa,LD-UKW-01,Wheel Loader,3895,77.6,3.17,165.1,46.7,70.8,78.0,395,NONE,0,0.97,-1.3,-3.8,43.1
2025-06-18 10:00:00,dongri-buzurg,LD-DON-01,Wheel Loader,1935,81.5,3.38,172.0,45.3,73.7,83.4,435,NONE,0,1.42,2.6,-8.2,62.6
2025-06-18 10:00:00,gumgaon,LD-GUM-01,Wheel Loader,4181,77.3,3.11,158.1,48.2,72.2,77.2,181,NONE,0,0.84,-1.6,-1.8,40.6
2025-06-18 12:00:00,ukwa,CR-UKW-01,Primary Jaw Crusher,1393,86.0,3.15,173.0,0.0,73.3,85.5,393,NONE,0,-0.47,-0.3,2.6,82.6
2025-06-18 12:00:00,gumgaon,CR-GUM-01,Primary Jaw Crusher,3568,100.7,5.72,161.6,0.0,66.4,73.9,68,ERR_BEARING_SEIZURE,1,3.79,14.4,-0.6,20.0
2025-06-18 12:00:00,tirodi,CR-TIR-01,Primary Jaw Crusher,646,82.3,2.64,171.7,0.0,69.1,88.8,146,NONE,0,-1.32,-4.0,-1.3,91.9
2025-06-18 12:00:00,balaghat,CR-BAL-01,Primary Jaw Crusher,3744,89.7,3.68,160.8,0.0,77.0,77.4,244,NONE,0,0.41,3.4,5.7,48.2
2025-06-18 12:00:00,dongri-buzurg,CR-DON-01,Primary Jaw Crusher,2538,82.9,3.15,166.4,0.0,71.8,82.1,38,NONE,0,-0.47,-3.4,-4.9,68.3
2025-06-18 14:00:00,gumgaon,DP-GUM-01,Heavy Haul Truck (35T),4190,95.6,3.98,167.7,48.8,65.7,75.5,190,WARN_THERMAL_DRIFT,0,1.78,3.5,-1.6,30.9
2025-06-18 14:00:00,balaghat,DP-BAL-01,Heavy Haul Truck (35T),4079,90.0,3.27,164.1,46.2,72.7,77.2,79,NONE,0,0.6,-2.1,3.4,43.9
2025-06-18 14:00:00,dongri-buzurg,DP-DON-01,Heavy Haul Truck (35T),1275,87.2,2.31,171.2,39.1,76.8,87.6,275,NONE,0,-1.0,-4.9,1.7,84.1
2025-06-18 14:00:00,ukwa,DP-UKW-01,Heavy Haul Truck (35T),3551,97.2,2.99,161.5,46.7,74.4,79.4,51,WARN_THERMAL_DRIFT,0,0.13,5.1,1.2,52.2
2025-06-18 14:00:00,tirodi,DP-TIR-01,Heavy Haul Truck (35T),1387,88.3,2.28,173.7,40.9,76.8,87.3,387,NONE,0,-1.05,-3.8,-1.3,82.7
2025-06-18 16:00:00,gumgaon,DP-GUM-02,Heavy Haul Truck (35T),2804,89.3,2.83,162.6,46.1,75.5,81.9,304,NONE,0,-0.14,-2.8,-1.7,65.0
2025-06-18 16:00:00,ukwa,DP-UKW-02,Heavy Haul Truck (35T),4339,96.0,3.44,158.4,50.9,71.3,76.1,339,WARN_THERMAL_DRIFT,0,0.88,3.9,-3.4,36.5
2025-06-18 16:00:00,tirodi,DP-TIR-02,Heavy Haul Truck (35T),1341,90.9,2.17,175.9,41.1,81.1,87.6,341,NONE,0,-1.23,-1.2,6.4,83.2
2025-06-18 16:00:00,balaghat,DP-BAL-02,Heavy Haul Truck (35T),1434,89.5,2.21,171.7,40.7,77.8,87.3,434,NONE,0,-1.17,-2.6,-0.9,82.1
2025-06-18 16:00:00,dongri-buzurg,DP-DON-02,Heavy Haul Truck (35T),891,88.1,1.98,177.9,38.8,77.3,89.4,391,NONE,0,-1.55,-4.0,-0.7,88.9
2025-06-18 18:00:00,gumgaon,DP-GUM-03,Heavy Haul Truck (35T),2893,84.3,2.71,164.2,46.5,78.9,81.9,393,NONE,0,-0.33,-7.8,6.2,63.8
2025-06-18 18:00:00,tirodi,DP-TIR-03,Heavy Haul Truck (35T),3033,87.0,2.83,168.8,42.5,72.6,81.2,33,NONE,0,-0.14,-5.1,-3.8,62.1
2025-06-18 18:00:00,ukwa,DP-UKW-03,Heavy Haul Truck (35T),1578,86.3,2.39,178.0,41.9,75.6,86.5,78,NONE,0,-0.87,-5.8,3.0,80.3
2025-06-18 18:00:00,balaghat,DP-BAL-03,Heavy Haul Truck (35T),1870,99.2,3.65,172.0,44.1,70.9,83.1,370,WARN_THERMAL_DRIFT,0,1.23,7.1,-6.7,63.0
2025-06-18 18:00:00,dongri-buzurg,DP-DON-03,Heavy Haul Truck (35T),3241,95.9,2.91,161.4,44.3,73.8,80.5,241,WARN_THERMAL_DRIFT,0,-0.0,3.8,-5.7,57.8
2025-06-18 20:00:00,balaghat,DP-BAL-04,Heavy Haul Truck (35T),1708,93.4,2.8,174.5,42.9,76.0,85.3,208,NONE,0,-0.19,1.3,4.0,78.1
2025-06-18 20:00:00,tirodi,DP-TIR-04,Heavy Haul Truck (35T),4263,90.6,3.17,156.4,46.7,73.8,76.9,263,NONE,0,0.43,-1.5,1.2,43.1
2025-06-18 20:00:00,dongri-buzurg,DP-DON-04,Heavy Haul Truck (35T),1964,88.8,2.48,171.1,41.0,75.7,85.1,464,NONE,0,-0.72,-3.3,0.6,75.4
2025-06-18 20:00:00,gumgaon,DP-GUM-04,Heavy Haul Truck (35T),3570,88.3,2.95,173.5,46.7,74.7,79.4,70,NONE,0,0.06,-3.8,-2.5,54.9
2025-06-18 20:00:00,ukwa,DP-UKW-04,Heavy Haul Truck (35T),1236,91.2,2.38,175.8,38.8,75.7,87.5,236,NONE,0,-0.88,-0.9,4.0,84.6
2025-06-18 22:00:00,gumgaon,EX-GUM-01,Face Shovel Excavator,2070,77.9,2.45,178.0,41.4,75.7,84.9,70,NONE,0,-0.46,-1.8,-0.7,74.1
2025-06-18 22:00:00,ukwa,EX-UKW-01,Face Shovel Excavator,3566,85.0,2.62,162.1,45.7,74.3,80.1,66,NONE,0,-0.18,5.3,-4.4,53.0
2025-06-18 22:00:00,balaghat,EX-BAL-01,Face Shovel Excavator,1675,80.7,2.44,166.5,39.8,76.9,86.1,175,NONE,0,-0.47,1.0,3.1,78.6
2025-06-18 22:00:00,tirodi,EX-TIR-01,Face Shovel Excavator,685,77.4,1.63,175.2,38.7,83.6,90.7,185,NONE,0,-1.81,-2.3,4.5,91.4
2025-06-18 22:00:00,dongri-buzurg,EX-DON-01,Face Shovel Excavator,4473,81.7,2.98,157.5,47.5,72.0,76.6,473,NONE,0,0.42,2.0,-5.1,39.6
2025-06-19 00:00:00,tirodi,EX-TIR-02,Face Shovel Excavator,4498,74.9,2.91,152.5,49.9,76.8,76.7,498,NONE,0,0.3,-4.8,8.9,41.2
2025-06-19 00:00:00,ukwa,EX-UKW-02,Face Shovel Excavator,3409,82.3,2.54,166.7,44.7,72.1,80.7,409,NONE,0,-0.31,2.6,-1.0,56.2
2025-06-19 00:00:00,balaghat,EX-BAL-02,Face Shovel Excavator,4354,76.8,3.23,156.6,48.4,73.8,76.5,354,NONE,0,0.83,-2.9,2.3,38.5
2025-06-19 00:00:00,gumgaon,EX-GUM-02,Face Shovel Excavator,3499,76.4,3.13,164.6,44.8,77.2,79.2,499,NONE,0,0.66,-3.3,3.7,50.7
2025-06-19 00:00:00,dongri-buzurg,EX-DON-02,Face Shovel Excavator,3011,77.7,2.62,166.5,45.7,72.7,81.7,11,NONE,0,-0.18,-2.0,-0.9,62.4
2025-06-19 02:00:00,tirodi,DR-TIR-01,Rotary Blast Drill,3182,72.1,2.37,162.2,48.3,73.5,81.7,182,NONE,0,-0.57,-6.9,-7.8,60.2
2025-06-19 02:00:00,balaghat,DR-BAL-01,Rotary Blast Drill,3676,76.7,2.65,158.4,46.6,79.1,79.7,176,NONE,0,0.05,-2.3,-0.6,53.6
2025-06-19 02:00:00,ukwa,DR-UKW-01,Rotary Blast Drill,2642,81.2,2.26,168.3,42.3,74.8,83.6,142,NONE,0,-0.82,2.2,-9.9,66.0
2025-06-19 02:00:00,gumgaon,DR-GUM-01,Rotary Blast Drill,2219,78.8,2.21,171.9,44.3,76.9,84.9,219,NONE,0,-0.93,-0.2,-2.4,72.3
2025-06-19 02:00:00,dongri-buzurg,DR-DON-01,Rotary Blast Drill,2864,79.1,2.62,165.2,42.4,70.9,82.2,364,NONE,0,-0.01,0.1,-4.1,64.2
2025-06-19 04:00:00,balaghat,DZ-BAL-01,Tracked Bulldozer,2224,75.8,2.01,165.4,43.2,74.2,85.3,224,NONE,0,-1.66,-3.7,3.7,72.2
2025-06-19 04:00:00,gumgaon,DZ-GUM-01,Tracked Bulldozer,4176,75.3,2.94,158.8,48.8,68.7,77.6,176,NONE,0,0.31,-4.2,-2.4,45.2
2025-06-19 04:00:00,tirodi,DZ-TIR-01,Tracked Bulldozer,4133,75.9,2.88,163.4,45.7,74.6,77.8,133,NONE,0,0.18,-3.6,0.2,46.8
2025-06-19 04:00:00,dongri-buzurg,DZ-DON-01,Tracked Bulldozer,2386,80.9,2.31,165.3,41.1,74.0,84.2,386,NONE,0,-1.03,1.4,-2.6,69.5
2025-06-19 04:00:00,ukwa,DZ-UKW-01,Tracked Bulldozer,4239,75.0,3.03,162.5,45.4,71.8,77.2,239,NONE,0,0.5,-4.5,-7.1,42.8
2025-06-19 06:00:00,balaghat,LD-BAL-01,Wheel Loader,2757,81.9,2.67,168.1,41.9,77.4,82.4,257,NONE,0,-0.11,3.0,1.4,64.2
2025-06-19 06:00:00,ukwa,LD-UKW-01,Wheel Loader,3915,85.6,3.25,152.8,47.5,66.7,77.8,415,NONE,0,1.14,6.7,-4.1,38.4
2025-06-19 06:00:00,tirodi,LD-TIR-01,Wheel Loader,3461,77.3,2.51,165.3,43.4,74.7,80.6,461,NONE,0,-0.46,-1.6,0.4,56.7
2025-06-19 06:00:00,dongri-buzurg,LD-DON-01,Wheel Loader,1955,70.0,2.42,179.4,44.4,79.6,85.3,455,NONE,0,-0.65,-8.9,5.9,75.6
2025-06-19 06:00:00,gumgaon,LD-GUM-01,Wheel Loader,4201,70.9,3.05,167.7,48.6,73.1,77.3,201,NONE,0,0.71,-8.0,0.9,41.5
2025-06-19 08:00:00,balaghat,CR-BAL-01,Primary Jaw Crusher,3764,87.1,3.82,159.2,0.0,78.0,77.1,264,NONE,0,0.64,0.8,1.0,47.2
2025-06-19 08:00:00,tirodi,CR-TIR-01,Primary Jaw Crusher,666,84.1,2.77,164.8,0.0,70.0,88.5,166,NONE,0,-1.1,-2.2,0.9,91.7
2025-06-19 08:00:00,gumgaon,CR-GUM-01,Primary Jaw Crusher,3588,87.2,3.76,155.2,0.0,71.9,77.7,88,NONE,0,0.54,0.9,5.5,50.2
2025-06-19 08:00:00,dongri-buzurg,CR-DON-01,Primary Jaw Crusher,2558,89.8,3.91,157.6,0.0,69.6,80.5,58,NONE,0,0.79,3.5,-2.2,59.7
2025-06-19 08:00:00,ukwa,CR-UKW-01,Primary Jaw Crusher,1413,83.4,3.21,171.1,0.0,67.8,85.3,413,NONE,0,-0.37,-2.9,-5.5,82.3
2025-06-19 10:00:00,balaghat,DP-BAL-01,Heavy Haul Truck (35T),4099,94.9,3.56,158.4,46.8,72.1,76.6,99,NONE,0,1.08,2.8,-0.6,38.3
2025-06-19 10:00:00,tirodi,DP-TIR-01,Heavy Haul Truck (35T),1407,91.6,2.25,176.0,39.5,79.0,87.3,407,NONE,0,-1.1,-0.5,2.2,82.4
2025-06-19 10:00:00,ukwa,DP-UKW-01,Heavy Haul Truck (35T),3571,95.3,3.12,161.7,47.3,80.6,79.0,71,WARN_THERMAL_DRIFT,0,0.35,3.2,6.2,50.9
2025-06-19 10:00:00,gumgaon,DP-GUM-01,Heavy Haul Truck (35T),4210,93.2,3.28,159.2,48.9,75.1,76.8,210,NONE,0,0.61,1.1,9.4,41.7
2025-06-19 10:00:00,dongri-buzurg,DP-DON-01,Heavy Haul Truck (35T),1295,92.0,2.15,182.0,41.1,78.1,87.8,295,NONE,0,-1.27,-0.1,1.3,83.8
2025-06-19 12:00:00,tirodi,DP-TIR-02,Heavy Haul Truck (35T),1361,88.0,2.13,177.0,41.6,75.8,87.7,361,NONE,0,-1.3,-4.1,-5.3,83.0
2025-06-19 12:00:00,dongri-buzurg,DP-DON-02,Heavy Haul Truck (35T),911,87.7,2.19,180.6,42.3,73.0,88.9,411,NONE,0,-1.2,-4.4,-4.3,88.6
2025-06-19 12:00:00,gumgaon,DP-GUM-02,Heavy Haul Truck (35T),2824,91.2,2.93,161.2,42.4,72.1,81.7,324,NONE,0,0.03,-0.9,-3.4,64.4
2025-06-19 12:00:00,balaghat,DP-BAL-02,Heavy Haul Truck (35T),1454,89.3,2.42,169.3,38.7,76.6,86.8,454,NONE,0,-0.82,-2.8,-1.2,81.8
2025-06-19 12:00:00,ukwa,DP-UKW-02,Heavy Haul Truck (35T),4359,97.7,3.48,163.3,48.7,74.7,76.0,359,WARN_THERMAL_DRIFT,0,0.94,5.6,3.4,35.0
2025-06-19 14:00:00,balaghat,DP-BAL-03,Heavy Haul Truck (35T),1890,87.3,2.34,179.5,44.3,79.4,85.6,390,NONE,0,-0.95,-4.8,8.5,76.4
2025-06-19 14:00:00,dongri-buzurg,DP-DON-03,Heavy Haul Truck (35T),3261,89.4,3.02,161.2,44.0,75.4,80.2,261,NONE,0,0.18,-2.7,1.6,57.7
2025-06-19 14:00:00,ukwa,DP-UKW-03,Heavy Haul Truck (35T),1598,91.4,2.4,179.3,42.3,75.8,86.4,98,NONE,0,-0.85,-0.7,0.2,80.0
2025-06-19 14:00:00,gumgaon,DP-GUM-03,Heavy Haul Truck (35T),2913,101.0,3.25,162.6,44.4,72.0,80.8,413,WARN_THERMAL_DRIFT,0,0.56,8.9,-6.9,54.8
2025-06-19 14:00:00,tirodi,DP-TIR-03,Heavy Haul Truck (35T),3053,91.7,3.06,157.6,45.0,74.6,80.7,53,NONE,0,0.25,-0.4,2.0,59.7
2025-06-19 16:00:00,dongri-buzurg,DP-DON-04,Heavy Haul Truck (35T),1984,95.7,3.52,163.8,43.2,78.8,83.0,484,WARN_THERMAL_DRIFT,0,1.01,3.6,3.1,65.0
2025-06-19 16:00:00,tirodi,DP-TIR-04,Heavy Haul Truck (35T),4283,92.9,3.78,159.5,48.6,73.9,75.6,283,NONE,0,1.44,0.8,0.1,33.9
2025-06-19 16:00:00,balaghat,DP-BAL-04,Heavy Haul Truck (35T),1728,94.6,2.31,176.0,39.3,83.0,86.2,228,NONE,0,-1.0,2.5,7.0,77.3
2025-06-19 16:00:00,gumgaon,DP-GUM-04,Heavy Haul Truck (35T),3590,94.3,3.94,170.4,46.7,66.6,77.4,90,NONE,0,1.71,2.2,-8.1,39.6
2025-06-19 16:00:00,ukwa,DP-UKW-04,Heavy Haul Truck (35T),1256,91.6,2.08,177.7,43.7,79.0,88.1,256,NONE,0,-1.38,-0.5,3.3,84.3
2025-06-19 18:00:00,gumgaon,EX-GUM-01,Face Shovel Excavator,2090,81.0,2.3,172.0,41.5,74.5,85.1,90,NONE,0,-0.71,1.3,-1.2,73.3
2025-06-19 18:00:00,dongri-buzurg,EX-DON-01,Face Shovel Excavator,4493,79.7,2.92,147.1,49.8,77.5,76.7,493,NONE,0,0.32,0.0,5.5,41.1
2025-06-19 18:00:00,ukwa,EX-UKW-01,Face Shovel Excavator,3586,77.3,2.71,158.9,47.0,75.0,79.8,86,NONE,0,-0.03,-2.4,0.7,55.2
2025-06-19 18:00:00,balaghat,EX-BAL-01,Face Shovel Excavator,1695,80.3,2.63,176.0,41.1,78.1,85.7,195,NONE,0,-0.16,0.6,1.2,78.5
2025-06-19 18:00:00,tirodi,EX-TIR-01,Face Shovel Excavator,705,78.1,1.85,178.8,40.8,77.3,90.2,205,NONE,0,-1.45,-1.6,-6.3,91.2
2025-06-19 20:00:00,tirodi,EX-TIR-02,Face Shovel Excavator,4518,73.8,2.84,152.8,49.9,76.5,76.8,18,NONE,0,0.19,-5.9,-0.3,41.9
2025-06-19 20:00:00,balaghat,EX-BAL-02,Face Shovel Excavator,4374,87.1,3.45,159.1,48.2,73.7,76.0,374,NONE,0,1.19,7.4,-0.1,31.9
2025-06-19 20:00:00,ukwa,EX-UKW-02,Face Shovel Excavator,3429,80.2,2.7,158.6,47.7,76.7,80.3,429,NONE,0,-0.05,0.5,4.6,56.9
2025-06-19 20:00:00,dongri-buzurg,EX-DON-02,Face Shovel Excavator,3031,73.3,2.35,166.3,43.9,75.6,82.2,31,NONE,0,-0.62,-6.4,2.9,62.1
2025-06-19 20:00:00,gumgaon,EX-GUM-02,Face Shovel Excavator,3519,82.9,2.97,167.9,47.1,71.1,79.5,19,NONE,0,0.4,3.2,-6.1,51.2
2025-06-19 22:00:00,tirodi,DR-TIR-01,Rotary Blast Drill,3202,77.2,3.33,157.6,47.8,78.4,79.7,202,NONE,0,1.57,-1.8,4.9,46.6
2025-06-19 22:00:00,gumgaon,DR-GUM-01,Rotary Blast Drill,2239,81.1,3.78,176.2,44.5,68.9,81.7,239,NONE,0,2.57,2.1,-8.0,49.2
2025-06-19 22:00:00,dongri-buzurg,DR-DON-01,Rotary Blast Drill,2884,78.5,2.94,167.5,47.7,74.2,81.5,384,NONE,0,0.7,-0.5,3.3,58.0
2025-06-19 22:00:00,balaghat,DR-BAL-01,Rotary Blast Drill,3696,88.5,3.06,158.3,49.1,72.8,78.8,196,NONE,0,0.97,9.5,-6.3,41.3
2025-06-19 22:00:00,ukwa,DR-UKW-01,Rotary Blast Drill,2662,78.6,2.37,162.6,44.0,75.9,83.3,162,NONE,0,-0.57,-0.4,1.1,66.7
2025-06-20 00:00:00,ukwa,DZ-UKW-01,Tracked Bulldozer,4259,86.7,2.94,166.9,49.7,71.9,77.3,259,NONE,0,0.31,7.2,0.1,40.9
2025-06-20 00:00:00,balaghat,DZ-BAL-01,Tracked Bulldozer,2244,78.7,2.11,165.9,44.3,87.4,85.0,244,NONE,0,-1.45,-0.8,13.2,72.0
2025-06-20 00:00:00,dongri-buzurg,DZ-DON-01,Tracked Bulldozer,2406,76.9,2.4,163.0,45.6,75.0,84.0,406,NONE,0,-0.84,-2.6,1.0,69.9
2025-06-20 00:00:00,tirodi,DZ-TIR-01,Tracked Bulldozer,4153,80.0,2.81,160.3,49.7,71.7,77.9,153,NONE,0,0.03,0.5,-2.9,47.6
2025-06-20 00:00:00,gumgaon,DZ-GUM-01,Tracked Bulldozer,4196,77.0,2.81,154.3,47.5,71.5,77.8,196,NONE,0,0.03,-2.5,2.8,47.3
2025-06-20 02:00:00,balaghat,LD-BAL-01,Wheel Loader,2777,79.0,2.71,166.3,42.9,76.2,82.2,277,NONE,0,-0.03,0.1,-1.2,65.2
2025-06-20 02:00:00,gumgaon,LD-GUM-01,Wheel Loader,4221,75.1,2.72,163.7,46.0,77.3,77.9,221,NONE,0,-0.01,-3.8,4.2,47.2
2025-06-20 02:00:00,dongri-buzurg,LD-DON-01,Wheel Loader,1975,76.6,2.24,172.1,40.8,79.3,85.6,475,NONE,0,-1.04,-2.3,-0.3,75.3
2025-06-20 02:00:00,tirodi,LD-TIR-01,Wheel Loader,3481,84.9,2.83,157.4,44.0,79.1,79.9,481,NONE,0,0.23,6.0,4.4,51.8
2025-06-20 02:00:00,ukwa,LD-UKW-01,Wheel Loader,3935,82.4,3.4,159.5,44.7,72.0,77.4,435,NONE,0,1.46,3.5,5.3,36.8
2025-06-20 04:00:00,gumgaon,CR-GUM-01,Primary Jaw Crusher,3608,88.8,3.57,168.3,0.0,72.3,78.0,108,NONE,0,0.23,2.5,0.4,51.8
2025-06-20 04:00:00,ukwa,CR-UKW-01,Primary Jaw Crusher,1433,84.7,3.2,178.6,0.0,74.1,85.3,433,NONE,0,-0.39,-1.6,6.3,82.1
2025-06-20 04:00:00,tirodi,CR-TIR-01,Primary Jaw Crusher,686,84.5,2.48,189.3,0.0,77.0,89.0,186,NONE,0,-1.58,-1.8,7.0,91.4
2025-06-20 04:00:00,dongri-buzurg,CR-DON-01,Primary Jaw Crusher,2578,84.6,3.57,163.7,0.0,70.9,81.1,78,NONE,0,0.23,-1.7,1.3,65.8
2025-06-20 04:00:00,balaghat,CR-BAL-01,Primary Jaw Crusher,3784,88.0,4.02,152.7,0.0,71.1,76.6,284,NONE,0,0.97,1.7,-6.9,43.7
2025-06-20 06:00:00,balaghat,DP-BAL-01,Heavy Haul Truck (35T),4119,97.5,3.63,150.1,47.1,69.0,76.4,119,WARN_THERMAL_DRIFT,0,1.19,5.4,-3.1,36.0
2025-06-20 06:00:00,dongri-buzurg,DP-DON-01,Heavy Haul Truck (35T),1315,91.1,2.2,176.1,42.7,81.8,87.7,315,NONE,0,-1.18,-1.0,3.7,83.6
2025-06-20 06:00:00,ukwa,DP-UKW-01,Heavy Haul Truck (35T),3591,96.3,3.29,159.7,45.7,75.6,78.6,91,WARN_THERMAL_DRIFT,0,0.63,4.2,-5.0,47.9
2025-06-20 06:00:00,tirodi,DP-TIR-01,Heavy Haul Truck (35T),1427,95.7,2.33,171.1,40.4,77.3,87.1,427,WARN_THERMAL_DRIFT,0,-0.97,3.6,-1.7,80.5
2025-06-20 06:00:00,gumgaon,DP-GUM-01,Heavy Haul Truck (35T),4230,92.1,3.27,165.3,50.0,71.4,76.8,230,NONE,0,0.6,-0.0,-3.7,42.0
2025-06-20 08:00:00,gumgaon,DP-GUM-02,Heavy Haul Truck (35T),2844,91.5,2.83,168.7,46.5,78.1,81.8,344,NONE,0,-0.14,-0.6,6.0,64.4
2025-06-20 08:00:00,dongri-buzurg,DP-DON-02,Heavy Haul Truck (35T),931,81.1,2.0,172.4,37.8,81.5,89.2,431,NONE,0,-1.51,-11.0,8.5,88.4
2025-06-20 08:00:00,balaghat,DP-BAL-02,Heavy Haul Truck (35T),1474,90.9,3.89,182.6,42.9,73.7,83.8,474,NONE,0,1.63,-1.2,-2.9,67.7
2025-06-20 08:00:00,tirodi,DP-TIR-02,Heavy Haul Truck (35T),1381,93.8,3.59,177.1,41.8,71.3,84.7,381,NONE,0,1.13,1.7,-4.5,72.4
2025-06-20 08:00:00,ukwa,DP-UKW-02,Heavy Haul Truck (35T),4379,96.1,4.12,164.2,51.5,77.2,74.6,379,WARN_THERMAL_DRIFT,0,2.01,4.0,2.5,26.4
2025-06-20 10:00:00,gumgaon,DP-GUM-03,Heavy Haul Truck (35T),2933,95.0,3.61,167.8,43.2,73.4,80.0,433,NONE,0,1.16,2.9,1.4,52.2
2025-06-20 10:00:00,ukwa,DP-UKW-03,Heavy Haul Truck (35T),1618,85.8,2.48,169.3,44.3,76.2,86.2,118,NONE,0,-0.72,-6.3,0.4,79.8
2025-06-20 10:00:00,dongri-buzurg,DP-DON-03,Heavy Haul Truck (35T),3281,91.7,2.8,158.9,44.3,73.4,80.6,281,NONE,0,-0.19,-0.4,-2.0,59.0
2025-06-20 10:00:00,tirodi,DP-TIR-03,Heavy Haul Truck (35T),3073,95.5,2.71,164.7,48.2,73.4,81.4,73,WARN_THERMAL_DRIFT,0,-0.33,3.4,-1.2,60.1
2025-06-20 10:00:00,balaghat,DP-BAL-03,Heavy Haul Truck (35T),1910,93.3,3.21,162.3,43.1,71.8,83.8,410,NONE,0,0.5,1.2,-7.6,71.3
2025-06-20 12:00:00,gumgaon,DP-GUM-04,Heavy Haul Truck (35T),3610,93.3,3.55,165.8,49.4,79.2,78.1,110,NONE,0,1.06,1.2,12.6,45.3
2025-06-20 12:00:00,dongri-buzurg,DP-DON-04,Heavy Haul Truck (35T),2004,85.9,3.28,159.4,44.4,73.1,83.4,4,NONE,0,0.61,-6.2,-5.7,69.8
2025-06-20 12:00:00,balaghat,DP-BAL-04,Heavy Haul Truck (35T),1748,95.3,3.2,165.0,43.0,71.7,84.4,248,WARN_THERMAL_DRIFT,0,0.48,3.2,-11.3,72.6
2025-06-20 12:00:00,tirodi,DP-TIR-04,Heavy Haul Truck (35T),4303,97.2,3.62,160.8,49.0,71.0,75.9,303,WARN_THERMAL_DRIFT,0,1.18,5.1,-2.9,33.9
2025-06-20 12:00:00,ukwa,DP-UKW-04,Heavy Haul Truck (35T),1276,92.7,2.71,171.2,41.8,71.3,86.8,276,NONE,0,-0.33,0.6,-7.7,83.8
2025-06-20 14:00:00,dongri-buzurg,EX-DON-01,Face Shovel Excavator,4513,76.6,3.05,154.8,50.8,78.4,76.4,13,NONE,0,0.53,-3.1,0.9,39.1
2025-06-20 14:00:00,balaghat,EX-BAL-01,Face Shovel Excavator,1715,79.1,2.32,173.0,42.1,76.7,86.2,215,NONE,0,-0.67,-0.6,-1.4,78.6
2025-06-20 14:00:00,ukwa,EX-UKW-01,Face Shovel Excavator,3606,79.8,3.28,164.2,47.3,78.7,78.6,106,NONE,0,0.91,0.1,3.7,47.1
2025-06-20 14:00:00,gumgaon,EX-GUM-01,Face Shovel Excavator,2110,82.1,2.37,169.6,45.7,76.5,84.9,110,NONE,0,-0.59,2.4,2.0,72.5
2025-06-20 14:00:00,tirodi,EX-TIR-01,Face Shovel Excavator,725,77.4,2.17,172.9,41.0,80.7,89.5,225,NONE,0,-0.92,-2.3,3.4,90.9
2025-06-20 16:00:00,balaghat,EX-BAL-02,Face Shovel Excavator,4394,79.6,2.9,163.3,48.6,78.4,77.0,394,NONE,0,0.29,-0.1,4.7,42.6
2025-06-20 16:00:00,dongri-buzurg,EX-DON-02,Face Shovel Excavator,3051,78.4,2.37,154.1,46.0,77.4,82.1,51,NONE,0,-0.59,-1.3,1.8,61.9
2025-06-20 16:00:00,tirodi,EX-TIR-02,Face Shovel Excavator,4538,78.5,2.93,152.2,48.4,65.1,76.5,38,NONE,0,0.33,-1.2,-11.4,40.5
2025-06-20 16:00:00,ukwa,EX-UKW-02,Face Shovel Excavator,3449,73.6,2.48,162.2,44.5,78.8,80.7,449,NONE,0,-0.41,-6.1,2.1,56.9
2025-06-20 16:00:00,gumgaon,EX-GUM-02,Face Shovel Excavator,3539,73.1,2.91,172.9,46.5,75.5,79.6,39,NONE,0,0.3,-6.6,4.4,53.2
2025-06-20 18:00:00,tirodi,DR-TIR-01,Rotary Blast Drill,3222,82.6,2.49,164.3,45.1,75.7,81.4,222,NONE,0,-0.3,3.6,-2.7,58.1
2025-06-20 18:00:00,dongri-buzurg,DR-DON-01,Rotary Blast Drill,2904,81.7,2.52,155.1,47.0,81.8,82.2,404,NONE,0,-0.24,2.7,7.6,62.5
2025-06-20 18:00:00,gumgaon,DR-GUM-01,Rotary Blast Drill,2259,75.9,2.29,168.3,41.3,82.5,84.6,259,NONE,0,-0.75,-3.1,13.6,71.8
2025-06-20 18:00:00,balaghat,DR-BAL-01,Rotary Blast Drill,3716,72.9,2.61,163.3,45.5,76.0,79.6,216,NONE,0,-0.04,-6.1,3.2,53.6
2025-06-20 18:00:00,ukwa,DR-UKW-01,Rotary Blast Drill,2682,78.9,2.37,169.5,46.7,73.9,83.2,182,NONE,0,-0.57,-0.1,-2.0,66.5
2025-06-20 20:00:00,ukwa,DZ-UKW-01,Tracked Bulldozer,4279,82.2,3.29,164.1,49.8,72.0,76.6,279,NONE,0,1.05,2.7,0.1,36.4
2025-06-20 20:00:00,gumgaon,DZ-GUM-01,Tracked Bulldozer,4216,81.7,3.14,158.3,48.8,71.5,77.1,216,NONE,0,0.73,2.2,0.0,40.1
2025-06-20 20:00:00,tirodi,DZ-TIR-01,Tracked Bulldozer,4173,81.3,2.84,162.0,50.2,71.9,77.8,173,NONE,0,0.1,1.8,0.2,46.2
2025-06-20 20:00:00,dongri-buzurg,DZ-DON-01,Tracked Bulldozer,2426,76.8,2.14,165.7,42.2,79.1,84.4,426,NONE,0,-1.39,-2.7,4.1,69.7
2025-06-20 20:00:00,balaghat,DZ-BAL-01,Tracked Bulldozer,2264,82.1,2.44,165.1,41.2,76.9,84.3,264,NONE,0,-0.75,2.6,-10.5,70.5
2025-06-20 22:00:00,tirodi,LD-TIR-01,Wheel Loader,3501,80.3,2.94,161.1,43.8,70.6,79.6,1,NONE,0,0.47,1.4,-8.5,51.6
2025-06-20 22:00:00,balaghat,LD-BAL-01,Wheel Loader,2797,79.4,2.31,155.5,46.7,78.4,83.0,297,NONE,0,-0.89,0.5,2.2,64.8
2025-06-20 22:00:00,ukwa,LD-UKW-01,Wheel Loader,3955,76.6,2.82,164.1,49.7,75.4,78.5,455,NONE,0,0.21,-2.3,3.4,48.8
2025-06-20 22:00:00,gumgaon,LD-GUM-01,Wheel Loader,4241,81.2,3.12,162.6,50.1,72.1,77.0,241,NONE,0,0.86,2.3,-5.2,38.6
2025-06-20 22:00:00,dongri-buzurg,LD-DON-01,Wheel Loader,1995,73.5,2.05,167.9,44.6,75.4,85.9,495,NONE,0,-1.45,-5.4,-3.9,75.1
2025-06-21 00:00:00,dongri-buzurg,CR-DON-01,Primary Jaw Crusher,2598,84.1,3.33,168.8,0.0,70.8,81.5,98,NONE,0,-0.17,-2.2,-0.1,67.5
2025-06-21 00:00:00,ukwa,CR-UKW-01,Primary Jaw Crusher,1453,82.1,2.78,167.4,0.0,78.0,86.1,453,NONE,0,-1.08,-4.2,3.9,81.8
2025-06-21 00:00:00,tirodi,CR-TIR-01,Primary Jaw Crusher,706,84.9,3.15,182.0,0.0,75.9,87.6,206,NONE,0,-0.47,-1.4,-1.1,91.2
2025-06-21 00:00:00,balaghat,CR-BAL-01,Primary Jaw Crusher,3804,90.2,3.79,154.0,0.0,68.4,77.0,304,NONE,0,0.59,3.9,-2.7,45.7
2025-06-21 00:00:00,gumgaon,CR-GUM-01,Primary Jaw Crusher,3628,82.4,5.05,162.5,0.0,63.6,75.0,128,WARN_HARMONIC_VIB,0,2.68,-3.9,-8.7,31.9
2025-06-21 02:00:00,dongri-buzurg,DP-DON-01,Heavy Haul Truck (35T),1335,93.3,2.53,177.0,40.5,77.0,86.9,335,NONE,0,-0.63,1.2,-4.8,82.8
2025-06-21 02:00:00,ukwa,DP-UKW-01,Heavy Haul Truck (35T),3611,90.8,3.83,162.5,48.7,71.7,77.5,111,NONE,0,1.53,-1.3,-3.9,41.9
2025-06-21 02:00:00,tirodi,DP-TIR-01,Heavy Haul Truck (35T),1447,96.5,2.77,179.9,41.2,74.5,86.1,447,WARN_THERMAL_DRIFT,0,-0.24,4.4,-2.8,79.9
2025-06-21 02:00:00,balaghat,DP-BAL-01,Heavy Haul Truck (35T),4139,95.1,3.16,157.7,50.0,80.0,77.3,139,WARN_THERMAL_DRIFT,0,0.41,3.0,11.0,43.4
2025-06-21 02:00:00,gumgaon,DP-GUM-01,Heavy Haul Truck (35T),4250,95.8,3.45,154.4,47.7,72.8,76.4,250,WARN_THERMAL_DRIFT,0,0.89,3.7,1.4,37.6
2025-06-21 04:00:00,gumgaon,DP-GUM-02,Heavy Haul Truck (35T),2864,93.5,3.4,163.6,47.1,73.9,80.6,364,NONE,0,0.81,1.4,-4.2,56.7
2025-06-21 04:00:00,dongri-buzurg,DP-DON-02,Heavy Haul Truck (35T),951,93.6,1.97,175.9,38.7,78.6,89.2,451,NONE,0,-1.56,1.5,-2.9,87.4
2025-06-21 04:00:00,balaghat,DP-BAL-02,Heavy Haul Truck (35T),1494,95.3,2.79,173.7,39.8,74.5,85.9,494,WARN_THERMAL_DRIFT,0,-0.2,3.2,0.8,79.9
2025-06-21 04:00:00,ukwa,DP-UKW-02,Heavy Haul Truck (35T),4399,95.0,3.48,150.7,48.9,69.9,75.8,399,NONE,0,0.94,2.9,-7.3,35.7
2025-06-21 04:00:00,tirodi,DP-TIR-02,Heavy Haul Truck (35T),1401,83.1,3.24,167.5,43.1,74.1,85.3,401,NONE,0,0.55,-9.0,2.8,77.8
2025-06-21 06:00:00,ukwa,DP-UKW-03,Heavy Haul Truck (35T),1638,92.5,2.37,173.8,41.6,77.0,86.3,138,NONE,0,-0.9,0.4,0.8,79.3
2025-06-21 06:00:00,tirodi,DP-TIR-03,Heavy Haul Truck (35T),3093,96.2,2.79,167.1,46.9,75.3,81.1,93,WARN_THERMAL_DRIFT,0,-0.2,4.1,1.9,59.5
2025-06-21 06:00:00,gumgaon,DP-GUM-03,Heavy Haul Truck (35T),2953,89.1,2.71,157.7,46.8,79.6,81.7,453,NONE,0,-0.33,-3.0,6.2,63.1
2025-06-21 06:00:00,dongri-buzurg,DP-DON-03,Heavy Haul Truck (35T),3301,97.0,4.09,166.0,44.5,70.2,77.9,301,WARN_THERMAL_DRIFT,0,1.96,4.9,-3.2,39.9
2025-06-21 06:00:00,balaghat,DP-BAL-03,Heavy Haul Truck (35T),1930,87.8,2.32,174.0,39.9,77.7,85.6,430,NONE,0,-0.98,-4.3,5.9,75.9
2025-06-21 08:00:00,ukwa,DP-UKW-04,Heavy Haul Truck (35T),1296,88.1,2.63,178.0,41.5,76.0,86.9,296,NONE,0,-0.47,-4.0,4.7,83.8
2025-06-21 08:00:00,balaghat,DP-BAL-04,Heavy Haul Truck (35T),1768,92.2,2.29,170.8,41.1,75.9,86.1,268,NONE,0,-1.03,0.1,4.2,77.9
2025-06-21 08:00:00,dongri-buzurg,DP-DON-04,Heavy Haul Truck (35T),2024,87.3,2.71,175.6,44.9,73.1,84.5,24,NONE,0,-0.33,-4.8,0.0,74.7
2025-06-21 08:00:00,gumgaon,DP-GUM-04,Heavy Haul Truck (35T),3630,88.2,3.01,165.2,48.0,75.2,79.1,130,NONE,0,0.16,-3.9,-4.0,53.3
2025-06-21 08:00:00,tirodi,DP-TIR-04,Heavy Haul Truck (35T),4323,95.9,3.82,155.8,49.3,71.3,75.4,323,WARN_THERMAL_DRIFT,0,1.51,3.8,0.3,31.4
2025-06-21 10:00:00,dongri-buzurg,EX-DON-01,Face Shovel Excavator,4533,83.8,2.96,162.3,49.6,77.8,76.5,33,NONE,0,0.38,4.1,-0.6,38.3
2025-06-21 10:00:00,ukwa,EX-UKW-01,Face Shovel Excavator,3626,86.8,3.67,163.0,46.0,75.0,77.8,126,NONE,0,1.56,7.1,-3.7,38.2
2025-06-21 10:00:00,balaghat,EX-BAL-01,Face Shovel Excavator,1735,76.0,1.89,175.9,41.9,80.5,87.0,235,NONE,0,-1.38,-3.7,3.8,78.3
2025-06-21 10:00:00,gumgaon,EX-GUM-01,Face Shovel Excavator,2130,80.1,2.02,163.4,44.3,78.2,85.6,130,NONE,0,-1.17,0.4,1.7,73.2
2025-06-21 10:00:00,tirodi,EX-TIR-01,Face Shovel Excavator,745,78.6,1.56,170.5,40.0,78.1,90.6,245,NONE,0,-1.93,-1.1,-2.6,90.7
2025-06-21 12:00:00,gumgaon,EX-GUM-02,Face Shovel Excavator,3559,80.9,3.05,157.3,48.4,74.3,79.2,59,NONE,0,0.53,1.2,-1.2,50.5
2025-06-21 12:00:00,tirodi,EX-TIR-02,Face Shovel Excavator,4558,81.3,2.86,155.2,46.7,74.3,76.6,58,NONE,0,0.22,1.6,9.2,40.4
2025-06-21 12:00:00,dongri-buzurg,EX-DON-02,Face Shovel Excavator,3071,81.6,4.15,158.2,42.8,64.4,78.5,71,NONE,0,2.35,1.9,-13.0,40.8
2025-06-21 12:00:00,balaghat,EX-BAL-02,Face Shovel Excavator,4414,88.2,3.08,157.2,46.4,71.3,76.6,414,NONE,0,0.58,8.5,-7.1,36.1
2025-06-21 12:00:00,ukwa,EX-UKW-02,Face Shovel Excavator,3469,87.6,3.54,150.8,46.0,68.6,78.5,469,NONE,0,1.34,7.9,-10.2,41.7
2025-06-21 14:00:00,ukwa,DR-UKW-01,Rotary Blast Drill,2702,86.1,2.19,165.8,45.0,81.2,83.5,202,NONE,0,-0.97,7.1,7.3,63.0
2025-06-21 14:00:00,tirodi,DR-TIR-01,Rotary Blast Drill,3242,73.8,2.66,162.2,47.5,80.7,81.0,242,NONE,0,0.08,-5.2,5.0,58.8
2025-06-21 14:00:00,dongri-buzurg,DR-DON-01,Rotary Blast Drill,2924,76.8,2.42,163.0,47.6,73.6,82.4,424,NONE,0,-0.46,-2.2,-8.2,63.4
2025-06-21 14:00:00,gumgaon,DR-GUM-01,Rotary Blast Drill,2279,84.1,3.22,157.0,45.6,75.9,82.7,279,NONE,0,1.33,5.1,-6.6,57.9
2025-06-21 14:00:00,balaghat,DR-BAL-01,Rotary Blast Drill,3736,82.8,2.99,158.2,49.2,80.3,78.8,236,NONE,0,0.81,3.8,4.3,44.7
2025-06-21 16:00:00,gumgaon,DZ-GUM-01,Tracked Bulldozer,4236,76.8,3.0,142.9,50.2,73.5,77.3,236,NONE,0,0.43,-2.7,2.0,43.4
2025-06-21 16:00:00,dongri-buzurg,DZ-DON-01,Tracked Bulldozer,2446,73.0,2.11,169.3,46.7,78.8,84.4,446,NONE,0,-1.45,-6.5,-0.3,69.4
2025-06-21 16:00:00,tirodi,DZ-TIR-01,Tracked Bulldozer,4193,73.9,3.09,152.8,49.5,68.6,77.2,193,NONE,0,0.63,-5.6,-3.3,42.2
2025-06-21 16:00:00,ukwa,DZ-UKW-01,Tracked Bulldozer,4299,77.8,2.81,160.0,50.8,73.4,77.5,299,NONE,0,0.03,-1.7,1.4,46.0
2025-06-21 16:00:00,balaghat,DZ-BAL-01,Tracked Bulldozer,2284,79.9,2.1,171.1,46.1,78.5,84.9,284,NONE,0,-1.47,0.4,1.6,71.3
2025-06-21 18:00:00,gumgaon,LD-GUM-01,Wheel Loader,4261,84.3,2.9,172.5,46.7,74.0,77.4,261,NONE,0,0.38,5.4,1.9,41.1
2025-06-21 18:00:00,tirodi,LD-TIR-01,Wheel Loader,3521,83.3,2.54,164.4,46.0,72.2,80.4,21,NONE,0,-0.39,4.4,1.6,54.0
2025-06-21 18:00:00,balaghat,LD-BAL-01,Wheel Loader,2817,85.9,2.6,166.9,41.9,79.5,82.3,317,NONE,0,-0.26,7.0,1.1,61.6
2025-06-21 18:00:00,ukwa,LD-UKW-01,Wheel Loader,3975,77.2,2.71,161.6,45.7,78.6,78.7,475,NONE,0,-0.03,-1.7,3.2,50.3
2025-06-21 18:00:00,dongri-buzurg,LD-DON-01,Wheel Loader,2015,66.1,2.04,180.3,44.3,77.7,85.9,15,NONE,0,-1.48,-12.8,2.3,74.8
2025-06-21 20:00:00,dongri-buzurg,CR-DON-01,Primary Jaw Crusher,2618,90.6,3.7,167.7,0.0,73.0,80.7,118,NONE,0,0.44,4.3,2.2,61.6
2025-06-21 20:00:00,balaghat,CR-BAL-01,Primary Jaw Crusher,3824,95.4,4.65,166.8,0.0,69.0,75.2,324,WARN_HARMONIC_VIB,0,2.02,9.1,0.6,30.9
2025-06-21 20:00:00,tirodi,CR-TIR-01,Primary Jaw Crusher,726,85.3,2.75,171.4,0.0,74.3,88.3,226,NONE,0,-1.13,-1.0,-1.6,90.9
2025-06-21 20:00:00,ukwa,CR-UKW-01,Primary Jaw Crusher,1473,86.2,2.86,172.5,0.0,77.6,85.9,473,NONE,0,-0.95,-0.1,-0.4,81.6
2025-06-21 20:00:00,gumgaon,CR-GUM-01,Primary Jaw Crusher,3648,82.1,4.15,160.9,0.0,68.5,76.8,148,NONE,0,1.19,-4.2,4.9,44.3
2025-06-21 22:00:00,gumgaon,DP-GUM-01,Heavy Haul Truck (35T),4270,96.8,4.33,154.2,48.0,67.0,74.5,270,WARN_THERMAL_DRIFT,0,2.36,4.7,-5.8,24.5
2025-06-21 22:00:00,dongri-buzurg,DP-DON-01,Heavy Haul Truck (35T),1355,91.3,2.11,168.5,40.7,83.7,87.7,355,NONE,0,-1.33,-0.8,6.7,83.1
2025-06-21 22:00:00,ukwa,DP-UKW-01,Heavy Haul Truck (35T),3631,90.0,3.14,159.8,44.1,68.4,78.8,131,NONE,0,0.38,-2.1,-3.3,51.4
2025-06-21 22:00:00,balaghat,DP-BAL-01,Heavy Haul Truck (35T),4159,90.8,3.52,160.7,51.0,69.9,76.5,159,NONE,0,1.01,-1.3,-10.1,39.4
2025-06-21 22:00:00,tirodi,DP-TIR-01,Heavy Haul Truck (35T),1467,92.4,2.4,168.6,42.2,77.8,86.8,467,NONE,0,-0.85,0.3,3.3,81.5
2025-06-22 00:00:00,tirodi,DP-TIR-02,Heavy Haul Truck (35T),1421,91.4,2.15,177.7,41.9,81.7,87.4,421,NONE,0,-1.27,-0.7,7.6,82.2
2025-06-22 00:00:00,gumgaon,DP-GUM-02,Heavy Haul Truck (35T),2884,91.5,2.78,164.9,45.2,69.3,81.8,384,NONE,0,-0.22,-0.6,-4.6,64.0
2025-06-22 00:00:00,ukwa,DP-UKW-02,Heavy Haul Truck (35T),4419,98.9,3.83,153.3,46.0,71.2,75.1,419,WARN_THERMAL_DRIFT,0,1.53,6.8,1.3,28.7
2025-06-22 00:00:00,dongri-buzurg,DP-DON-02,Heavy Haul Truck (35T),971,95.8,2.81,169.6,39.0,73.8,87.5,471,WARN_THERMAL_DRIFT,0,-0.17,3.7,-4.8,86.2
2025-06-22 00:00:00,balaghat,DP-BAL-02,Heavy Haul Truck (35T),1514,88.8,2.16,174.1,43.9,79.3,87.1,14,NONE,0,-1.25,-3.3,4.8,81.1
2025-06-22 02:00:00,dongri-buzurg,DP-DON-03,Heavy Haul Truck (35T),3321,90.7,2.96,169.5,43.7,73.9,80.1,321,NONE,0,0.08,-1.4,3.7,57.8
2025-06-22 02:00:00,gumgaon,DP-GUM-03,Heavy Haul Truck (35T),2973,94.8,2.91,164.6,43.7,76.0,81.3,473,NONE,0,-0.0,2.7,-3.6,61.6
2025-06-22 02:00:00,tirodi,DP-TIR-03,Heavy Haul Truck (35T),3113,96.2,3.98,168.3,46.0,70.1,78.7,113,WARN_THERMAL_DRIFT,0,1.78,4.1,-5.2,44.1
2025-06-22 02:00:00,balaghat,DP-BAL-03,Heavy Haul Truck (35T),1950,97.0,2.84,169.0,41.6,78.1,84.5,450,WARN_THERMAL_DRIFT,0,-0.12,4.9,0.4,73.4
2025-06-22 02:00:00,ukwa,DP-UKW-03,Heavy Haul Truck (35T),1658,95.7,3.57,180.5,41.2,71.4,83.9,158,WARN_THERMAL_DRIFT,0,1.09,3.6,-5.6,68.4
2025-06-22 04:00:00,dongri-buzurg,DP-DON-04,Heavy Haul Truck (35T),2044,85.7,2.87,171.1,42.9,77.4,84.1,44,NONE,0,-0.07,-6.4,4.3,74.4
2025-06-22 04:00:00,balaghat,DP-BAL-04,Heavy Haul Truck (35T),1788,93.3,2.68,174.6,44.1,79.8,85.3,288,NONE,0,-0.38,1.2,3.9,77.1
2025-06-22 04:00:00,gumgaon,DP-GUM-04,Heavy Haul Truck (35T),3650,98.3,3.03,160.5,45.0,78.6,79.0,150,WARN_THERMAL_DRIFT,0,0.2,6.2,3.4,49.9
2025-06-22 04:00:00,tirodi,DP-TIR-04,Heavy Haul Truck (35T),4343,89.5,3.47,157.2,45.4,72.6,76.0,343,NONE,0,0.93,-2.6,1.3,37.8
2025-06-22 04:00:00,ukwa,DP-UKW-04,Heavy Haul Truck (35T),1316,84.8,2.16,172.4,44.1,78.8,87.7,316,NONE,0,-1.25,-7.3,2.8,83.6
2025-06-22 06:00:00,gumgaon,EX-GUM-01,Face Shovel Excavator,2150,75.5,2.14,162.3,44.6,79.3,85.3,150,NONE,0,-0.97,-4.2,1.1,73.1
2025-06-22 06:00:00,balaghat,EX-BAL-01,Face Shovel Excavator,1755,75.0,1.88,170.4,41.2,79.6,87.0,255,NONE,0,-1.4,-4.7,-0.9,78.1
2025-06-22 06:00:00,ukwa,EX-UKW-01,Face Shovel Excavator,3646,77.2,2.91,172.0,44.4,76.3,79.2,146,NONE,0,0.3,-2.5,1.3,51.9
2025-06-22 06:00:00,tirodi,EX-TIR-01,Face Shovel Excavator,765,69.3,1.67,178.0,38.9,80.4,90.4,265,NONE,0,-1.75,-10.4,2.3,90.4
2025-06-22 06:00:00,dongri-buzurg,EX-DON-01,Face Shovel Excavator,4553,75.2,3.07,161.8,48.0,74.5,76.2,53,NONE,0,0.57,-4.5,-3.3,38.2
2025-06-22 08:00:00,tirodi,EX-TIR-02,Face Shovel Excavator,4578,82.3,3.09,164.4,50.6,74.8,76.1,78,NONE,0,0.6,2.6,0.5,36.5
2025-06-22 08:00:00,dongri-buzurg,EX-DON-02,Face Shovel Excavator,3091,81.8,2.84,165.5,47.3,80.9,81.0,91,NONE,0,0.19,2.1,16.5,58.8
2025-06-22 08:00:00,balaghat,EX-BAL-02,Face Shovel Excavator,4434,86.1,2.98,153.6,48.0,69.9,76.7,434,NONE,0,0.42,6.4,-1.4,38.1
2025-06-22 08:00:00,gumgaon,EX-GUM-02,Face Shovel Excavator,3579,77.3,2.51,164.2,48.8,80.7,80.2,79,NONE,0,-0.36,-2.4,6.4,55.3
2025-06-22 08:00:00,ukwa,EX-UKW-02,Face Shovel Excavator,3489,80.6,2.78,161.9,47.9,72.8,80.0,489,NONE,0,0.09,0.9,4.2,55.2
2025-06-22 10:00:00,tirodi,DR-TIR-01,Rotary Blast Drill,3262,74.5,2.49,161.7,43.5,74.5,81.2,262,NONE,0,-0.3,-4.5,-6.2,59.2
2025-06-22 10:00:00,dongri-buzurg,DR-DON-01,Rotary Blast Drill,2944,84.1,3.17,157.0,42.1,70.9,80.8,444,NONE,0,1.21,5.1,-2.7,50.6
2025-06-22 10:00:00,ukwa,DR-UKW-01,Rotary Blast Drill,2722,75.0,2.18,170.3,42.9,74.8,83.5,222,NONE,0,-0.99,-4.0,-6.4,66.0
2025-06-22 10:00:00,balaghat,DR-BAL-01,Rotary Blast Drill,3756,78.4,2.74,169.4,47.7,78.7,79.3,256,NONE,0,0.25,-0.6,-1.6,50.9
2025-06-22 10:00:00,gumgaon,DR-GUM-01,Rotary Blast Drill,2299,74.1,2.18,168.4,41.0,74.2,84.7,299,NONE,0,-0.99,-4.9,-1.7,71.3
2025-06-22 12:00:00,gumgaon,DZ-GUM-01,Tracked Bulldozer,4256,82.2,2.82,157.7,48.5,78.1,77.6,256,NONE,0,0.05,2.7,4.6,45.2
2025-06-22 12:00:00,dongri-buzurg,DZ-DON-01,Tracked Bulldozer,2466,79.3,2.79,168.1,44.4,72.4,83.0,466,NONE,0,-0.01,-0.2,-6.4,69.2
2025-06-22 12:00:00,ukwa,DZ-UKW-01,Tracked Bulldozer,4319,81.9,3.04,161.8,47.7,72.1,77.0,319,NONE,0,0.52,2.4,-1.3,40.5
2025-06-22 12:00:00,balaghat,DZ-BAL-01,Tracked Bulldozer,2304,81.0,2.28,166.9,43.6,76.4,84.5,304,NONE,0,-1.09,1.5,-2.1,70.5
2025-06-22 12:00:00,tirodi,DZ-TIR-01,Tracked Bulldozer,4213,83.9,4.42,157.0,46.3,66.1,74.5,213,NONE,0,3.44,4.4,-2.5,20.0
2025-06-22 14:00:00,tirodi,LD-TIR-01,Wheel Loader,3541,82.2,3.27,160.3,47.3,73.2,78.8,41,NONE,0,1.18,3.3,1.0,44.2
2025-06-22 14:00:00,dongri-buzurg,LD-DON-01,Wheel Loader,2035,82.4,3.51,177.4,40.1,74.0,82.9,35,NONE,0,1.7,3.5,-3.7,58.5
2025-06-22 14:00:00,balaghat,LD-BAL-01,Wheel Loader,2837,78.0,2.39,158.9,45.3,72.3,82.7,337,NONE,0,-0.72,-0.9,-7.2,64.5
2025-06-22 14:00:00,ukwa,LD-UKW-01,Wheel Loader,3995,71.9,2.72,153.0,49.7,79.9,78.6,495,NONE,0,-0.01,-7.0,1.3,50.1
2025-06-22 14:00:00,gumgaon,LD-GUM-01,Wheel Loader,4281,77.6,3.17,156.7,46.0,74.2,76.8,281,NONE,0,0.97,-1.3,0.2,38.2
2025-06-22 16:00:00,ukwa,CR-UKW-01,Primary Jaw Crusher,1493,80.3,3.3,179.0,0.0,75.1,84.9,493,NONE,0,-0.22,-6.0,-2.5,81.3
2025-06-22 16:00:00,tirodi,CR-TIR-01,Primary Jaw Crusher,746,80.3,2.68,172.9,0.0,73.0,88.4,246,NONE,0,-1.25,-6.0,-1.3,90.7
2025-06-22 16:00:00,dongri-buzurg,CR-DON-01,Primary Jaw Crusher,2638,83.7,3.58,167.2,0.0,72.7,80.9,138,NONE,0,0.24,-2.6,-0.3,65.0
2025-06-22 16:00:00,balaghat,CR-BAL-01,Primary Jaw Crusher,3844,93.2,3.89,163.6,0.0,72.3,76.7,344,NONE,0,0.76,6.9,3.3,42.4
2025-06-22 16:00:00,gumgaon,CR-GUM-01,Primary Jaw Crusher,3668,87.0,3.52,169.1,0.0,69.7,78.0,168,NONE,0,0.14,0.7,1.2,52.6
2025-06-22 18:00:00,balaghat,DP-BAL-01,Heavy Haul Truck (35T),4179,101.3,4.35,157.8,50.6,69.6,74.8,179,WARN_THERMAL_DRIFT,0,2.39,9.2,-0.3,23.3
2025-06-22 18:00:00,tirodi,DP-TIR-01,Heavy Haul Truck (35T),1487,95.6,2.21,175.7,43.7,83.5,87.1,487,WARN_THERMAL_DRIFT,0,-1.17,3.5,5.7,79.8
2025-06-22 18:00:00,dongri-buzurg,DP-DON-01,Heavy Haul Truck (35T),1375,85.1,2.24,172.8,40.4,79.3,87.4,375,NONE,0,-1.12,-7.0,-4.4,82.8
2025-06-22 18:00:00,ukwa,DP-UKW-01,Heavy Haul Truck (35T),3651,91.0,3.18,158.5,44.8,71.9,78.7,151,NONE,0,0.45,-1.1,3.5,50.5
2025-06-22 18:00:00,gumgaon,DP-GUM-01,Heavy Haul Truck (35T),4290,92.1,3.28,165.3,48.5,71.3,76.6,290,NONE,0,0.61,-0.0,4.3,41.2
2025-06-22 20:00:00,balaghat,DP-BAL-02,Heavy Haul Truck (35T),1534,88.5,2.18,175.1,39.3,73.1,87.0,34,NONE,0,-1.22,-3.6,-6.2,80.8
2025-06-22 20:00:00,dongri-buzurg,DP-DON-02,Heavy Haul Truck (35T),991,88.8,1.98,173.5,40.1,80.8,89.1,491,NONE,0,-1.55,-3.3,7.0,87.6
2025-06-22 20:00:00,ukwa,DP-UKW-02,Heavy Haul Truck (35T),4439,96.5,3.8,150.0,48.4,73.9,75.1,439,WARN_THERMAL_DRIFT,0,1.48,4.4,2.7,30.0
2025-06-22 20:00:00,gumgaon,DP-GUM-02,Heavy Haul Truck (35T),2904,93.7,2.68,164.8,45.8,75.5,81.9,404,NONE,0,-0.38,1.6,6.2,63.0
2025-06-22 20:00:00,tirodi,DP-TIR-02,Heavy Haul Truck (35T),1441,91.4,2.17,178.2,39.1,76.6,87.3,441,NONE,0,-1.23,-0.7,-5.1,82.0
2025-06-22 22:00:00,ukwa,DP-UKW-03,Heavy Haul Truck (35T),1678,93.4,3.01,170.0,41.6,74.4,84.9,178,NONE,0,0.16,1.3,3.0,77.1
2025-06-22 22:00:00,balaghat,DP-BAL-03,Heavy Haul Truck (35T),1970,89.9,2.44,175.0,43.0,75.2,85.2,470,NONE,0,-0.78,-2.2,-2.9,75.4
2025-06-22 22:00:00,gumgaon,DP-GUM-03,Heavy Haul Truck (35T),2993,96.9,2.86,162.2,45.3,76.6,81.3,493,WARN_THERMAL_DRIFT,0,-0.09,4.8,0.6,60.4
2025-06-22 22:00:00,dongri-buzurg,DP-DON-03,Heavy Haul Truck (35T),3341,87.6,2.92,154.0,48.0,77.9,80.1,341,NONE,0,0.01,-4.5,4.0,58.2
2025-06-22 22:00:00,tirodi,DP-TIR-03,Heavy Haul Truck (35T),3133,102.7,3.89,166.2,44.8,67.7,78.8,133,WARN_THERMAL_DRIFT,0,1.63,10.6,-2.4,42.2
2025-06-23 00:00:00,gumgaon,DP-GUM-04,Heavy Haul Truck (35T),3670,95.3,3.19,162.4,47.3,71.7,78.6,170,WARN_THERMAL_DRIFT,0,0.46,3.2,-6.9,48.8
2025-06-23 00:00:00,tirodi,DP-TIR-04,Heavy Haul Truck (35T),4363,99.4,4.43,157.8,50.9,70.6,74.1,363,WARN_THERMAL_DRIFT,0,2.52,7.3,-2.0,20.8
2025-06-23 00:00:00,balaghat,DP-BAL-04,Heavy Haul Truck (35T),1808,95.4,2.4,174.8,41.0,74.3,85.8,308,WARN_THERMAL_DRIFT,0,-0.85,3.3,-5.5,75.9
2025-06-23 00:00:00,ukwa,DP-UKW-04,Heavy Haul Truck (35T),1336,97.2,2.45,177.1,39.1,73.7,87.1,336,WARN_THERMAL_DRIFT,0,-0.77,5.1,-5.1,81.0
2025-06-23 00:00:00,dongri-buzurg,DP-DON-04,Heavy Haul Truck (35T),2064,85.2,3.03,168.0,42.1,72.6,83.7,64,NONE,0,0.2,-6.9,-4.8,72.5
2025-06-23 02:00:00,ukwa,EX-UKW-01,Face Shovel Excavator,3666,82.7,3.08,168.0,44.1,71.2,78.8,166,NONE,0,0.58,3.0,-5.1,47.9
2025-06-23 02:00:00,tirodi,EX-TIR-01,Face Shovel Excavator,785,81.1,3.65,174.0,40.0,66.8,86.3,285,NONE,0,1.52,1.4,-13.6,76.6
2025-06-23 02:00:00,dongri-buzurg,EX-DON-01,Face Shovel Excavator,4573,84.0,2.94,156.8,48.9,72.2,76.4,73,NONE,0,0.35,4.3,-2.3,37.9
2025-06-23 02:00:00,gumgaon,EX-GUM-01,Face Shovel Excavator,2170,76.6,2.01,173.5,41.0,81.8,85.5,170,NONE,0,-1.18,-3.1,2.5,72.9
2025-06-23 02:00:00,balaghat,EX-BAL-01,Face Shovel Excavator,1775,75.3,1.92,166.3,42.4,81.0,86.8,275,NONE,0,-1.33,-4.4,1.4,77.8
2025-06-23 04:00:00,dongri-buzurg,EX-DON-02,Face Shovel Excavator,3111,78.9,3.06,157.9,47.3,73.0,80.5,111,NONE,0,0.55,-0.8,-7.9,56.4
2025-06-23 04:00:00,balaghat,EX-BAL-02,Face Shovel Excavator,4454,82.4,3.3,153.0,47.2,73.1,76.0,454,NONE,0,0.95,2.7,3.2,35.0
2025-06-23 04:00:00,ukwa,EX-UKW-02,Face Shovel Excavator,3509,75.8,2.67,166.2,48.2,79.6,80.1,9,NONE,0,-0.09,-3.9,6.8,56.1
2025-06-23 04:00:00,tirodi,EX-TIR-02,Face Shovel Excavator,4598,79.0,3.0,148.4,47.1,75.7,76.2,98,NONE,0,0.45,-0.7,0.9,38.7
2025-06-23 04:00:00,gumgaon,EX-GUM-02,Face Shovel Excavator,3599,79.9,3.22,157.9,45.1,69.4,78.8,99,NONE,0,0.81,0.2,-11.3,48.0
2025-06-23 06:00:00,tirodi,DR-TIR-01,Rotary Blast Drill,3282,80.6,2.42,170.2,48.6,81.0,81.3,282,NONE,0,-0.46,1.6,6.5,58.3
2025-06-23 06:00:00,balaghat,DR-BAL-01,Rotary Blast Drill,3776,83.5,3.22,158.2,47.9,73.7,78.2,276,NONE,0,1.33,4.5,-5.0,39.5
2025-06-23 06:00:00,ukwa,DR-UKW-01,Rotary Blast Drill,2742,84.2,2.36,178.8,44.4,76.0,83.1,242,NONE,0,-0.59,5.2,1.2,63.4
2025-06-23 06:00:00,dongri-buzurg,DR-DON-01,Rotary Blast Drill,2964,82.6,2.51,167.2,42.8,76.1,82.1,464,NONE,0,-0.26,3.6,5.2,61.3
2025-06-23 06:00:00,gumgaon,DR-GUM-01,Rotary Blast Drill,2319,75.2,2.3,169.4,40.9,77.5,84.4,319,NONE,0,-0.73,-3.8,3.3,71.0
2025-06-23 08:00:00,dongri-buzurg,DZ-DON-01,Tracked Bulldozer,2486,82.5,3.18,177.4,41.2,66.2,82.2,486,NONE,0,0.82,3.0,-6.2,60.6
2025-06-23 08:00:00,tirodi,DZ-TIR-01,Tracked Bulldozer,4233,80.0,2.73,158.4,50.8,78.5,77.8,233,NONE,0,-0.14,0.5,12.4,46.9
2025-06-23 08:00:00,balaghat,DZ-BAL-01,Tracked Bulldozer,2324,85.9,3.25,170.3,45.9,71.3,82.5,324,NONE,0,0.96,6.4,-5.1,59.9
2025-06-23 08:00:00,ukwa,DZ-UKW-01,Tracked Bulldozer,4339,76.8,3.24,156.8,46.7,75.8,76.5,339,NONE,0,0.94,-2.7,3.7,37.8
2025-06-23 08:00:00,gumgaon,DZ-GUM-01,Tracked Bulldozer,4276,80.3,2.8,156.0,45.6,75.5,77.6,276,NONE,0,0.01,0.8,-2.6,46.1
2025-06-23 10:00:00,ukwa,LD-UKW-01,Wheel Loader,4015,81.8,2.74,159.9,50.1,77.4,78.5,15,NONE,0,0.04,2.9,-2.5,48.2
2025-06-23 10:00:00,dongri-buzurg,LD-DON-01,Wheel Loader,2055,74.1,2.01,170.5,43.3,79.1,85.8,55,NONE,0,-1.54,-4.8,5.1,74.3
2025-06-23 10:00:00,tirodi,LD-TIR-01,Wheel Loader,3561,81.3,2.52,154.3,44.6,76.9,80.3,61,NONE,0,-0.44,2.4,3.7,54.4
2025-06-23 10:00:00,balaghat,LD-BAL-01,Wheel Loader,2857,76.6,2.61,171.5,47.3,75.4,82.2,357,NONE,0,-0.24,-2.3,3.1,64.3
2025-06-23 10:00:00,gumgaon,LD-GUM-01,Wheel Loader,4301,85.2,3.05,152.3,46.5,75.0,77.0,301,NONE,0,0.71,6.3,0.8,37.4
2025-06-23 12:00:00,balaghat,CR-BAL-01,Primary Jaw Crusher,3864,90.4,3.77,157.2,0.0,73.4,76.9,364,NONE,0,0.56,4.1,1.1,45.1
2025-06-23 12:00:00,gumgaon,CR-GUM-01,Primary Jaw Crusher,3688,82.8,3.68,163.7,0.0,69.4,77.6,188,NONE,0,0.41,-3.5,-0.3,50.4
2025-06-23 12:00:00,dongri-buzurg,CR-DON-01,Primary Jaw Crusher,2658,86.9,3.66,163.2,0.0,72.3,80.7,158,NONE,0,0.38,0.6,-0.4,63.3
2025-06-23 12:00:00,ukwa,CR-UKW-01,Primary Jaw Crusher,1513,84.1,3.24,173.6,0.0,70.6,85.0,13,NONE,0,-0.32,-2.2,-4.5,81.1
2025-06-23 12:00:00,tirodi,CR-TIR-01,Primary Jaw Crusher,766,84.9,3.14,170.6,0.0,70.1,87.4,266,NONE,0,-0.49,-1.4,-2.9,90.4
2025-06-23 14:00:00,ukwa,DP-UKW-01,Heavy Haul Truck (35T),3671,99.4,3.54,166.8,44.6,70.5,77.9,171,WARN_THERMAL_DRIFT,0,1.04,7.3,-1.4,42.0
2025-06-23 14:00:00,gumgaon,DP-GUM-01,Heavy Haul Truck (35T),4310,96.9,3.21,160.7,49.2,71.2,76.6,310,WARN_THERMAL_DRIFT,0,0.5,4.8,-0.1,39.7
2025-06-23 14:00:00,tirodi,DP-TIR-01,Heavy Haul Truck (35T),1507,90.4,2.29,163.7,40.3,75.6,86.9,7,NONE,0,-1.03,-1.7,-7.9,81.2
2025-06-23 14:00:00,balaghat,DP-BAL-01,Heavy Haul Truck (35T),4199,92.0,3.33,155.6,48.8,73.9,76.7,199,NONE,0,0.7,-0.1,4.3,41.6
2025-06-23 14:00:00,dongri-buzurg,DP-DON-01,Heavy Haul Truck (35T),1395,90.3,3.22,170.1,40.5,74.2,85.4,395,NONE,0,0.51,-1.8,-5.1,78.2
2025-06-23 16:00:00,tirodi,DP-TIR-02,Heavy Haul Truck (35T),1461,96.6,3.56,169.2,38.5,74.3,84.5,461,WARN_THERMAL_DRIFT,0,1.08,4.5,-2.3,70.5
2025-06-23 16:00:00,gumgaon,DP-GUM-02,Heavy Haul Truck (35T),2924,94.3,3.26,167.3,43.0,75.2,80.7,424,NONE,0,0.58,2.2,-0.3,57.5
2025-06-23 16:00:00,dongri-buzurg,DP-DON-02,Heavy Haul Truck (35T),1011,93.6,2.28,173.3,42.3,73.1,88.4,11,NONE,0,-1.05,1.5,-7.7,86.7
2025-06-23 16:00:00,ukwa,DP-UKW-02,Heavy Haul Truck (35T),4459,90.3,3.28,149.0,47.8,72.3,76.1,459,NONE,0,0.61,-1.8,-1.6,39.1
2025-06-23 16:00:00,balaghat,DP-BAL-02,Heavy Haul Truck (35T),1554,85.9,2.4,173.8,43.2,76.1,86.5,54,NONE,0,-0.85,-6.2,3.0,80.6
2025-06-23 18:00:00,tirodi,DP-TIR-03,Heavy Haul Truck (35T),3153,92.7,2.87,166.8,46.8,71.8,80.8,153,NONE,0,-0.07,0.6,4.1,60.3
2025-06-23 18:00:00,balaghat,DP-BAL-03,Heavy Haul Truck (35T),1990,91.5,2.36,170.3,43.4,76.9,85.3,490,NONE,0,-0.92,-0.6,1.7,75.1
2025-06-23 18:00:00,dongri-buzurg,DP-DON-03,Heavy Haul Truck (35T),3361,97.1,2.93,161.8,45.5,72.5,80.1,361,WARN_THERMAL_DRIFT,0,0.03,5.0,-5.4,55.5
2025-06-23 18:00:00,ukwa,DP-UKW-03,Heavy Haul Truck (35T),1698,90.7,2.38,170.2,41.3,75.8,86.1,198,NONE,0,-0.88,-1.4,1.4,78.8
2025-06-23 18:00:00,gumgaon,DP-GUM-03,Heavy Haul Truck (35T),3013,90.0,2.78,165.9,44.6,74.2,81.4,13,NONE,0,-0.22,-2.1,-2.4,62.3
2025-06-23 20:00:00,balaghat,DP-BAL-04,Heavy Haul Truck (35T),1828,88.8,2.57,164.0,43.0,77.4,85.4,328,NONE,0,-0.57,-3.3,3.1,77.2
2025-06-23 20:00:00,dongri-buzurg,DP-DON-04,Heavy Haul Truck (35T),2084,89.8,2.8,170.6,42.4,74.3,84.1,84,NONE,0,-0.19,-2.3,1.7,74.0
2025-06-23 20:00:00,tirodi,DP-TIR-04,Heavy Haul Truck (35T),4383,91.3,3.64,154.0,51.3,71.4,75.6,383,NONE,0,1.21,-0.8,0.8,34.9
2025-06-23 20:00:00,gumgaon,DP-GUM-04,Heavy Haul Truck (35T),3690,94.1,3.94,162.8,49.5,67.8,77.1,190,NONE,0,1.71,2.0,-3.9,38.4
2025-06-23 20:00:00,ukwa,DP-UKW-04,Heavy Haul Truck (35T),1356,97.3,2.69,178.9,42.8,77.8,86.6,356,WARN_THERMAL_DRIFT,0,-0.37,5.2,4.1,80.7
2025-06-23 22:00:00,balaghat,EX-BAL-01,Face Shovel Excavator,1795,76.0,1.9,167.0,41.9,84.4,86.8,295,NONE,0,-1.37,-3.7,3.4,77.6
2025-06-23 22:00:00,gumgaon,EX-GUM-01,Face Shovel Excavator,2190,72.9,2.19,169.0,41.0,76.2,85.1,190,NONE,0,-0.89,-6.8,-5.6,72.6
2025-06-23 22:00:00,tirodi,EX-TIR-01,Face Shovel Excavator,805,80.2,2.24,164.9,37.9,73.7,89.1,305,NONE,0,-0.81,0.5,6.9,89.7
2025-06-23 22:00:00,ukwa,EX-UKW-01,Face Shovel Excavator,3686,88.3,3.41,156.8,46.4,74.6,78.1,186,NONE,0,1.13,8.6,3.4,40.4
2025-06-23 22:00:00,dongri-buzurg,EX-DON-01,Face Shovel Excavator,4593,81.7,3.56,156.6,47.0,70.4,75.1,93,NONE,0,1.38,2.0,-1.8,30.0
2025-06-24 00:00:00,ukwa,EX-UKW-02,Face Shovel Excavator,3529,80.9,2.74,158.7,46.5,75.9,79.9,29,NONE,0,0.02,1.2,-3.7,55.2
2025-06-24 00:00:00,balaghat,EX-BAL-02,Face Shovel Excavator,4474,83.9,3.32,165.8,47.4,69.8,75.9,474,NONE,0,0.98,4.2,-3.3,33.9
2025-06-24 00:00:00,dongri-buzurg,EX-DON-02,Face Shovel Excavator,3131,76.0,3.17,166.0,45.5,74.8,80.3,131,NONE,0,0.73,-3.7,1.8,54.7
2025-06-24 00:00:00,gumgaon,EX-GUM-02,Face Shovel Excavator,3619,83.6,2.71,158.6,48.5,74.6,79.7,119,NONE,0,-0.03,3.9,5.2,53.0
2025-06-24 00:00:00,tirodi,EX-TIR-02,Face Shovel Excavator,4618,79.5,3.08,157.1,48.7,76.2,76.0,118,NONE,0,0.58,-0.2,0.5,37.3
2025-06-24 02:00:00,ukwa,DR-UKW-01,Rotary Blast Drill,2762,81.8,2.3,164.6,43.2,75.0,83.1,262,NONE,0,-0.73,2.8,-1.0,64.2
2025-06-24 02:00:00,dongri-buzurg,DR-DON-01,Rotary Blast Drill,2984,81.2,3.36,166.2,45.9,75.0,80.3,484,NONE,0,1.64,2.2,-1.1,47.8
2025-06-24 02:00:00,tirodi,DR-TIR-01,Rotary Blast Drill,3302,83.5,2.79,170.7,46.2,76.3,80.5,302,NONE,0,0.37,4.5,-4.7,53.6
2025-06-24 02:00:00,gumgaon,DR-GUM-01,Rotary Blast Drill,2339,73.8,2.23,170.2,44.9,76.6,84.5,339,NONE,0,-0.88,-5.2,-0.9,70.8
2025-06-24 02:00:00,balaghat,DR-BAL-01,Rotary Blast Drill,3796,77.0,2.74,161.2,44.5,73.4,79.1,296,NONE,0,0.25,-2.0,-0.3,50.4
2025-06-24 04:00:00,balaghat,DZ-BAL-01,Tracked Bulldozer,2344,80.1,2.69,160.5,45.9,77.3,83.6,344,NONE,0,-0.22,0.6,6.0,70.4
2025-06-24 04:00:00,tirodi,DZ-TIR-01,Tracked Bulldozer,4253,83.8,2.89,158.3,48.7,78.1,77.5,253,NONE,0,0.2,4.3,-0.4,43.2
2025-06-24 04:00:00,gumgaon,DZ-GUM-01,Tracked Bulldozer,4296,77.0,2.83,157.1,49.1,73.7,77.5,296,NONE,0,0.07,-2.5,-1.8,45.7
2025-06-24 04:00:00,ukwa,DZ-UKW-01,Tracked Bulldozer,4359,81.1,3.05,160.6,50.8,73.2,76.8,359,NONE,0,0.54,1.6,-2.6,40.2
2025-06-24 04:00:00,dongri-buzurg,DZ-DON-01,Tracked Bulldozer,2506,78.4,2.31,175.6,45.1,82.5,83.9,6,NONE,0,-1.03,-1.1,16.3,68.7
2025-06-24 06:00:00,dongri-buzurg,LD-DON-01,Wheel Loader,2075,77.3,2.64,170.8,43.2,75.4,84.5,75,NONE,0,-0.18,-1.6,-3.7,74.1
2025-06-24 06:00:00,ukwa,LD-UKW-01,Wheel Loader,4035,89.9,3.42,165.3,46.4,72.4,77.1,35,NONE,0,1.51,11.0,-5.0,31.8
2025-06-24 06:00:00,gumgaon,LD-GUM-01,Wheel Loader,4321,85.7,3.1,159.0,46.4,76.6,76.8,321,NONE,0,0.82,6.8,1.6,36.0
2025-06-24 06:00:00,tirodi,LD-TIR-01,Wheel Loader,3581,82.3,2.92,163.8,48.4,67.4,79.4,81,NONE,0,0.43,3.4,-9.5,50.1
2025-06-24 06:00:00,balaghat,LD-BAL-01,Wheel Loader,2877,85.5,2.39,171.8,47.9,73.6,82.6,377,NONE,0,-0.72,6.6,-1.8,61.1
