date,mine_id,mine_name,planned_tonnage,actual_tonnage,ore_grade_mn,recovery_rate,crusher_utilization,fleet_availability,operating_hours,downtime_hours,rainfall_mm,shortfall_tonnes,shortfall_percentage,shortfall_event
2025-01-01,balaghat,Balaghat Deep Shaft,6200,5082,44.4,85.5,96.6,88.7,23.3,0.7,0.0,1118,18.0,1
2025-01-02,balaghat,Balaghat Deep Shaft,6200,5232,44.5,87.3,95.2,90.3,23.2,0.8,0.0,968,15.6,1
2025-01-03,balaghat,Balaghat Deep Shaft,6200,5359,43.3,86.4,94.7,93.5,23.3,0.7,0.0,841,13.6,1
2025-01-04,balaghat,Balaghat Deep Shaft,6200,4949,43.3,85.6,93.8,91.7,22.6,1.4,0.0,1251,20.2,1
2025-01-05,balaghat,Balaghat Deep Shaft,6200,5093,44.8,87.0,92.0,90.0,23.4,0.6,0.0,1107,17.9,1
2025-01-06,balaghat,Balaghat Deep Shaft,6200,5164,43.5,85.9,91.7,93.6,23.0,1.0,0.0,1036,16.7,1
2025-01-07,balaghat,Balaghat Deep Shaft,6200,4929,44.7,87.7,91.4,92.0,22.1,1.9,0.0,1271,20.5,1
2025-01-08,balaghat,Balaghat Deep Shaft,6200,4873,43.8,86.9,90.1,87.8,22.3,1.7,0.0,1327,21.4,1
2025-01-09,balaghat,Balaghat Deep Shaft,6200,5189,44.7,88.1,87.2,93.0,22.4,1.6,0.0,1011,16.3,1
2025-01-10,balaghat,Balaghat Deep Shaft,6200,5233,44.8,87.4,95.3,92.3,23.0,1.0,0.0,967,15.6,1
2025-01-11,balaghat,Balaghat Deep Shaft,6200,5337,44.4,86.0,94.0,93.6,22.8,1.2,0.0,863,13.9,1
2025-01-12,balaghat,Balaghat Deep Shaft,6200,5099,45.1,88.5,91.2,91.4,22.7,1.3,0.0,1101,17.8,1
2025-01-13,balaghat,Balaghat Deep Shaft,6200,4966,44.8,87.6,87.3,88.0,22.7,1.3,0.0,1234,19.9,1
2025-01-14,balaghat,Balaghat Deep Shaft,6200,4979,43.9,85.9,85.6,89.5,22.1,1.9,0.0,1221,19.7,1
2025-01-15,balaghat,Balaghat Deep Shaft,6200,5175,44.3,87.7,90.0,94.9,22.2,1.8,0.0,1025,16.5,1
2025-01-16,balaghat,Balaghat Deep Shaft,6200,5272,44.4,86.9,93.8,92.2,23.5,0.5,0.0,928,15.0,1
2025-01-17,balaghat,Balaghat Deep Shaft,6200,5168,44.1,85.8,91.7,92.6,23.0,1.0,0.0,1032,16.6,1
2025-01-18,balaghat,Balaghat Deep Shaft,6200,4931,44.2,86.2,96.0,86.7,23.1,0.9,0.0,1269,20.5,1
2025-01-19,balaghat,Balaghat Deep Shaft,6200,5464,44.0,86.4,95.1,92.7,23.1,0.9,0.0,736,11.9,1
2025-01-20,balaghat,Balaghat Deep Shaft,6200,5481,44.7,87.2,90.4,94.4,23.1,0.9,0.0,719,11.6,1
2025-01-21,balaghat,Balaghat Deep Shaft,6200,4788,44.2,87.4,89.9,89.3,22.2,1.8,0.0,1412,22.8,1
2025-01-22,balaghat,Balaghat Deep Shaft,6200,4796,44.2,85.9,92.4,87.6,22.5,1.5,0.0,1404,22.6,1
2025-01-23,balaghat,Balaghat Deep Shaft,6200,5037,43.7,85.1,89.7,90.5,23.3,0.7,0.0,1163,18.8,1
2025-01-24,balaghat,Balaghat Deep Shaft,6200,5413,45.0,88.2,92.6,92.1,22.7,1.3,0.0,787,12.7,1
2025-01-25,balaghat,Balaghat Deep Shaft,6200,5083,44.9,85.7,90.0,87.9,23.0,1.0,0.0,1117,18.0,1
2025-01-26,balaghat,Balaghat Deep Shaft,6200,4973,44.3,86.2,89.9,89.8,23.3,0.7,0.0,1227,19.8,1
2025-01-27,balaghat,Balaghat Deep Shaft,6200,5208,43.5,86.9,88.5,91.9,22.5,1.5,0.0,992,16.0,1
2025-01-28,balaghat,Balaghat Deep Shaft,6200,5223,43.7,85.7,87.0,94.4,22.5,1.5,0.0,977,15.8,1
2025-01-29,balaghat,Balaghat Deep Shaft,6200,5166,43.7,86.5,88.5,88.1,23.1,0.9,0.0,1034,16.7,1
2025-01-30,balaghat,Balaghat Deep Shaft,6200,5278,45.1,88.0,90.2,91.5,22.6,1.4,0.0,922,14.9,1
2025-01-31,balaghat,Balaghat Deep Shaft,6200,5315,44.1,85.1,89.1,91.6,23.2,0.8,0.0,885,14.3,1
2025-02-01,balaghat,Balaghat Deep Shaft,6200,5055,44.2,87.1,85.3,92.7,22.1,1.9,0.0,1145,18.5,1
2025-02-02,balaghat,Balaghat Deep Shaft,6200,4980,43.9,85.7,87.1,89.2,22.7,1.3,0.0,1220,19.7,1
2025-02-03,balaghat,Balaghat Deep Shaft,6200,5036,43.5,85.5,86.6,91.6,22.2,1.8,0.0,1164,18.8,1
2025-02-04,balaghat,Balaghat Deep Shaft,6200,5081,43.8,85.0,86.0,93.8,22.3,1.7,0.0,1119,18.0,1
2025-02-05,balaghat,Balaghat Deep Shaft,6200,5035,44.9,85.7,87.0,92.9,22.4,1.6,0.0,1165,18.8,1
2025-02-06,balaghat,Balaghat Deep Shaft,6200,5208,43.7,86.1,93.8,91.9,23.4,0.6,0.0,992,16.0,1
2025-02-07,balaghat,Balaghat Deep Shaft,6200,5070,44.9,86.1,92.9,90.3,23.3,0.7,0.0,1130,18.2,1
2025-02-08,balaghat,Balaghat Deep Shaft,6200,5375,45.3,85.7,87.9,97.5,22.5,1.5,0.0,825,13.3,1
2025-02-09,balaghat,Balaghat Deep Shaft,6200,5325,44.7,88.2,94.4,89.8,22.8,1.2,0.0,875,14.1,1
2025-02-10,balaghat,Balaghat Deep Shaft,6200,5230,45.2,87.8,95.4,89.6,23.2,0.8,0.0,970,15.6,1
2025-02-11,balaghat,Balaghat Deep Shaft,6200,4870,44.8,86.7,86.2,88.3,22.1,1.9,0.0,1330,21.5,1
2025-02-12,balaghat,Balaghat Deep Shaft,6200,4844,43.4,87.2,93.2,89.7,22.4,1.6,0.0,1356,21.9,1
2025-02-13,balaghat,Balaghat Deep Shaft,6200,5224,44.7,86.8,94.2,92.6,22.8,1.2,0.0,976,15.7,1
2025-02-14,balaghat,Balaghat Deep Shaft,6200,4836,43.4,87.4,89.1,86.5,22.6,1.4,0.0,1364,22.0,1
2025-02-15,balaghat,Balaghat Deep Shaft,6200,5379,44.2,87.8,92.4,94.4,22.5,1.5,0.0,821,13.2,1
2025-02-16,balaghat,Balaghat Deep Shaft,6200,5158,44.3,86.1,91.1,93.1,22.6,1.4,0.0,1042,16.8,1
2025-02-17,balaghat,Balaghat Deep Shaft,6200,3451,44.6,87.7,57.8,91.1,15.6,8.4,0.0,2749,44.3,1
2025-02-18,balaghat,Balaghat Deep Shaft,6200,5335,44.3,88.0,89.1,90.3,23.0,1.0,0.0,865,14.0,1
2025-02-19,balaghat,Balaghat Deep Shaft,6200,5214,43.8,85.6,87.1,92.4,22.6,1.4,0.0,986,15.9,1
2025-02-20,balaghat,Balaghat Deep Shaft,6200,5071,43.8,86.5,85.0,92.9,22.3,1.7,0.0,1129,18.2,1
2025-02-21,balaghat,Balaghat Deep Shaft,6200,5138,44.1,85.7,89.1,92.9,22.2,1.8,0.0,1062,17.1,1
2025-02-22,balaghat,Balaghat Deep Shaft,6200,4955,44.8,85.7,90.4,91.5,22.3,1.7,0.0,1245,20.1,1
2025-02-23,balaghat,Balaghat Deep Shaft,6200,4992,44.1,86.0,87.5,92.3,22.1,1.9,0.0,1208,19.5,1
2025-02-24,balaghat,Balaghat Deep Shaft,6200,5002,43.5,85.2,87.0,94.5,22.4,1.6,0.0,1198,19.3,1
2025-02-25,balaghat,Balaghat Deep Shaft,6200,5037,43.8,86.7,87.9,91.7,22.8,1.2,0.0,1163,18.8,1
2025-02-26,balaghat,Balaghat Deep Shaft,6200,5186,45.0,86.4,96.4,93.0,23.3,0.7,0.0,1014,16.4,1
2025-02-27,balaghat,Balaghat Deep Shaft,6200,5196,44.3,86.9,89.6,90.3,23.4,0.6,0.0,1004,16.2,1
2025-02-28,balaghat,Balaghat Deep Shaft,6200,5181,45.0,86.8,91.3,89.8,23.4,0.6,0.0,1019,16.4,1
2025-03-01,balaghat,Balaghat Deep Shaft,6200,5229,43.6,87.5,94.2,91.5,23.5,0.5,0.0,971,15.7,1
2025-03-02,balaghat,Balaghat Deep Shaft,6200,5249,44.7,87.2,86.5,94.7,22.6,1.4,0.0,951,15.3,1
2025-03-03,balaghat,Balaghat Deep Shaft,6200,5246,44.2,85.1,93.1,92.1,23.4,0.6,0.0,954,15.4,1
2025-03-04,balaghat,Balaghat Deep Shaft,6200,4857,45.3,86.0,89.5,90.4,22.6,1.4,0.0,1343,21.7,1
2025-03-05,balaghat,Balaghat Deep Shaft,6200,5307,39.5,83.8,94.7,97.0,23.1,0.9,0.0,893,14.4,1
2025-03-06,balaghat,Balaghat Deep Shaft,6200,4976,44.4,87.6,87.4,86.7,22.3,1.7,0.0,1224,19.7,1
2025-03-07,balaghat,Balaghat Deep Shaft,6200,4762,45.3,88.5,85.2,88.2,22.1,1.9,0.0,1438,23.2,1
2025-03-08,balaghat,Balaghat Deep Shaft,6200,5253,43.5,85.1,87.7,92.2,22.9,1.1,0.0,947,15.3,1
2025-03-09,balaghat,Balaghat Deep Shaft,6200,5163,43.8,85.3,90.6,87.5,23.4,0.6,0.0,1037,16.7,1
2025-03-10,balaghat,Balaghat Deep Shaft,6200,5238,44.4,87.4,85.3,95.3,22.1,1.9,0.0,962,15.5,1
2025-03-11,balaghat,Balaghat Deep Shaft,6200,5196,44.5,86.3,91.3,91.8,23.2,0.8,0.0,1004,16.2,1
2025-03-12,balaghat,Balaghat Deep Shaft,6200,5074,45.4,86.2,88.8,92.1,22.3,1.7,0.0,1126,18.2,1
2025-03-13,balaghat,Balaghat Deep Shaft,6200,5252,44.8,86.1,96.9,90.9,23.3,0.7,0.0,948,15.3,1
2025-03-14,balaghat,Balaghat Deep Shaft,6200,5184,44.0,86.1,95.1,90.4,23.5,0.5,0.0,1016,16.4,1
2025-03-15,balaghat,Balaghat Deep Shaft,6200,5171,44.6,87.1,88.3,90.8,22.7,1.3,0.0,1029,16.6,1
2025-03-16,balaghat,Balaghat Deep Shaft,6200,5152,44.7,85.4,92.6,91.5,23.1,0.9,0.0,1048,16.9,1
2025-03-17,balaghat,Balaghat Deep Shaft,6200,5054,44.6,87.9,96.5,88.2,23.4,0.6,0.0,1146,18.5,1
2025-03-18,balaghat,Balaghat Deep Shaft,6200,5117,44.5,86.8,88.7,88.7,23.0,1.0,0.0,1083,17.5,1
2025-03-19,balaghat,Balaghat Deep Shaft,6200,5203,43.7,87.3,96.0,90.2,23.2,0.8,0.0,997,16.1,1
2025-03-20,balaghat,Balaghat Deep Shaft,6200,5036,42.8,84.8,93.4,91.6,22.5,1.5,0.0,1164,18.8,1
2025-03-21,balaghat,Balaghat Deep Shaft,6200,4972,44.1,87.4,86.9,91.2,22.3,1.7,0.0,1228,19.8,1
2025-03-22,balaghat,Balaghat Deep Shaft,6200,5275,44.0,85.6,91.7,97.4,22.9,1.1,0.0,925,14.9,1
2025-03-23,balaghat,Balaghat Deep Shaft,6200,5268,44.4,87.8,90.3,92.9,22.7,1.3,0.0,932,15.0,1
2025-03-24,balaghat,Balaghat Deep Shaft,6200,4972,43.7,86.7,95.3,89.5,22.9,1.1,0.0,1228,19.8,1
2025-03-25,balaghat,Balaghat Deep Shaft,6200,5377,44.7,88.0,88.9,95.7,22.3,1.7,0.0,823,13.3,1
2025-03-26,balaghat,Balaghat Deep Shaft,6200,5317,45.1,87.5,94.8,90.4,23.3,0.7,0.0,883,14.2,1
2025-03-27,balaghat,Balaghat Deep Shaft,6200,4995,44.5,87.4,95.9,88.0,23.3,0.7,0.0,1205,19.4,1
2025-03-28,balaghat,Balaghat Deep Shaft,6200,4855,43.9,86.2,91.9,89.4,22.2,1.8,0.0,1345,21.7,1
2025-03-29,balaghat,Balaghat Deep Shaft,6200,4783,43.7,85.2,84.7,90.9,22.0,2.0,0.0,1417,22.9,1
2025-03-30,balaghat,Balaghat Deep Shaft,6200,5345,44.3,87.2,90.0,92.8,22.7,1.3,0.0,855,13.8,1
2025-03-31,balaghat,Balaghat Deep Shaft,6200,5093,43.1,87.0,92.6,89.6,22.7,1.3,0.0,1107,17.9,1
2025-04-01,balaghat,Balaghat Deep Shaft,6200,5024,44.4,88.0,90.7,88.7,22.8,1.2,0.0,1176,19.0,1
2025-04-02,balaghat,Balaghat Deep Shaft,6200,5338,43.9,85.5,90.8,94.0,23.1,0.9,0.0,862,13.9,1
2025-04-03,balaghat,Balaghat Deep Shaft,6200,4533,43.6,84.7,85.4,87.1,22.1,1.9,0.0,1667,26.9,1
2025-04-04,balaghat,Balaghat Deep Shaft,6200,5286,44.1,87.5,87.4,91.7,22.6,1.4,0.0,914,14.7,1
2025-04-05,balaghat,Balaghat Deep Shaft,6200,3497,44.0,86.3,60.5,90.7,15.8,8.2,0.0,2703,43.6,1
2025-04-06,balaghat,Balaghat Deep Shaft,6200,5248,44.0,86.5,92.0,94.5,22.8,1.2,0.0,952,15.4,1
2025-04-07,balaghat,Balaghat Deep Shaft,6200,4930,44.2,86.4,89.4,87.5,22.2,1.8,0.0,1270,20.5,1
2025-04-08,balaghat,Balaghat Deep Shaft,6200,5071,44.9,86.6,90.7,87.8,23.3,0.7,0.0,1129,18.2,1
2025-04-09,balaghat,Balaghat Deep Shaft,6200,4928,44.4,85.9,93.8,90.3,23.0,1.0,0.0,1272,20.5,1
2025-04-10,balaghat,Balaghat Deep Shaft,6200,5476,44.4,87.8,89.3,92.7,23.0,1.0,0.0,724,11.7,1
2025-04-11,balaghat,Balaghat Deep Shaft,6200,5484,43.9,85.7,95.2,94.7,23.3,0.7,0.0,716,11.5,1
2025-04-12,balaghat,Balaghat Deep Shaft,6200,5530,45.3,88.1,93.5,92.5,23.1,0.9,0.0,670,10.8,1
2025-04-13,balaghat,Balaghat Deep Shaft,6200,4815,42.8,85.4,90.9,89.3,22.1,1.9,0.0,1385,22.3,1
2025-04-14,balaghat,Balaghat Deep Shaft,6200,4954,44.6,86.1,86.4,91.8,22.5,1.5,0.0,1246,20.1,1
2025-04-15,balaghat,Balaghat Deep Shaft,6200,4824,45.3,85.9,85.9,88.1,22.4,1.6,0.0,1376,22.2,1
2025-04-16,balaghat,Balaghat Deep Shaft,6200,5160,44.9,88.3,91.0,91.6,22.6,1.4,0.0,1040,16.8,1
2025-04-17,balaghat,Balaghat Deep Shaft,6200,5171,42.8,86.1,89.3,93.6,22.1,1.9,0.0,1029,16.6,1
2025-04-18,balaghat,Balaghat Deep Shaft,6200,5172,43.3,86.0,95.7,90.9,23.3,0.7,0.0,1028,16.6,1
2025-04-19,balaghat,Balaghat Deep Shaft,6200,5068,43.1,85.3,94.1,94.2,22.6,1.4,0.0,1132,18.3,1
2025-04-20,balaghat,Balaghat Deep Shaft,6200,5259,43.5,86.1,89.5,90.8,23.4,0.6,0.0,941,15.2,1
2025-04-21,balaghat,Balaghat Deep Shaft,6200,4814,44.6,87.7,90.9,89.5,22.2,1.8,0.0,1386,22.4,1
2025-04-22,balaghat,Balaghat Deep Shaft,6200,4921,44.3,86.5,89.3,89.7,22.3,1.7,0.0,1279,20.6,1
2025-04-23,balaghat,Balaghat Deep Shaft,6200,4957,44.3,85.2,89.8,88.6,23.2,0.8,0.0,1243,20.0,1
2025-04-24,balaghat,Balaghat Deep Shaft,6200,5207,45.3,86.5,96.7,88.7,23.5,0.5,0.0,993,16.0,1
2025-04-25,balaghat,Balaghat Deep Shaft,6200,5144,43.8,87.4,93.6,89.7,22.5,1.5,0.0,1056,17.0,1
2025-04-26,balaghat,Balaghat Deep Shaft,6200,5213,44.6,86.1,95.6,88.4,23.4,0.6,0.0,987,15.9,1
2025-04-27,balaghat,Balaghat Deep Shaft,6200,5199,43.6,85.0,94.3,95.6,23.2,0.8,0.0,1001,16.1,1
2025-04-28,balaghat,Balaghat Deep Shaft,6200,5080,43.4,85.1,88.3,92.3,22.9,1.1,0.0,1120,18.1,1
2025-04-29,balaghat,Balaghat Deep Shaft,6200,5404,43.1,86.1,91.3,94.8,23.1,0.9,0.0,796,12.8,1
2025-04-30,balaghat,Balaghat Deep Shaft,6200,5016,44.1,85.3,92.2,92.0,22.4,1.6,0.0,1184,19.1,1
2025-05-01,balaghat,Balaghat Deep Shaft,6200,5339,45.0,86.9,95.8,90.7,23.5,0.5,0.0,861,13.9,1
2025-05-02,balaghat,Balaghat Deep Shaft,6200,4965,44.1,87.4,87.5,91.9,22.0,2.0,0.0,1235,19.9,1
2025-05-03,balaghat,Balaghat Deep Shaft,6200,4755,44.5,85.7,89.4,87.4,22.7,1.3,0.0,1445,23.3,1
2025-05-04,balaghat,Balaghat Deep Shaft,6200,5371,44.8,87.8,88.8,92.1,22.6,1.4,0.0,829,13.4,1
2025-05-05,balaghat,Balaghat Deep Shaft,6200,5094,42.8,84.9,96.2,92.5,23.4,0.6,0.0,1106,17.8,1
2025-05-06,balaghat,Balaghat Deep Shaft,6200,4998,43.4,85.4,93.4,90.0,23.1,0.9,0.0,1202,19.4,1
2025-05-07,balaghat,Balaghat Deep Shaft,6200,4999,39.8,84.7,86.2,96.7,22.1,1.9,0.0,1201,19.4,1
2025-05-08,balaghat,Balaghat Deep Shaft,6200,5207,44.3,87.1,90.2,90.1,22.8,1.2,0.0,993,16.0,1
2025-05-09,balaghat,Balaghat Deep Shaft,6200,5089,44.0,86.6,89.5,91.9,22.8,1.2,0.0,1111,17.9,1
2025-05-10,balaghat,Balaghat Deep Shaft,6200,5208,44.8,87.3,91.5,93.1,23.1,0.9,0.0,992,16.0,1
2025-05-11,balaghat,Balaghat Deep Shaft,6200,5006,44.1,85.7,87.6,88.2,22.7,1.3,0.0,1194,19.3,1
2025-05-12,balaghat,Balaghat Deep Shaft,6200,5588,44.5,87.5,92.3,93.6,23.1,0.9,0.0,612,9.9,0
2025-05-13,balaghat,Balaghat Deep Shaft,6200,5611,44.3,87.2,91.9,93.5,23.4,0.6,0.0,589,9.5,0
2025-05-14,balaghat,Balaghat Deep Shaft,6200,5176,44.6,87.3,85.7,91.4,22.2,1.8,0.0,1024,16.5,1
2025-05-15,balaghat,Balaghat Deep Shaft,6200,4985,44.5,86.1,96.5,88.0,23.3,0.7,0.0,1215,19.6,1
2025-05-16,balaghat,Balaghat Deep Shaft,6200,5172,43.9,86.9,88.3,91.0,22.7,1.3,0.0,1028,16.6,1
2025-05-17,balaghat,Balaghat Deep Shaft,6200,5352,44.6,88.2,91.0,88.1,23.5,0.5,0.0,848,13.7,1
2025-05-18,balaghat,Balaghat Deep Shaft,6200,5217,45.0,85.9,90.0,90.2,22.8,1.2,0.0,983,15.9,1
2025-05-19,balaghat,Balaghat Deep Shaft,6200,4809,43.1,87.0,91.4,87.3,22.4,1.6,0.0,1391,22.4,1
2025-05-20,balaghat,Balaghat Deep Shaft,6200,5012,43.7,84.7,97.4,89.0,23.4,0.6,0.0,1188,19.2,1
2025-05-21,balaghat,Balaghat Deep Shaft,6200,4903,44.6,88.0,85.8,88.8,22.1,1.9,0.0,1297,20.9,1
2025-05-22,balaghat,Balaghat Deep Shaft,6200,3517,44.6,85.3,65.7,91.4,16.1,7.9,0.0,2683,43.3,1
2025-05-23,balaghat,Balaghat Deep Shaft,6200,5285,45.2,88.1,92.7,94.4,22.7,1.3,0.0,915,14.8,1
2025-05-24,balaghat,Balaghat Deep Shaft,6200,5310,44.9,85.8,89.7,89.9,23.4,0.6,0.0,890,14.4,1
2025-05-25,balaghat,Balaghat Deep Shaft,6200,5160,43.5,87.1,87.8,90.6,22.4,1.6,0.0,1040,16.8,1
2025-05-26,balaghat,Balaghat Deep Shaft,6200,5315,43.3,87.2,89.5,92.0,22.6,1.4,0.0,885,14.3,1
2025-05-27,balaghat,Balaghat Deep Shaft,6200,5204,44.9,87.2,93.9,92.9,22.7,1.3,0.0,996,16.1,1
2025-05-28,balaghat,Balaghat Deep Shaft,6200,5132,45.3,86.6,95.7,91.4,23.4,0.6,0.0,1068,17.2,1
2025-05-29,balaghat,Balaghat Deep Shaft,6200,4691,43.7,86.7,87.6,82.8,22.6,1.4,0.0,1509,24.3,1
2025-05-30,balaghat,Balaghat Deep Shaft,6200,5182,44.0,85.3,87.6,93.0,22.3,1.7,0.0,1018,16.4,1
2025-05-31,balaghat,Balaghat Deep Shaft,6200,5005,44.7,86.0,88.8,92.8,22.5,1.5,0.0,1195,19.3,1
2025-06-01,balaghat,Balaghat Deep Shaft,6200,5359,44.3,87.6,89.9,91.1,23.0,1.0,0.0,841,13.6,1
2025-06-02,balaghat,Balaghat Deep Shaft,6200,5150,44.2,85.1,91.3,90.9,23.1,0.9,0.0,1050,16.9,1
2025-06-03,balaghat,Balaghat Deep Shaft,6200,5143,45.5,86.5,92.1,93.1,22.3,1.7,0.0,1057,17.0,1
2025-06-04,balaghat,Balaghat Deep Shaft,6200,5112,43.3,84.6,91.3,94.5,22.1,1.9,0.0,1088,17.5,1
2025-06-05,balaghat,Balaghat Deep Shaft,6200,5498,43.6,86.6,92.8,94.2,23.4,0.6,0.0,702,11.3,1
2025-06-06,balaghat,Balaghat Deep Shaft,6200,5378,43.9,86.8,97.7,92.4,23.5,0.5,0.0,822,13.3,1
2025-06-07,balaghat,Balaghat Deep Shaft,6200,5177,45.3,87.4,88.3,90.1,23.1,0.9,0.0,1023,16.5,1
2025-06-08,balaghat,Balaghat Deep Shaft,6200,5381,44.8,86.3,96.0,93.1,23.2,0.8,0.0,819,13.2,1
2025-06-09,balaghat,Balaghat Deep Shaft,6200,4380,43.3,84.5,85.7,83.8,21.8,2.2,17.4,1820,29.4,1
2025-06-10,balaghat,Balaghat Deep Shaft,6200,4975,43.8,86.7,89.4,86.3,22.7,1.3,12.3,1225,19.8,1
2025-06-11,balaghat,Balaghat Deep Shaft,6200,4109,44.5,85.9,78.0,82.2,20.2,3.8,33.0,2091,33.7,1
2025-06-12,balaghat,Balaghat Deep Shaft,6200,4501,44.5,87.8,85.7,85.2,20.8,3.2,33.5,1699,27.4,1
2025-06-13,balaghat,Balaghat Deep Shaft,6200,5076,44.7,87.4,91.2,88.7,23.0,1.0,7.3,1124,18.1,1
2025-06-14,balaghat,Balaghat Deep Shaft,6200,4755,43.8,86.9,86.0,86.7,21.8,2.2,15.6,1445,23.3,1
2025-06-15,balaghat,Balaghat Deep Shaft,6200,4233,44.2,86.1,85.0,82.4,20.6,3.4,36.9,1967,31.7,1
2025-06-16,balaghat,Balaghat Deep Shaft,6200,4796,44.2,87.8,92.7,86.4,22.3,1.7,10.5,1404,22.6,1
2025-06-17,balaghat,Balaghat Deep Shaft,6200,4142,45.0,88.4,82.6,78.8,20.2,3.8,35.7,2058,33.2,1
2025-06-18,balaghat,Balaghat Deep Shaft,6200,3532,44.4,85.7,71.4,78.9,18.5,5.5,61.0,2668,43.0,1
2025-06-19,balaghat,Balaghat Deep Shaft,6200,4213,45.2,88.4,80.7,83.6,20.6,3.4,36.8,1987,32.0,1
2025-06-20,balaghat,Balaghat Deep Shaft,6200,3816,43.9,86.3,77.6,77.5,19.9,4.1,40.9,2384,38.5,1
2025-06-21,balaghat,Balaghat Deep Shaft,6200,3292,44.5,88.1,77.3,71.2,18.7,5.3,62.4,2908,46.9,1
2025-06-22,balaghat,Balaghat Deep Shaft,6200,2831,43.5,84.6,69.9,68.8,17.6,6.4,80.2,3369,54.3,1
2025-06-23,balaghat,Balaghat Deep Shaft,6200,4674,45.4,86.1,86.9,84.8,21.8,2.2,10.0,1526,24.6,1
2025-06-24,balaghat,Balaghat Deep Shaft,6200,4547,45.1,86.3,88.3,87.7,21.6,2.4,8.4,1653,26.7,1
2025-06-25,balaghat,Balaghat Deep Shaft,6200,2483,44.0,85.3,66.4,62.4,16.4,7.6,106.8,3717,60.0,1
2025-06-26,balaghat,Balaghat Deep Shaft,6200,4960,43.4,85.2,92.7,91.0,23.0,1.0,3.8,1240,20.0,1
2025-06-27,balaghat,Balaghat Deep Shaft,6200,2499,44.0,86.3,70.7,59.3,17.3,6.7,101.2,3701,59.7,1
2025-06-28,balaghat,Balaghat Deep Shaft,6200,4305,44.0,87.8,78.5,83.6,20.2,3.8,39.1,1895,30.6,1
2025-06-29,balaghat,Balaghat Deep Shaft,6200,4008,44.1,85.3,78.7,84.0,20.0,4.0,37.5,2192,35.4,1
2025-06-30,balaghat,Balaghat Deep Shaft,6200,4005,44.6,87.3,77.1,79.1,20.3,3.7,39.5,2195,35.4,1
2025-07-01,balaghat,Balaghat Deep Shaft,6200,3696,44.5,86.6,76.4,77.9,19.2,4.8,49.7,2504,40.4,1
2025-07-02,balaghat,Balaghat Deep Shaft,6200,4340,44.6,85.3,83.9,85.3,21.5,2.5,25.7,1860,30.0,1
2025-07-03,balaghat,Balaghat Deep Shaft,6200,4847,44.1,85.4,85.7,88.0,21.9,2.1,22.0,1353,21.8,1
2025-07-04,balaghat,Balaghat Deep Shaft,6200,3846,44.9,87.8,73.8,80.7,18.8,5.2,56.4,2354,38.0,1
2025-07-05,balaghat,Balaghat Deep Shaft,6200,2070,44.4,88.0,52.8,54.6,14.6,9.4,131.7,4130,66.6,1
2025-07-06,balaghat,Balaghat Deep Shaft,6200,2206,44.1,87.0,58.3,57.0,15.4,8.6,121.1,3994,64.4,1
2025-07-07,balaghat,Balaghat Deep Shaft,6200,2333,44.6,87.9,58.5,59.4,15.6,8.4,121.1,3867,62.4,1
2025-07-08,balaghat,Balaghat Deep Shaft,6200,3003,43.8,87.1,59.7,81.9,15.2,8.8,19.6,3197,51.6,1
2025-07-09,balaghat,Balaghat Deep Shaft,6200,4601,40.9,83.4,87.4,88.9,21.7,2.3,19.0,1599,25.8,1
2025-07-10,balaghat,Balaghat Deep Shaft,6200,3990,44.8,86.5,81.0,78.5,20.2,3.8,46.1,2210,35.6,1
2025-07-11,balaghat,Balaghat Deep Shaft,6200,1078,44.4,85.3,32.9,55.9,8.0,16.0,293.5,5122,82.6,1
2025-07-12,balaghat,Balaghat Deep Shaft,6200,3343,44.3,87.1,76.7,70.2,19.0,5.0,67.7,2857,46.1,1
2025-07-13,balaghat,Balaghat Deep Shaft,6200,1665,43.2,85.4,51.5,55.0,12.7,11.3,177.0,4535,73.1,1
2025-07-14,balaghat,Balaghat Deep Shaft,6200,1232,44.2,85.6,34.6,57.1,8.8,15.2,230.7,4968,80.1,1
2025-07-15,balaghat,Balaghat Deep Shaft,6200,2395,44.3,85.4,60.5,62.2,16.1,7.9,108.9,3805,61.4,1
2025-07-16,balaghat,Balaghat Deep Shaft,6200,2209,43.5,85.2,58.6,58.4,15.8,8.2,106.6,3991,64.4,1
2025-07-17,balaghat,Balaghat Deep Shaft,6200,4348,43.7,86.3,81.7,84.3,20.8,3.2,41.9,1852,29.9,1
2025-07-18,balaghat,Balaghat Deep Shaft,6200,2384,44.2,86.2,68.0,58.5,16.5,7.5,111.3,3816,61.5,1
2025-07-19,balaghat,Balaghat Deep Shaft,6200,3555,43.2,87.0,69.6,75.9,18.6,5.4,68.7,2645,42.7,1
2025-07-20,balaghat,Balaghat Deep Shaft,6200,4189,44.5,87.4,80.8,81.2,21.3,2.7,19.8,2011,32.4,1
2025-07-21,balaghat,Balaghat Deep Shaft,6200,1217,43.8,86.2,39.0,53.7,9.5,14.5,224.5,4983,80.4,1
2025-07-22,balaghat,Balaghat Deep Shaft,6200,3875,43.0,86.3,75.6,80.1,19.4,4.6,47.1,2325,37.5,1
2025-07-23,balaghat,Balaghat Deep Shaft,6200,2607,45.4,88.5,63.4,63.8,16.1,7.9,105.2,3593,58.0,1
2025-07-24,balaghat,Balaghat Deep Shaft,6200,4480,43.8,85.8,85.6,83.7,21.4,2.6,33.4,1720,27.7,1
2025-07-25,balaghat,Balaghat Deep Shaft,6200,1633,43.4,84.7,42.9,55.2,12.2,11.8,184.8,4567,73.7,1
2025-07-26,balaghat,Balaghat Deep Shaft,6200,3186,44.3,85.7,69.8,70.5,18.2,5.8,85.9,3014,48.6,1
2025-07-27,balaghat,Balaghat Deep Shaft,6200,3105,43.7,84.9,76.8,68.6,18.6,5.4,72.1,3095,49.9,1
2025-07-28,balaghat,Balaghat Deep Shaft,6200,3863,44.2,85.0,80.5,76.5,20.3,3.7,39.1,2337,37.7,1
2025-07-29,balaghat,Balaghat Deep Shaft,6200,1860,44.9,86.0,48.9,55.4,13.4,10.6,146.3,4340,70.0,1
2025-07-30,balaghat,Balaghat Deep Shaft,6200,3817,44.2,86.1,77.8,75.9,20.0,4.0,53.6,2383,38.4,1
2025-07-31,balaghat,Balaghat Deep Shaft,6200,3215,44.0,86.4,71.5,75.0,17.5,6.5,80.8,2985,48.1,1
2025-08-01,balaghat,Balaghat Deep Shaft,6200,3475,44.2,85.1,81.8,72.2,19.9,4.1,60.0,2725,44.0,1
2025-08-02,balaghat,Balaghat Deep Shaft,6200,2086,44.4,87.5,62.4,51.1,16.2,7.8,118.4,4114,66.4,1
2025-08-03,balaghat,Balaghat Deep Shaft,6200,4015,44.3,85.1,80.9,82.9,20.3,3.7,34.3,2185,35.2,1
2025-08-04,balaghat,Balaghat Deep Shaft,6200,3624,43.8,87.6,76.5,73.5,19.7,4.3,60.9,2576,41.5,1
2025-08-05,balaghat,Balaghat Deep Shaft,6200,4704,43.4,86.4,86.6,88.8,21.6,2.4,17.9,1496,24.1,1
2025-08-06,balaghat,Balaghat Deep Shaft,6200,3520,44.7,86.9,77.9,75.3,19.5,4.5,65.8,2680,43.2,1
2025-08-07,balaghat,Balaghat Deep Shaft,6200,1944,44.2,87.7,57.4,54.5,14.2,9.8,142.1,4256,68.6,1
2025-08-08,balaghat,Balaghat Deep Shaft,6200,2188,44.2,86.6,60.8,55.8,16.0,8.0,116.9,4012,64.7,1
2025-08-09,balaghat,Balaghat Deep Shaft,6200,3694,43.8,85.7,75.7,75.8,20.0,4.0,35.6,2506,40.4,1
2025-08-10,balaghat,Balaghat Deep Shaft,6200,1864,44.8,85.7,50.6,56.3,13.4,10.6,153.1,4336,69.9,1
2025-08-11,balaghat,Balaghat Deep Shaft,6200,4057,45.4,88.6,80.4,79.8,20.7,3.3,43.4,2143,34.6,1
2025-08-12,balaghat,Balaghat Deep Shaft,6200,3027,45.0,86.2,73.0,66.8,18.2,5.8,81.1,3173,51.2,1
2025-08-13,balaghat,Balaghat Deep Shaft,6200,3654,44.8,86.5,75.1,76.5,19.5,4.5,49.8,2546,41.1,1
2025-08-14,balaghat,Balaghat Deep Shaft,6200,3908,43.6,86.0,78.6,81.8,20.1,3.9,37.1,2292,37.0,1
2025-08-15,balaghat,Balaghat Deep Shaft,6200,1671,44.0,85.1,42.7,61.0,11.5,12.5,180.2,4529,73.0,1
2025-08-16,balaghat,Balaghat Deep Shaft,6200,3863,43.0,86.6,78.3,77.9,20.6,3.4,33.0,2337,37.7,1
2025-08-17,balaghat,Balaghat Deep Shaft,6200,3107,44.1,85.7,70.1,69.2,18.4,5.6,78.2,3093,49.9,1
2025-08-18,balaghat,Balaghat Deep Shaft,6200,3223,44.6,86.6,72.3,71.2,17.7,6.3,80.6,2977,48.0,1
2025-08-19,balaghat,Balaghat Deep Shaft,6200,3449,44.9,86.2,76.2,74.7,18.7,5.3,59.4,2751,44.4,1
2025-08-20,balaghat,Balaghat Deep Shaft,6200,3194,44.2,85.4,72.8,69.0,18.8,5.2,63.4,3006,48.5,1
2025-08-21,balaghat,Balaghat Deep Shaft,6200,4206,44.1,85.5,86.8,82.6,21.3,2.7,36.2,1994,32.2,1
2025-08-22,balaghat,Balaghat Deep Shaft,6200,4532,45.1,86.2,86.7,85.3,21.5,2.5,28.5,1668,26.9,1
2025-08-23,balaghat,Balaghat Deep Shaft,6200,4643,45.2,85.9,85.5,84.7,22.2,1.8,14.5,1557,25.1,1
2025-08-24,balaghat,Balaghat Deep Shaft,6200,3107,43.7,86.6,55.9,84.3,14.6,9.4,40.6,3093,49.9,1
2025-08-25,balaghat,Balaghat Deep Shaft,6200,3379,45.1,86.9,77.8,71.9,18.8,5.2,62.5,2821,45.5,1
2025-08-26,balaghat,Balaghat Deep Shaft,6200,1499,44.7,88.1,42.7,54.9,11.2,12.8,183.8,4701,75.8,1
2025-08-27,balaghat,Balaghat Deep Shaft,6200,2310,43.5,86.6,61.7,59.4,15.8,8.2,109.0,3890,62.7,1
2025-08-28,balaghat,Balaghat Deep Shaft,6200,3908,43.4,84.7,74.5,80.8,19.8,4.2,42.6,2292,37.0,1
2025-08-29,balaghat,Balaghat Deep Shaft,6200,1865,44.0,86.2,55.1,53.8,14.0,10.0,154.7,4335,69.9,1
2025-08-30,balaghat,Balaghat Deep Shaft,6200,2559,43.5,85.1,73.1,60.8,17.6,6.4,96.9,3641,58.7,1
2025-08-31,balaghat,Balaghat Deep Shaft,6200,3735,44.1,85.5,78.5,79.9,19.2,4.8,50.8,2465,39.8,1
2025-09-01,balaghat,Balaghat Deep Shaft,6200,4494,45.2,86.3,85.6,86.9,21.5,2.5,15.9,1706,27.5,1
2025-09-02,balaghat,Balaghat Deep Shaft,6200,4260,43.9,87.6,79.0,84.5,20.8,3.2,28.6,1940,31.3,1
2025-09-03,balaghat,Balaghat Deep Shaft,6200,4516,44.7,87.0,85.9,84.5,21.1,2.9,17.0,1684,27.2,1
2025-09-04,balaghat,Balaghat Deep Shaft,6200,4720,44.2,87.6,85.2,84.8,22.2,1.8,19.4,1480,23.9,1
2025-09-05,balaghat,Balaghat Deep Shaft,6200,4741,44.2,85.2,90.9,87.1,23.1,0.9,6.4,1459,23.5,1
2025-09-06,balaghat,Balaghat Deep Shaft,6200,3614,43.6,85.7,77.1,79.4,19.0,5.0,51.1,2586,41.7,1
2025-09-07,balaghat,Balaghat Deep Shaft,6200,5096,43.8,85.2,88.9,94.8,22.0,2.0,9.9,1104,17.8,1
2025-09-08,balaghat,Balaghat Deep Shaft,6200,4633,44.3,87.8,85.2,86.2,21.5,2.5,16.2,1567,25.3,1
2025-09-09,balaghat,Balaghat Deep Shaft,6200,4671,42.8,85.2,84.6,88.6,21.6,2.4,9.8,1529,24.7,1
2025-09-10,balaghat,Balaghat Deep Shaft,6200,4703,40.0,83.1,91.7,91.6,22.1,1.9,12.2,1497,24.1,1
2025-09-11,balaghat,Balaghat Deep Shaft,6200,4605,44.4,85.5,85.0,85.9,21.4,2.6,15.6,1595,25.7,1
2025-09-12,balaghat,Balaghat Deep Shaft,6200,4522,44.2,87.8,87.3,86.1,21.0,3.0,22.0,1678,27.1,1
2025-09-13,balaghat,Balaghat Deep Shaft,6200,4711,43.9,85.5,85.2,86.1,21.7,2.3,27.1,1489,24.0,1
2025-09-14,balaghat,Balaghat Deep Shaft,6200,3489,44.3,86.2,75.4,72.3,19.2,4.8,52.2,2711,43.7,1
2025-09-15,balaghat,Balaghat Deep Shaft,6200,4184,43.8,85.2,81.5,80.0,20.9,3.1,39.2,2016,32.5,1
2025-09-16,balaghat,Balaghat Deep Shaft,6200,3775,43.9,87.4,76.0,77.9,19.5,4.5,43.8,2425,39.1,1
2025-09-17,balaghat,Balaghat Deep Shaft,6200,4716,44.2,85.0,86.0,88.9,21.6,2.4,11.2,1484,23.9,1
2025-09-18,balaghat,Balaghat Deep Shaft,6200,5414,43.5,87.5,90.0,92.6,23.3,0.7,0.0,786,12.7,1
2025-09-19,balaghat,Balaghat Deep Shaft,6200,5216,44.3,87.5,86.2,90.9,22.4,1.6,0.0,984,15.9,1
2025-09-20,balaghat,Balaghat Deep Shaft,6200,5001,44.0,85.4,88.9,90.6,22.7,1.3,0.0,1199,19.3,1
2025-09-21,balaghat,Balaghat Deep Shaft,6200,4932,43.6,85.5,88.4,86.6,22.8,1.2,0.0,1268,20.5,1
2025-09-22,balaghat,Balaghat Deep Shaft,6200,5142,43.8,85.5,95.1,90.2,23.1,0.9,0.0,1058,17.1,1
2025-09-23,balaghat,Balaghat Deep Shaft,6200,4763,44.4,86.2,89.1,86.4,23.0,1.0,0.0,1437,23.2,1
2025-09-24,balaghat,Balaghat Deep Shaft,6200,5047,44.0,85.4,90.3,91.4,23.0,1.0,0.0,1153,18.6,1
2025-09-25,balaghat,Balaghat Deep Shaft,6200,5145,43.6,87.5,89.6,92.8,22.5,1.5,0.0,1055,17.0,1
2025-09-26,balaghat,Balaghat Deep Shaft,6200,4803,44.6,86.2,85.1,89.8,22.1,1.9,0.0,1397,22.5,1
2025-09-27,balaghat,Balaghat Deep Shaft,6200,5319,44.1,86.6,89.3,93.2,22.5,1.5,0.0,881,14.2,1
2025-09-28,balaghat,Balaghat Deep Shaft,6200,5202,44.1,87.8,87.6,89.1,22.9,1.1,0.0,998,16.1,1
2025-09-29,balaghat,Balaghat Deep Shaft,6200,5157,44.5,85.9,89.4,89.1,23.1,0.9,0.0,1043,16.8,1
2025-09-30,balaghat,Balaghat Deep Shaft,6200,5151,44.7,87.5,86.3,90.9,22.1,1.9,0.0,1049,16.9,1
2025-10-01,balaghat,Balaghat Deep Shaft,6200,5061,44.1,87.9,89.0,90.2,22.4,1.6,0.0,1139,18.4,1
2025-10-02,balaghat,Balaghat Deep Shaft,6200,5304,44.8,88.2,91.8,90.6,22.6,1.4,0.0,896,14.5,1
2025-10-03,balaghat,Balaghat Deep Shaft,6200,4751,44.1,85.6,89.0,89.3,22.5,1.5,0.0,1449,23.4,1
2025-10-04,balaghat,Balaghat Deep Shaft,6200,4916,43.8,85.3,84.8,91.1,22.0,2.0,0.0,1284,20.7,1
2025-10-05,balaghat,Balaghat Deep Shaft,6200,5272,44.8,85.7,90.2,91.6,23.4,0.6,0.0,928,15.0,1
2025-10-06,balaghat,Balaghat Deep Shaft,6200,5407,45.1,86.7,92.9,92.8,22.9,1.1,0.0,793,12.8,1
2025-10-07,balaghat,Balaghat Deep Shaft,6200,5144,45.2,87.9,89.1,90.6,22.6,1.4,0.0,1056,17.0,1
2025-10-08,balaghat,Balaghat Deep Shaft,6200,5368,44.5,86.4,91.5,93.4,22.9,1.1,0.0,832,13.4,1
2025-10-09,balaghat,Balaghat Deep Shaft,6200,4933,43.8,86.3,93.2,91.9,22.5,1.5,0.0,1267,20.4,1
2025-10-10,balaghat,Balaghat Deep Shaft,6200,3683,44.1,87.4,61.4,88.2,16.6,7.4,0.0,2517,40.6,1
2025-10-11,balaghat,Balaghat Deep Shaft,6200,4913,44.0,85.5,92.5,86.3,23.2,0.8,0.0,1287,20.8,1
2025-10-12,balaghat,Balaghat Deep Shaft,6200,4934,43.7,85.8,88.8,89.6,23.1,0.9,0.0,1266,20.4,1
2025-10-13,balaghat,Balaghat Deep Shaft,6200,4924,45.3,85.7,87.6,91.0,22.7,1.3,0.0,1276,20.6,1
2025-10-14,balaghat,Balaghat Deep Shaft,6200,5186,44.7,86.2,92.0,91.3,22.9,1.1,0.0,1014,16.4,1
2025-10-15,balaghat,Balaghat Deep Shaft,6200,4886,43.9,87.0,85.3,91.0,22.3,1.7,0.0,1314,21.2,1
2025-10-16,balaghat,Balaghat Deep Shaft,6200,4977,43.7,86.6,92.8,91.9,22.5,1.5,0.0,1223,19.7,1
2025-10-17,balaghat,Balaghat Deep Shaft,6200,4737,44.1,85.1,92.8,86.0,22.4,1.6,0.0,1463,23.6,1
2025-10-18,balaghat,Balaghat Deep Shaft,6200,5122,44.3,85.4,91.1,89.9,23.0,1.0,0.0,1078,17.4,1
2025-10-19,balaghat,Balaghat Deep Shaft,6200,5130,43.5,87.5,91.6,93.4,22.1,1.9,0.0,1070,17.3,1
2025-10-20,balaghat,Balaghat Deep Shaft,6200,5141,43.0,85.1,90.4,91.8,22.8,1.2,0.0,1059,17.1,1
2025-10-21,balaghat,Balaghat Deep Shaft,6200,5303,43.5,86.7,90.3,93.3,22.5,1.5,0.0,897,14.5,1
2025-10-22,balaghat,Balaghat Deep Shaft,6200,5067,43.1,85.6,86.3,93.8,22.3,1.7,0.0,1133,18.3,1
2025-10-23,balaghat,Balaghat Deep Shaft,6200,4833,43.5,86.3,87.8,89.8,22.4,1.6,0.0,1367,22.0,1
2025-10-24,balaghat,Balaghat Deep Shaft,6200,5061,44.2,86.1,94.6,90.5,23.0,1.0,0.0,1139,18.4,1
2025-10-25,balaghat,Balaghat Deep Shaft,6200,5098,44.8,87.3,92.9,91.1,22.9,1.1,0.0,1102,17.8,1
2025-10-26,balaghat,Balaghat Deep Shaft,6200,5468,44.2,87.9,89.5,95.5,22.8,1.2,0.0,732,11.8,1
2025-10-27,balaghat,Balaghat Deep Shaft,6200,4900,44.1,87.5,95.1,88.6,22.9,1.1,0.0,1300,21.0,1
2025-10-28,balaghat,Balaghat Deep Shaft,6200,5068,44.1,85.3,92.7,90.6,22.8,1.2,0.0,1132,18.3,1
2025-10-29,balaghat,Balaghat Deep Shaft,6200,4966,44.1,86.8,89.4,92.1,22.0,2.0,0.0,1234,19.9,1
2025-10-30,balaghat,Balaghat Deep Shaft,6200,5277,45.1,86.0,92.7,92.6,23.3,0.7,0.0,923,14.9,1
2025-10-31,balaghat,Balaghat Deep Shaft,6200,5466,44.1,87.1,94.7,92.1,23.1,0.9,0.0,734,11.8,1
2025-11-01,balaghat,Balaghat Deep Shaft,6200,5103,44.1,86.1,91.2,90.3,23.0,1.0,0.0,1097,17.7,1
2025-11-02,balaghat,Balaghat Deep Shaft,6200,4725,44.9,86.6,84.6,88.7,22.0,2.0,0.0,1475,23.8,1
2025-11-03,balaghat,Balaghat Deep Shaft,6200,5607,43.3,84.6,93.7,96.4,23.4,0.6,0.0,593,9.6,0
2025-11-04,balaghat,Balaghat Deep Shaft,6200,5344,44.4,87.7,87.6,92.1,22.7,1.3,0.0,856,13.8,1
2025-11-05,balaghat,Balaghat Deep Shaft,6200,4871,44.1,85.0,84.9,90.5,22.2,1.8,0.0,1329,21.4,1
2025-11-06,balaghat,Balaghat Deep Shaft,6200,4844,43.7,85.4,91.2,88.6,22.6,1.4,0.0,1356,21.9,1
2025-11-07,balaghat,Balaghat Deep Shaft,6200,5066,44.9,86.1,90.4,89.9,22.8,1.2,0.0,1134,18.3,1
2025-11-08,balaghat,Balaghat Deep Shaft,6200,5274,44.1,85.4,95.8,90.7,23.2,0.8,0.0,926,14.9,1
2025-11-09,balaghat,Balaghat Deep Shaft,6200,4973,45.6,86.1,88.9,94.3,22.2,1.8,0.0,1227,19.8,1
2025-11-10,balaghat,Balaghat Deep Shaft,6200,5080,43.7,86.8,88.0,92.0,22.5,1.5,0.0,1120,18.1,1
2025-11-11,balaghat,Balaghat Deep Shaft,6200,5447,43.9,87.8,94.6,92.5,23.1,0.9,0.0,753,12.1,1
2025-11-12,balaghat,Balaghat Deep Shaft,6200,5111,40.5,83.8,92.2,93.6,22.4,1.6,0.0,1089,17.6,1
2025-11-13,balaghat,Balaghat Deep Shaft,6200,5180,43.7,86.5,93.5,93.4,22.6,1.4,0.0,1020,16.5,1
2025-11-14,balaghat,Balaghat Deep Shaft,6200,5229,43.1,87.1,94.9,91.4,23.0,1.0,0.0,971,15.7,1
2025-11-15,balaghat,Balaghat Deep Shaft,6200,5029,44.1,87.1,92.9,92.0,22.4,1.6,0.0,1171,18.9,1
2025-11-16,balaghat,Balaghat Deep Shaft,6200,4979,44.7,87.3,85.5,89.7,22.3,1.7,0.0,1221,19.7,1
2025-11-17,balaghat,Balaghat Deep Shaft,6200,4867,43.2,85.5,85.9,91.0,22.5,1.5,0.0,1333,21.5,1
2025-11-18,balaghat,Balaghat Deep Shaft,6200,5485,45.3,88.4,91.0,94.5,22.7,1.3,0.0,715,11.5,1
2025-11-19,balaghat,Balaghat Deep Shaft,6200,5103,44.3,86.5,86.8,94.6,22.4,1.6,0.0,1097,17.7,1
2025-11-20,balaghat,Balaghat Deep Shaft,6200,5209,43.8,85.9,92.3,94.9,23.1,0.9,0.0,991,16.0,1
2025-11-21,balaghat,Balaghat Deep Shaft,6200,5241,43.8,86.9,95.8,90.5,23.0,1.0,0.0,959,15.5,1
2025-11-22,balaghat,Balaghat Deep Shaft,6200,4928,44.7,87.4,92.5,91.5,22.2,1.8,0.0,1272,20.5,1
2025-11-23,balaghat,Balaghat Deep Shaft,6200,5025,44.8,85.7,89.5,89.3,23.1,0.9,0.0,1175,19.0,1
2025-11-24,balaghat,Balaghat Deep Shaft,6200,5045,44.4,86.6,87.7,89.8,22.9,1.1,0.0,1155,18.6,1
2025-11-25,balaghat,Balaghat Deep Shaft,6200,5125,44.5,86.2,93.3,90.0,22.4,1.6,0.0,1075,17.3,1
2025-11-26,balaghat,Balaghat Deep Shaft,6200,3439,43.8,85.4,59.4,89.5,15.6,8.4,0.0,2761,44.5,1
2025-11-27,balaghat,Balaghat Deep Shaft,6200,4995,42.5,85.6,88.2,90.7,23.0,1.0,0.0,1205,19.4,1
2025-11-28,balaghat,Balaghat Deep Shaft,6200,5236,43.9,85.4,95.0,91.5,22.9,1.1,0.0,964,15.5,1
2025-11-29,balaghat,Balaghat Deep Shaft,6200,5283,44.0,85.8,90.0,95.1,22.5,1.5,0.0,917,14.8,1
2025-11-30,balaghat,Balaghat Deep Shaft,6200,5236,43.7,85.8,91.9,92.4,23.3,0.7,0.0,964,15.5,1
2025-12-01,balaghat,Balaghat Deep Shaft,6200,5317,43.7,87.5,89.5,94.3,23.2,0.8,0.0,883,14.2,1
2025-12-02,balaghat,Balaghat Deep Shaft,6200,4988,44.1,86.5,89.6,88.0,23.1,0.9,0.0,1212,19.5,1
2025-12-03,balaghat,Balaghat Deep Shaft,6200,5036,44.5,86.6,94.1,89.0,22.6,1.4,0.0,1164,18.8,1
2025-12-04,balaghat,Balaghat Deep Shaft,6200,4937,44.5,87.8,86.7,91.4,22.3,1.7,0.0,1263,20.4,1
2025-12-05,balaghat,Balaghat Deep Shaft,6200,5004,44.8,86.8,92.0,91.5,22.3,1.7,0.0,1196,19.3,1
2025-12-06,balaghat,Balaghat Deep Shaft,6200,4969,44.3,85.5,95.5,89.6,23.5,0.5,0.0,1231,19.9,1
2025-12-07,balaghat,Balaghat Deep Shaft,6200,4880,42.8,86.3,86.7,91.6,22.3,1.7,0.0,1320,21.3,1
2025-12-08,balaghat,Balaghat Deep Shaft,6200,5333,44.1,87.8,92.4,89.2,23.1,0.9,0.0,867,14.0,1
2025-12-09,balaghat,Balaghat Deep Shaft,6200,5312,44.5,88.0,85.0,95.7,22.3,1.7,0.0,888,14.3,1
2025-12-10,balaghat,Balaghat Deep Shaft,6200,5131,45.0,86.7,95.5,91.6,23.2,0.8,0.0,1069,17.2,1
2025-12-11,balaghat,Balaghat Deep Shaft,6200,5315,43.5,86.5,90.6,92.9,22.5,1.5,0.0,885,14.3,1
2025-12-12,balaghat,Balaghat Deep Shaft,6200,5142,44.0,87.4,87.9,93.6,22.8,1.2,0.0,1058,17.1,1
2025-12-13,balaghat,Balaghat Deep Shaft,6200,5224,44.2,87.3,93.9,91.9,22.8,1.2,0.0,976,15.7,1
2025-12-14,balaghat,Balaghat Deep Shaft,6200,5338,44.1,86.3,95.3,93.0,23.4,0.6,0.0,862,13.9,1
2025-12-15,balaghat,Balaghat Deep Shaft,6200,5704,44.5,87.5,93.5,94.9,23.3,0.7,0.0,496,8.0,0
2025-12-16,balaghat,Balaghat Deep Shaft,6200,5054,43.2,86.1,84.1,92.4,22.1,1.9,0.0,1146,18.5,1
2025-12-17,balaghat,Balaghat Deep Shaft,6200,5275,44.5,85.5,86.3,92.7,22.6,1.4,0.0,925,14.9,1
2025-12-18,balaghat,Balaghat Deep Shaft,6200,5112,43.8,86.3,86.8,90.0,22.7,1.3,0.0,1088,17.5,1
2025-12-19,balaghat,Balaghat Deep Shaft,6200,5104,44.3,85.7,88.4,92.7,22.5,1.5,0.0,1096,17.7,1
2025-12-20,balaghat,Balaghat Deep Shaft,6200,5269,43.4,86.6,95.1,88.5,23.5,0.5,0.0,931,15.0,1
2025-12-21,balaghat,Balaghat Deep Shaft,6200,5201,44.2,86.0,94.1,93.0,23.4,0.6,0.0,999,16.1,1
2025-12-22,balaghat,Balaghat Deep Shaft,6200,5205,43.8,86.6,88.1,90.3,22.9,1.1,0.0,995,16.0,1
2025-12-23,balaghat,Balaghat Deep Shaft,6200,5271,44.9,87.7,87.5,94.8,22.1,1.9,0.0,929,15.0,1
2025-12-24,balaghat,Balaghat Deep Shaft,6200,4885,44.2,87.3,91.8,90.0,22.5,1.5,0.0,1315,21.2,1
2025-12-25,balaghat,Balaghat Deep Shaft,6200,5065,43.3,85.7,89.7,89.1,23.2,0.8,0.0,1135,18.3,1
2025-12-26,balaghat,Balaghat Deep Shaft,6200,5440,44.1,85.6,93.4,96.5,23.1,0.9,0.0,760,12.3,1
2025-12-27,balaghat,Balaghat Deep Shaft,6200,5192,43.9,85.3,91.9,93.8,23.2,0.8,0.0,1008,16.3,1
2025-12-28,balaghat,Balaghat Deep Shaft,6200,5145,42.6,84.6,90.0,88.9,23.4,0.6,0.0,1055,17.0,1
2025-12-29,balaghat,Balaghat Deep Shaft,6200,5038,43.6,85.0,87.6,92.0,22.5,1.5,0.0,1162,18.7,1
2025-12-30,balaghat,Balaghat Deep Shaft,6200,5304,44.4,88.1,95.1,92.6,22.9,1.1,0.0,896,14.5,1
2025-12-31,balaghat,Balaghat Deep Shaft,6200,5138,43.8,86.8,89.7,90.3,23.4,0.6,0.0,1062,17.1,1
2026-01-01,balaghat,Balaghat Deep Shaft,6200,5011,44.6,86.0,85.6,88.9,22.4,1.6,0.0,1189,19.2,1
2026-01-02,balaghat,Balaghat Deep Shaft,6200,5063,44.7,87.8,93.2,88.6,23.0,1.0,0.0,1137,18.3,1
2026-01-03,balaghat,Balaghat Deep Shaft,6200,5146,43.8,86.0,85.0,92.9,22.3,1.7,0.0,1054,17.0,1
2026-01-04,balaghat,Balaghat Deep Shaft,6200,5496,44.5,86.4,88.9,95.1,22.7,1.3,0.0,704,11.4,1
2026-01-05,balaghat,Balaghat Deep Shaft,6200,4974,44.8,86.1,91.4,90.1,23.1,0.9,0.0,1226,19.8,1
2026-01-06,balaghat,Balaghat Deep Shaft,6200,5168,44.8,87.0,91.6,89.0,22.7,1.3,0.0,1032,16.6,1
2026-01-07,balaghat,Balaghat Deep Shaft,6200,5216,44.7,87.7,86.4,94.0,22.4,1.6,0.0,984,15.9,1
2026-01-08,balaghat,Balaghat Deep Shaft,6200,5057,44.8,86.7,84.8,90.0,22.0,2.0,0.0,1143,18.4,1
2026-01-09,balaghat,Balaghat Deep Shaft,6200,5164,44.6,87.1,94.1,93.8,22.9,1.1,0.0,1036,16.7,1
2026-01-10,balaghat,Balaghat Deep Shaft,6200,5563,44.2,87.3,92.3,93.6,23.5,0.5,0.0,637,10.3,1
2026-01-11,balaghat,Balaghat Deep Shaft,6200,5282,44.2,85.8,86.8,92.6,22.7,1.3,0.0,918,14.8,1
2026-01-12,balaghat,Balaghat Deep Shaft,6200,3361,43.6,85.0,61.4,89.8,15.8,8.2,0.0,2839,45.8,1
2026-01-13,balaghat,Balaghat Deep Shaft,6200,5293,44.8,87.6,89.3,90.8,23.1,0.9,0.0,907,14.6,1
2026-01-14,balaghat,Balaghat Deep Shaft,6200,4942,40.0,84.6,85.7,93.0,22.3,1.7,0.0,1258,20.3,1
2026-01-15,balaghat,Balaghat Deep Shaft,6200,5184,43.8,87.6,91.5,89.9,22.6,1.4,0.0,1016,16.4,1
2026-01-16,balaghat,Balaghat Deep Shaft,6200,5572,43.9,86.7,89.9,95.3,22.9,1.1,0.0,628,10.1,1
2026-01-17,balaghat,Balaghat Deep Shaft,6200,4870,44.0,85.6,88.7,91.1,22.5,1.5,0.0,1330,21.5,1
2026-01-18,balaghat,Balaghat Deep Shaft,6200,4788,43.4,84.6,92.8,88.2,23.1,0.9,0.0,1412,22.8,1
2026-01-19,balaghat,Balaghat Deep Shaft,6200,4967,43.1,86.1,87.7,91.7,22.4,1.6,0.0,1233,19.9,1
2026-01-20,balaghat,Balaghat Deep Shaft,6200,5002,44.8,85.5,92.9,89.2,22.8,1.2,0.0,1198,19.3,1
2026-01-21,balaghat,Balaghat Deep Shaft,6200,5119,43.9,86.0,89.9,88.3,23.4,0.6,0.0,1081,17.4,1
2026-01-22,balaghat,Balaghat Deep Shaft,6200,5119,44.9,86.6,96.1,90.8,23.1,0.9,0.0,1081,17.4,1
2026-01-23,balaghat,Balaghat Deep Shaft,6200,5347,44.5,87.6,87.2,94.0,22.6,1.4,0.0,853,13.8,1
2026-01-24,balaghat,Balaghat Deep Shaft,6200,5159,44.2,87.2,90.5,92.4,22.5,1.5,0.0,1041,16.8,1
2026-01-25,balaghat,Balaghat Deep Shaft,6200,4923,44.5,85.2,88.7,90.9,22.9,1.1,0.0,1277,20.6,1
2026-01-26,balaghat,Balaghat Deep Shaft,6200,4945,44.4,86.8,94.3,89.0,22.8,1.2,0.0,1255,20.2,1
2026-01-27,balaghat,Balaghat Deep Shaft,6200,5010,45.2,86.7,93.3,92.0,22.4,1.6,0.0,1190,19.2,1
2026-01-28,balaghat,Balaghat Deep Shaft,6200,5494,44.4,88.1,95.9,95.0,23.4,0.6,0.0,706,11.4,1
2026-01-29,balaghat,Balaghat Deep Shaft,6200,5298,44.2,85.8,94.3,92.9,23.1,0.9,0.0,902,14.5,1
2026-01-30,balaghat,Balaghat Deep Shaft,6200,5293,44.4,85.7,89.9,89.7,23.4,0.6,0.0,907,14.6,1
2026-01-31,balaghat,Balaghat Deep Shaft,6200,5158,44.7,86.7,91.7,92.6,23.2,0.8,0.0,1042,16.8,1
2026-02-01,balaghat,Balaghat Deep Shaft,6200,5245,43.2,86.3,87.4,93.7,22.1,1.9,0.0,955,15.4,1
2026-02-02,balaghat,Balaghat Deep Shaft,6200,4989,43.4,85.4,89.3,92.2,22.3,1.7,0.0,1211,19.5,1
2026-02-03,balaghat,Balaghat Deep Shaft,6200,5184,43.9,87.8,86.3,93.2,22.5,1.5,0.0,1016,16.4,1
2026-02-04,balaghat,Balaghat Deep Shaft,6200,4915,43.9,85.9,93.6,87.1,23.4,0.6,0.0,1285,20.7,1
2026-02-05,balaghat,Balaghat Deep Shaft,6200,5530,44.5,85.5,96.5,95.1,23.3,0.7,0.0,670,10.8,1
2026-02-06,balaghat,Balaghat Deep Shaft,6200,5100,43.5,86.0,94.8,88.9,23.3,0.7,0.0,1100,17.7,1
2026-02-07,balaghat,Balaghat Deep Shaft,6200,5150,43.8,85.0,89.2,89.4,23.0,1.0,0.0,1050,16.9,1
2026-02-08,balaghat,Balaghat Deep Shaft,6200,5329,44.1,86.3,91.8,94.0,23.0,1.0,0.0,871,14.0,1
2026-02-09,balaghat,Balaghat Deep Shaft,6200,4842,44.3,85.8,87.1,89.4,22.2,1.8,0.0,1358,21.9,1
2026-02-10,balaghat,Balaghat Deep Shaft,6200,5207,44.5,87.5,91.7,91.9,23.3,0.7,0.0,993,16.0,1
2026-02-11,balaghat,Balaghat Deep Shaft,6200,5090,44.3,87.6,92.2,89.2,23.5,0.5,0.0,1110,17.9,1
2026-02-12,balaghat,Balaghat Deep Shaft,6200,5468,43.8,87.4,90.0,95.9,23.3,0.7,0.0,732,11.8,1
2026-02-13,balaghat,Balaghat Deep Shaft,6200,4877,44.1,87.2,92.2,88.4,22.6,1.4,0.0,1323,21.3,1
2026-02-14,balaghat,Balaghat Deep Shaft,6200,5053,43.2,85.8,89.7,90.0,22.6,1.4,0.0,1147,18.5,1
2026-02-15,balaghat,Balaghat Deep Shaft,6200,4986,44.8,86.5,92.7,86.8,23.2,0.8,0.0,1214,19.6,1
2026-02-16,balaghat,Balaghat Deep Shaft,6200,4918,43.7,85.6,93.2,90.9,22.6,1.4,0.0,1282,20.7,1
2026-02-17,balaghat,Balaghat Deep Shaft,6200,5094,42.6,87.0,90.9,90.5,22.2,1.8,0.0,1106,17.8,1
2026-02-18,balaghat,Balaghat Deep Shaft,6200,5084,45.1,87.8,90.5,92.1,22.8,1.2,0.0,1116,18.0,1
2026-02-19,balaghat,Balaghat Deep Shaft,6200,5221,44.4,86.7,87.9,94.0,22.7,1.3,0.0,979,15.8,1
2026-02-20,balaghat,Balaghat Deep Shaft,6200,5309,43.7,86.5,93.5,92.3,22.8,1.2,0.0,891,14.4,1
2026-02-21,balaghat,Balaghat Deep Shaft,6200,5392,44.0,86.3,96.1,91.3,23.2,0.8,0.0,808,13.0,1
2026-02-22,balaghat,Balaghat Deep Shaft,6200,5439,44.9,87.1,93.2,93.9,22.5,1.5,0.0,761,12.3,1
2026-02-23,balaghat,Balaghat Deep Shaft,6200,5130,43.4,87.3,94.1,90.3,23.0,1.0,0.0,1070,17.3,1
2026-02-24,balaghat,Balaghat Deep Shaft,6200,4705,44.6,86.8,88.1,87.8,22.4,1.6,0.0,1495,24.1,1
2026-02-25,balaghat,Balaghat Deep Shaft,6200,4973,45.0,86.2,88.5,88.7,22.3,1.7,0.0,1227,19.8,1
2026-02-26,balaghat,Balaghat Deep Shaft,6200,5300,45.0,88.0,91.7,92.5,23.3,0.7,0.0,900,14.5,1
2026-02-27,balaghat,Balaghat Deep Shaft,6200,5280,44.5,86.2,86.1,93.2,22.4,1.6,0.0,920,14.8,1
2026-02-28,balaghat,Balaghat Deep Shaft,6200,3758,45.3,87.8,65.8,95.1,16.1,7.9,0.0,2442,39.4,1
2026-03-01,balaghat,Balaghat Deep Shaft,6200,5096,44.7,86.8,94.5,91.0,23.1,0.9,0.0,1104,17.8,1
2026-03-02,balaghat,Balaghat Deep Shaft,6200,4942,44.5,85.8,90.7,91.1,22.5,1.5,0.0,1258,20.3,1
2026-03-03,balaghat,Balaghat Deep Shaft,6200,5265,43.3,86.7,88.7,94.1,23.1,0.9,0.0,935,15.1,1
2026-03-04,balaghat,Balaghat Deep Shaft,6200,5472,44.7,85.9,91.9,94.3,23.2,0.8,0.0,728,11.7,1
2026-03-05,balaghat,Balaghat Deep Shaft,6200,4888,43.6,86.3,96.0,88.4,23.2,0.8,0.0,1312,21.2,1
2026-03-06,balaghat,Balaghat Deep Shaft,6200,5658,44.4,88.0,90.5,95.1,23.4,0.6,0.0,542,8.7,0
2026-03-07,balaghat,Balaghat Deep Shaft,6200,4846,44.6,85.3,85.4,87.6,22.2,1.8,0.0,1354,21.8,1
2026-03-08,balaghat,Balaghat Deep Shaft,6200,5313,44.7,85.7,91.6,90.8,23.1,0.9,0.0,887,14.3,1
2026-03-09,balaghat,Balaghat Deep Shaft,6200,5317,44.9,86.7,94.2,93.0,23.4,0.6,0.0,883,14.2,1
2026-03-10,balaghat,Balaghat Deep Shaft,6200,4962,44.6,86.0,96.6,90.0,23.2,0.8,0.0,1238,20.0,1
2026-03-11,balaghat,Balaghat Deep Shaft,6200,5329,44.8,86.6,89.7,94.8,22.6,1.4,0.0,871,14.0,1
2026-03-12,balaghat,Balaghat Deep Shaft,6200,5172,43.7,87.0,89.8,92.3,22.4,1.6,0.0,1028,16.6,1
2026-03-13,balaghat,Balaghat Deep Shaft,6200,5254,43.3,84.5,89.3,95.3,22.1,1.9,0.0,946,15.3,1
2026-03-14,balaghat,Balaghat Deep Shaft,6200,5119,43.8,86.4,87.2,91.9,22.3,1.7,0.0,1081,17.4,1
2026-03-15,balaghat,Balaghat Deep Shaft,6200,5228,44.2,85.9,87.9,91.8,22.9,1.1,0.0,972,15.7,1
2026-03-16,balaghat,Balaghat Deep Shaft,6200,5194,44.9,87.9,95.0,88.3,23.1,0.9,0.0,1006,16.2,1
2026-03-17,balaghat,Balaghat Deep Shaft,6200,5420,44.5,86.1,87.1,95.7,22.5,1.5,0.0,780,12.6,1
2026-03-18,balaghat,Balaghat Deep Shaft,6200,5057,38.5,84.1,87.8,94.8,22.1,1.9,0.0,1143,18.4,1
2026-03-19,balaghat,Balaghat Deep Shaft,6200,4832,43.2,87.2,87.4,90.8,22.1,1.9,0.0,1368,22.1,1
2026-03-20,balaghat,Balaghat Deep Shaft,6200,5502,43.5,85.0,92.6,94.3,23.4,0.6,0.0,698,11.3,1
2026-03-21,balaghat,Balaghat Deep Shaft,6200,5290,44.4,86.7,91.0,93.1,22.4,1.6,0.0,910,14.7,1
2026-03-22,balaghat,Balaghat Deep Shaft,6200,5175,44.1,87.7,95.3,91.7,23.0,1.0,0.0,1025,16.5,1
2026-03-23,balaghat,Balaghat Deep Shaft,6200,4898,43.2,85.0,92.9,89.6,22.8,1.2,0.0,1302,21.0,1
2026-03-24,balaghat,Balaghat Deep Shaft,6200,4969,43.7,85.7,95.6,90.3,23.2,0.8,0.0,1231,19.9,1
2026-03-25,balaghat,Balaghat Deep Shaft,6200,4792,44.7,87.8,91.7,88.3,22.3,1.7,0.0,1408,22.7,1
2026-03-26,balaghat,Balaghat Deep Shaft,6200,5120,44.0,86.1,91.3,90.5,23.0,1.0,0.0,1080,17.4,1
2026-03-27,balaghat,Balaghat Deep Shaft,6200,5071,43.7,86.3,92.0,92.3,22.6,1.4,0.0,1129,18.2,1
2026-03-28,balaghat,Balaghat Deep Shaft,6200,5370,45.2,86.9,94.2,91.4,23.4,0.6,0.0,830,13.4,1
2026-03-29,balaghat,Balaghat Deep Shaft,6200,5051,44.9,85.5,90.0,90.7,22.2,1.8,0.0,1149,18.5,1
2026-03-30,balaghat,Balaghat Deep Shaft,6200,5392,44.2,86.6,92.8,91.8,23.2,0.8,0.0,808,13.0,1
2026-03-31,balaghat,Balaghat Deep Shaft,6200,5056,43.9,85.5,89.2,95.8,22.2,1.8,0.0,1144,18.5,1
2026-04-01,balaghat,Balaghat Deep Shaft,6200,4814,45.3,87.2,90.7,86.6,22.1,1.9,0.0,1386,22.4,1
2026-04-02,balaghat,Balaghat Deep Shaft,6200,5212,43.7,86.0,91.6,95.6,22.7,1.3,0.0,988,15.9,1
2026-04-03,balaghat,Balaghat Deep Shaft,6200,5381,43.9,85.0,95.2,92.5,23.2,0.8,0.0,819,13.2,1
2026-04-04,balaghat,Balaghat Deep Shaft,6200,5478,43.9,87.6,94.1,93.6,23.3,0.7,0.0,722,11.6,1
2026-04-05,balaghat,Balaghat Deep Shaft,6200,5367,43.5,86.9,91.5,94.5,22.3,1.7,0.0,833,13.4,1
2026-04-06,balaghat,Balaghat Deep Shaft,6200,5393,44.4,86.2,96.2,93.2,23.1,0.9,0.0,807,13.0,1
2026-04-07,balaghat,Balaghat Deep Shaft,6200,4960,44.2,85.2,92.2,92.4,22.8,1.2,0.0,1240,20.0,1
2026-04-08,balaghat,Balaghat Deep Shaft,6200,5212,44.2,86.6,94.8,89.2,23.2,0.8,0.0,988,15.9,1
2026-04-09,balaghat,Balaghat Deep Shaft,6200,5083,43.9,85.3,91.6,93.7,22.8,1.2,0.0,1117,18.0,1
2026-04-10,balaghat,Balaghat Deep Shaft,6200,5423,45.6,86.1,93.9,95.0,23.2,0.8,0.0,777,12.5,1
2026-04-11,balaghat,Balaghat Deep Shaft,6200,5088,42.9,84.7,97.2,92.1,23.4,0.6,0.0,1112,17.9,1
2026-04-12,balaghat,Balaghat Deep Shaft,6200,5314,44.3,87.2,93.1,95.8,22.8,1.2,0.0,886,14.3,1
2026-04-13,balaghat,Balaghat Deep Shaft,6200,4772,43.9,85.5,89.8,89.3,22.3,1.7,0.0,1428,23.0,1
2026-04-14,balaghat,Balaghat Deep Shaft,6200,5374,43.8,87.7,87.2,92.4,22.7,1.3,0.0,826,13.3,1
2026-04-15,balaghat,Balaghat Deep Shaft,6200,4995,44.1,85.1,91.0,91.1,22.3,1.7,0.0,1205,19.4,1
2026-04-16,balaghat,Balaghat Deep Shaft,6200,3794,43.5,85.0,64.3,91.3,16.6,7.4,0.0,2406,38.8,1
2026-04-17,balaghat,Balaghat Deep Shaft,6200,5083,44.7,85.3,91.1,94.4,22.4,1.6,0.0,1117,18.0,1
2026-04-18,balaghat,Balaghat Deep Shaft,6200,5586,43.7,85.2,94.0,95.2,23.4,0.6,0.0,614,9.9,0
2026-04-19,balaghat,Balaghat Deep Shaft,6200,5237,44.4,87.7,88.0,88.4,22.9,1.1,0.0,963,15.5,1
2026-04-20,balaghat,Balaghat Deep Shaft,6200,5057,45.4,86.5,92.6,88.6,22.7,1.3,0.0,1143,18.4,1
2026-04-21,balaghat,Balaghat Deep Shaft,6200,5074,43.6,86.4,85.5,90.6,22.1,1.9,0.0,1126,18.2,1
2026-04-22,balaghat,Balaghat Deep Shaft,6200,5149,43.5,87.0,89.6,95.9,22.1,1.9,0.0,1051,17.0,1
2026-04-23,balaghat,Balaghat Deep Shaft,6200,5227,44.4,86.5,88.8,93.8,22.9,1.1,0.0,973,15.7,1
2026-04-24,balaghat,Balaghat Deep Shaft,6200,5200,43.5,87.2,91.5,90.1,23.1,0.9,0.0,1000,16.1,1
2026-04-25,balaghat,Balaghat Deep Shaft,6200,5141,44.5,85.7,90.0,90.9,23.0,1.0,0.0,1059,17.1,1
2026-04-26,balaghat,Balaghat Deep Shaft,6200,5155,44.5,87.9,89.3,92.0,22.2,1.8,0.0,1045,16.9,1
2026-04-27,balaghat,Balaghat Deep Shaft,6200,5520,45.1,88.4,89.2,92.8,23.3,0.7,0.0,680,11.0,1
2026-04-28,balaghat,Balaghat Deep Shaft,6200,5353,43.2,84.6,95.7,93.0,23.3,0.7,0.0,847,13.7,1
2026-04-29,balaghat,Balaghat Deep Shaft,6200,5181,43.1,87.2,88.5,93.0,23.1,0.9,0.0,1019,16.4,1
2026-04-30,balaghat,Balaghat Deep Shaft,6200,4939,43.4,85.8,93.2,89.3,22.8,1.2,0.0,1261,20.3,1
2026-05-01,balaghat,Balaghat Deep Shaft,6200,4984,43.4,85.1,89.1,93.1,22.3,1.7,0.0,1216,19.6,1
2026-05-02,balaghat,Balaghat Deep Shaft,6200,5120,44.9,87.8,93.8,88.0,23.4,0.6,0.0,1080,17.4,1
2026-05-03,balaghat,Balaghat Deep Shaft,6200,4781,43.1,84.5,89.8,91.3,22.3,1.7,0.0,1419,22.9,1
2026-05-04,balaghat,Balaghat Deep Shaft,6200,4927,44.2,86.8,89.5,90.5,22.5,1.5,0.0,1273,20.5,1
2026-05-05,balaghat,Balaghat Deep Shaft,6200,4775,44.0,86.6,87.2,90.2,22.0,2.0,0.0,1425,23.0,1
2026-05-06,balaghat,Balaghat Deep Shaft,6200,4971,44.1,86.3,86.8,91.9,22.1,1.9,0.0,1229,19.8,1
2026-05-07,balaghat,Balaghat Deep Shaft,6200,4941,43.4,87.2,88.0,89.9,22.3,1.7,0.0,1259,20.3,1
2026-05-08,balaghat,Balaghat Deep Shaft,6200,4916,44.1,87.4,88.5,89.7,22.5,1.5,0.0,1284,20.7,1
2026-05-09,balaghat,Balaghat Deep Shaft,6200,5245,43.3,86.0,94.1,89.8,23.4,0.6,0.0,955,15.4,1
2026-05-10,balaghat,Balaghat Deep Shaft,6200,5433,45.0,87.3,89.6,92.3,23.2,0.8,0.0,767,12.4,1
2026-05-11,balaghat,Balaghat Deep Shaft,6200,5497,44.7,87.9,90.3,95.1,22.5,1.5,0.0,703,11.3,1
2026-05-12,balaghat,Balaghat Deep Shaft,6200,5278,44.6,87.5,89.0,92.9,22.2,1.8,0.0,922,14.9,1
2026-05-13,balaghat,Balaghat Deep Shaft,6200,5061,43.1,87.2,92.1,91.0,22.7,1.3,0.0,1139,18.4,1
2026-05-14,balaghat,Balaghat Deep Shaft,6200,5196,45.1,87.5,83.9,93.4,22.0,2.0,0.0,1004,16.2,1
2026-05-15,balaghat,Balaghat Deep Shaft,6200,4646,43.8,84.8,88.9,89.8,22.1,1.9,0.0,1554,25.1,1
2025-01-01,dongri-buzurg,Dongri Buzurg Opencast,4800,4169,48.8,87.5,88.2,97.1,22.5,1.5,0.0,631,13.1,1
2025-01-02,dongri-buzurg,Dongri Buzurg Opencast,4800,4103,48.3,85.6,94.1,92.1,22.9,1.1,0.0,697,14.5,1
2025-01-03,dongri-buzurg,Dongri Buzurg Opencast,4800,3912,47.8,86.9,94.6,92.0,22.9,1.1,0.0,888,18.5,1
2025-01-04,dongri-buzurg,Dongri Buzurg Opencast,4800,3961,48.8,85.4,90.6,95.9,22.0,2.0,0.0,839,17.5,1
2025-01-05,dongri-buzurg,Dongri Buzurg Opencast,4800,4047,48.3,86.1,92.9,94.1,23.4,0.6,0.0,753,15.7,1
2025-01-06,dongri-buzurg,Dongri Buzurg Opencast,4800,4086,47.5,84.5,95.5,94.8,23.0,1.0,0.0,714,14.9,1
2025-01-07,dongri-buzurg,Dongri Buzurg Opencast,4800,4085,48.4,86.3,91.2,98.7,22.4,1.6,0.0,715,14.9,1
2025-01-08,dongri-buzurg,Dongri Buzurg Opencast,4800,4203,48.1,85.3,86.5,97.0,22.3,1.7,0.0,597,12.4,1
2025-01-09,dongri-buzurg,Dongri Buzurg Opencast,4800,4137,48.9,88.1,92.3,93.2,22.8,1.2,0.0,663,13.8,1
2025-01-10,dongri-buzurg,Dongri Buzurg Opencast,4800,4154,47.8,85.9,92.7,93.1,23.0,1.0,0.0,646,13.5,1
2025-01-11,dongri-buzurg,Dongri Buzurg Opencast,4800,4300,48.0,86.5,95.9,95.3,23.3,0.7,0.0,500,10.4,1
2025-01-12,dongri-buzurg,Dongri Buzurg Opencast,4800,3993,47.9,85.7,94.4,91.6,23.4,0.6,0.0,807,16.8,1
2025-01-13,dongri-buzurg,Dongri Buzurg Opencast,4800,4175,48.2,87.1,90.1,96.5,22.2,1.8,0.0,625,13.0,1
2025-01-14,dongri-buzurg,Dongri Buzurg Opencast,4800,3845,47.8,85.4,87.2,91.4,22.5,1.5,0.0,955,19.9,1
2025-01-15,dongri-buzurg,Dongri Buzurg Opencast,4800,4269,48.9,86.5,95.6,94.2,23.1,0.9,0.0,531,11.1,1
2025-01-16,dongri-buzurg,Dongri Buzurg Opencast,4800,4284,47.6,86.5,90.0,97.8,22.8,1.2,0.0,516,10.8,1
2025-01-17,dongri-buzurg,Dongri Buzurg Opencast,4800,4095,49.1,86.7,89.2,90.3,23.2,0.8,0.0,705,14.7,1
2025-01-18,dongri-buzurg,Dongri Buzurg Opencast,4800,3984,47.9,85.3,92.6,96.4,22.3,1.7,0.0,816,17.0,1
2025-01-19,dongri-buzurg,Dongri Buzurg Opencast,4800,4151,48.2,85.8,96.1,93.3,23.3,0.7,0.0,649,13.5,1
2025-01-20,dongri-buzurg,Dongri Buzurg Opencast,4800,4035,47.5,85.1,89.1,97.2,22.5,1.5,0.0,765,15.9,1
2025-01-21,dongri-buzurg,Dongri Buzurg Opencast,4800,4096,48.0,87.5,91.7,93.7,23.2,0.8,0.0,704,14.7,1
2025-01-22,dongri-buzurg,Dongri Buzurg Opencast,4800,4224,48.0,86.3,92.1,96.8,22.2,1.8,0.0,576,12.0,1
2025-01-23,dongri-buzurg,Dongri Buzurg Opencast,4800,4387,48.4,87.9,94.9,98.1,22.8,1.2,0.0,413,8.6,0
2025-01-24,dongri-buzurg,Dongri Buzurg Opencast,4800,3914,49.1,85.5,93.2,94.2,22.7,1.3,0.0,886,18.5,1
2025-01-25,dongri-buzurg,Dongri Buzurg Opencast,4800,4042,48.0,87.4,89.7,91.9,22.6,1.4,0.0,758,15.8,1
2025-01-26,dongri-buzurg,Dongri Buzurg Opencast,4800,4059,48.8,87.3,88.8,95.0,22.1,1.9,0.0,741,15.4,1
2025-01-27,dongri-buzurg,Dongri Buzurg Opencast,4800,3842,49.2,85.6,85.7,93.2,22.1,1.9,0.0,958,20.0,1
2025-01-28,dongri-buzurg,Dongri Buzurg Opencast,4800,4182,49.2,86.6,94.5,97.9,23.1,0.9,0.0,618,12.9,1
2025-01-29,dongri-buzurg,Dongri Buzurg Opencast,4800,4233,47.3,86.9,90.5,98.6,23.0,1.0,0.0,567,11.8,1
2025-01-30,dongri-buzurg,Dongri Buzurg Opencast,4800,4138,48.4,85.8,86.9,96.8,22.1,1.9,0.0,662,13.8,1
2025-01-31,dongri-buzurg,Dongri Buzurg Opencast,4800,4231,47.7,87.5,92.2,92.8,23.5,0.5,0.0,569,11.9,1
2025-02-01,dongri-buzurg,Dongri Buzurg Opencast,4800,3883,48.0,86.1,87.6,93.1,22.1,1.9,0.0,917,19.1,1
2025-02-02,dongri-buzurg,Dongri Buzurg Opencast,4800,4122,48.3,87.6,93.5,95.1,22.9,1.1,0.0,678,14.1,1
2025-02-03,dongri-buzurg,Dongri Buzurg Opencast,4800,4068,49.3,87.5,90.7,93.5,22.8,1.2,0.0,732,15.2,1
2025-02-04,dongri-buzurg,Dongri Buzurg Opencast,4800,3982,48.0,85.8,88.3,95.8,22.5,1.5,0.0,818,17.0,1
2025-02-05,dongri-buzurg,Dongri Buzurg Opencast,4800,4120,48.8,86.7,88.1,94.0,22.5,1.5,0.0,680,14.2,1
2025-02-06,dongri-buzurg,Dongri Buzurg Opencast,4800,4334,48.2,86.0,96.5,95.9,23.2,0.8,0.0,466,9.7,0
2025-02-07,dongri-buzurg,Dongri Buzurg Opencast,4800,4039,48.5,86.2,89.4,90.7,23.3,0.7,0.0,761,15.9,1
2025-02-08,dongri-buzurg,Dongri Buzurg Opencast,4800,4237,49.2,87.7,96.7,92.5,23.4,0.6,0.0,563,11.7,1
2025-02-09,dongri-buzurg,Dongri Buzurg Opencast,4800,4476,47.8,86.7,93.5,99.0,23.4,0.6,0.0,324,6.8,0
2025-02-10,dongri-buzurg,Dongri Buzurg Opencast,4800,4098,48.0,85.8,88.3,97.1,22.3,1.7,0.0,702,14.6,1
2025-02-11,dongri-buzurg,Dongri Buzurg Opencast,4800,4242,48.9,88.2,88.9,98.4,22.4,1.6,0.0,558,11.6,1
2025-02-12,dongri-buzurg,Dongri Buzurg Opencast,4800,4150,49.2,87.2,87.7,94.4,22.4,1.6,0.0,650,13.5,1
2025-02-13,dongri-buzurg,Dongri Buzurg Opencast,4800,4147,48.2,86.1,87.9,92.1,22.9,1.1,0.0,653,13.6,1
2025-02-14,dongri-buzurg,Dongri Buzurg Opencast,4800,4308,47.7,85.5,94.8,94.1,23.4,0.6,0.0,492,10.2,1
2025-02-15,dongri-buzurg,Dongri Buzurg Opencast,4800,4113,47.4,85.4,92.6,95.1,23.0,1.0,0.0,687,14.3,1
2025-02-16,dongri-buzurg,Dongri Buzurg Opencast,4800,3938,48.6,85.2,91.0,91.6,23.4,0.6,0.0,862,18.0,1
2025-02-17,dongri-buzurg,Dongri Buzurg Opencast,4800,2959,47.5,87.0,62.4,96.3,16.1,7.9,0.0,1841,38.4,1
2025-02-18,dongri-buzurg,Dongri Buzurg Opencast,4800,4048,48.5,86.2,91.7,92.4,22.4,1.6,0.0,752,15.7,1
2025-02-19,dongri-buzurg,Dongri Buzurg Opencast,4800,4197,48.0,86.0,89.4,93.3,23.0,1.0,0.0,603,12.6,1
2025-02-20,dongri-buzurg,Dongri Buzurg Opencast,4800,4067,48.4,86.2,95.1,95.2,23.1,0.9,0.0,733,15.3,1
2025-02-21,dongri-buzurg,Dongri Buzurg Opencast,4800,4019,49.9,86.4,88.6,92.1,22.4,1.6,0.0,781,16.3,1
2025-02-22,dongri-buzurg,Dongri Buzurg Opencast,4800,4019,48.8,88.1,91.1,94.0,22.1,1.9,0.0,781,16.3,1
2025-02-23,dongri-buzurg,Dongri Buzurg Opencast,4800,4099,48.4,85.5,86.7,93.0,22.6,1.4,0.0,701,14.6,1
2025-02-24,dongri-buzurg,Dongri Buzurg Opencast,4800,4191,48.1,87.4,91.0,99.0,22.0,2.0,0.0,609,12.7,1
2025-02-25,dongri-buzurg,Dongri Buzurg Opencast,4800,4201,49.0,87.2,95.0,97.1,22.9,1.1,0.0,599,12.5,1
2025-02-26,dongri-buzurg,Dongri Buzurg Opencast,4800,4394,48.7,87.1,90.9,95.5,23.4,0.6,0.0,406,8.5,0
2025-02-27,dongri-buzurg,Dongri Buzurg Opencast,4800,4334,48.8,86.9,87.9,98.0,22.3,1.7,0.0,466,9.7,0
2025-02-28,dongri-buzurg,Dongri Buzurg Opencast,4800,4188,49.2,87.9,92.4,98.4,22.6,1.4,0.0,612,12.8,1
2025-03-01,dongri-buzurg,Dongri Buzurg Opencast,4800,4297,48.9,88.0,89.1,99.0,22.4,1.6,0.0,503,10.5,1
2025-03-02,dongri-buzurg,Dongri Buzurg Opencast,4800,4094,48.2,86.6,95.0,92.1,23.2,0.8,0.0,706,14.7,1
2025-03-03,dongri-buzurg,Dongri Buzurg Opencast,4800,4083,48.5,87.8,88.7,94.7,22.9,1.1,0.0,717,14.9,1
2025-03-04,dongri-buzurg,Dongri Buzurg Opencast,4800,3952,48.8,88.0,87.6,92.1,22.7,1.3,0.0,848,17.7,1
2025-03-05,dongri-buzurg,Dongri Buzurg Opencast,4800,4125,44.1,82.5,92.3,95.2,23.2,0.8,0.0,675,14.1,1
2025-03-06,dongri-buzurg,Dongri Buzurg Opencast,4800,4401,47.5,86.3,96.1,95.3,23.4,0.6,0.0,399,8.3,0
2025-03-07,dongri-buzurg,Dongri Buzurg Opencast,4800,3959,49.1,88.1,90.9,95.3,22.1,1.9,0.0,841,17.5,1
2025-03-08,dongri-buzurg,Dongri Buzurg Opencast,4800,3837,46.9,87.0,90.5,89.7,22.5,1.5,0.0,963,20.1,1
2025-03-09,dongri-buzurg,Dongri Buzurg Opencast,4800,4237,49.4,87.6,89.8,94.2,23.4,0.6,0.0,563,11.7,1
2025-03-10,dongri-buzurg,Dongri Buzurg Opencast,4800,4325,48.9,86.6,96.1,96.7,23.4,0.6,0.0,475,9.9,0
2025-03-11,dongri-buzurg,Dongri Buzurg Opencast,4800,4233,49.2,85.4,95.3,97.6,23.4,0.6,0.0,567,11.8,1
2025-03-12,dongri-buzurg,Dongri Buzurg Opencast,4800,3804,47.6,84.5,91.1,93.4,22.3,1.7,0.0,996,20.8,1
2025-03-13,dongri-buzurg,Dongri Buzurg Opencast,4800,4056,49.5,86.1,90.0,90.7,23.0,1.0,0.0,744,15.5,1
2025-03-14,dongri-buzurg,Dongri Buzurg Opencast,4800,4013,48.3,86.2,92.0,90.6,23.4,0.6,0.0,787,16.4,1
2025-03-15,dongri-buzurg,Dongri Buzurg Opencast,4800,3821,47.9,87.2,90.6,92.3,22.0,2.0,0.0,979,20.4,1
2025-03-16,dongri-buzurg,Dongri Buzurg Opencast,4800,4203,49.3,87.0,85.2,99.0,22.2,1.8,0.0,597,12.4,1
2025-03-17,dongri-buzurg,Dongri Buzurg Opencast,4800,3991,48.4,86.3,89.6,92.1,22.6,1.4,0.0,809,16.9,1
2025-03-18,dongri-buzurg,Dongri Buzurg Opencast,4800,3880,49.2,86.7,93.1,91.9,22.4,1.6,0.0,920,19.2,1
2025-03-19,dongri-buzurg,Dongri Buzurg Opencast,4800,3946,48.9,86.8,87.8,93.4,22.6,1.4,0.0,854,17.8,1
2025-03-20,dongri-buzurg,Dongri Buzurg Opencast,4800,4361,47.4,87.3,90.6,98.7,22.9,1.1,0.0,439,9.1,0
2025-03-21,dongri-buzurg,Dongri Buzurg Opencast,4800,4131,48.9,87.7,93.1,95.3,22.4,1.6,0.0,669,13.9,1
2025-03-22,dongri-buzurg,Dongri Buzurg Opencast,4800,3984,48.8,85.5,89.8,95.3,22.6,1.4,0.0,816,17.0,1
2025-03-23,dongri-buzurg,Dongri Buzurg Opencast,4800,3708,48.6,85.6,87.9,88.7,22.2,1.8,0.0,1092,22.8,1
2025-03-24,dongri-buzurg,Dongri Buzurg Opencast,4800,4072,48.2,87.2,87.5,97.3,22.1,1.9,0.0,728,15.2,1
2025-03-25,dongri-buzurg,Dongri Buzurg Opencast,4800,4011,49.7,88.5,89.9,93.0,22.7,1.3,0.0,789,16.4,1
2025-03-26,dongri-buzurg,Dongri Buzurg Opencast,4800,3800,48.1,85.3,92.9,91.9,22.7,1.3,0.0,1000,20.8,1
2025-03-27,dongri-buzurg,Dongri Buzurg Opencast,4800,3988,49.9,86.9,87.4,91.1,22.5,1.5,0.0,812,16.9,1
2025-03-28,dongri-buzurg,Dongri Buzurg Opencast,4800,3838,48.9,88.1,85.9,91.3,22.0,2.0,0.0,962,20.0,1
2025-03-29,dongri-buzurg,Dongri Buzurg Opencast,4800,4306,49.7,88.0,94.5,94.1,23.1,0.9,0.0,494,10.3,1
2025-03-30,dongri-buzurg,Dongri Buzurg Opencast,4800,4301,48.8,87.3,92.5,95.0,23.0,1.0,0.0,499,10.4,1
2025-03-31,dongri-buzurg,Dongri Buzurg Opencast,4800,4132,47.9,85.6,86.0,95.5,22.5,1.5,0.0,668,13.9,1
2025-04-01,dongri-buzurg,Dongri Buzurg Opencast,4800,4222,48.1,85.8,92.6,94.3,23.2,0.8,0.0,578,12.0,1
2025-04-02,dongri-buzurg,Dongri Buzurg Opencast,4800,3886,48.9,85.5,93.3,90.6,22.9,1.1,0.0,914,19.0,1
2025-04-03,dongri-buzurg,Dongri Buzurg Opencast,4800,3998,47.6,87.3,85.7,93.4,22.2,1.8,0.0,802,16.7,1
2025-04-04,dongri-buzurg,Dongri Buzurg Opencast,4800,4205,48.7,87.2,93.7,92.1,23.1,0.9,0.0,595,12.4,1
2025-04-05,dongri-buzurg,Dongri Buzurg Opencast,4800,2856,48.7,86.1,65.1,95.5,15.9,8.1,0.0,1944,40.5,1
2025-04-06,dongri-buzurg,Dongri Buzurg Opencast,4800,4161,48.3,85.5,89.7,95.4,22.5,1.5,0.0,639,13.3,1
2025-04-07,dongri-buzurg,Dongri Buzurg Opencast,4800,4039,49.2,86.0,89.5,93.2,22.1,1.9,0.0,761,15.9,1
2025-04-08,dongri-buzurg,Dongri Buzurg Opencast,4800,4033,49.1,86.3,91.4,96.9,22.2,1.8,0.0,767,16.0,1
2025-04-09,dongri-buzurg,Dongri Buzurg Opencast,4800,4223,48.4,85.4,96.2,97.2,23.2,0.8,0.0,577,12.0,1
2025-04-10,dongri-buzurg,Dongri Buzurg Opencast,4800,4244,48.9,86.7,88.1,99.0,22.2,1.8,0.0,556,11.6,1
2025-04-11,dongri-buzurg,Dongri Buzurg Opencast,4800,3949,48.1,85.2,86.3,92.9,22.3,1.7,0.0,851,17.7,1
2025-04-12,dongri-buzurg,Dongri Buzurg Opencast,4800,4333,48.2,86.6,88.8,95.8,23.0,1.0,0.0,467,9.7,0
2025-04-13,dongri-buzurg,Dongri Buzurg Opencast,4800,4189,47.7,86.8,86.7,95.8,22.1,1.9,0.0,611,12.7,1
2025-04-14,dongri-buzurg,Dongri Buzurg Opencast,4800,4124,48.8,87.1,89.8,97.0,22.3,1.7,0.0,676,14.1,1
2025-04-15,dongri-buzurg,Dongri Buzurg Opencast,4800,4023,48.5,86.5,91.1,95.1,22.7,1.3,0.0,777,16.2,1
2025-04-16,dongri-buzurg,Dongri Buzurg Opencast,4800,4318,49.1,87.1,95.7,97.6,23.1,0.9,0.0,482,10.0,1
2025-04-17,dongri-buzurg,Dongri Buzurg Opencast,4800,4307,47.9,86.3,90.1,99.0,23.2,0.8,0.0,493,10.3,1
2025-04-18,dongri-buzurg,Dongri Buzurg Opencast,4800,4202,49.0,87.3,92.0,99.0,22.7,1.3,0.0,598,12.5,1
2025-04-19,dongri-buzurg,Dongri Buzurg Opencast,4800,4092,48.8,87.7,93.7,94.7,22.9,1.1,0.0,708,14.8,1
2025-04-20,dongri-buzurg,Dongri Buzurg Opencast,4800,4079,47.9,86.1,85.9,96.7,22.4,1.6,0.0,721,15.0,1
2025-04-21,dongri-buzurg,Dongri Buzurg Opencast,4800,3992,48.4,85.5,88.4,94.5,22.6,1.4,0.0,808,16.8,1
2025-04-22,dongri-buzurg,Dongri Buzurg Opencast,4800,4188,48.7,86.7,89.7,93.9,22.5,1.5,0.0,612,12.8,1
2025-04-23,dongri-buzurg,Dongri Buzurg Opencast,4800,4075,48.7,87.1,91.9,94.9,23.1,0.9,0.0,725,15.1,1
2025-04-24,dongri-buzurg,Dongri Buzurg Opencast,4800,4169,49.1,88.4,89.7,93.6,23.1,0.9,0.0,631,13.1,1
2025-04-25,dongri-buzurg,Dongri Buzurg Opencast,4800,4153,48.6,87.2,95.7,93.8,23.1,0.9,0.0,647,13.5,1
2025-04-26,dongri-buzurg,Dongri Buzurg Opencast,4800,4040,47.3,87.0,85.3,91.7,22.2,1.8,0.0,760,15.8,1
2025-04-27,dongri-buzurg,Dongri Buzurg Opencast,4800,4020,47.9,85.3,93.9,94.8,23.1,0.9,0.0,780,16.2,1
2025-04-28,dongri-buzurg,Dongri Buzurg Opencast,4800,4378,48.6,87.8,96.5,93.8,23.3,0.7,0.0,422,8.8,0
2025-04-29,dongri-buzurg,Dongri Buzurg Opencast,4800,4254,49.4,85.7,91.1,98.3,22.2,1.8,0.0,546,11.4,1
2025-04-30,dongri-buzurg,Dongri Buzurg Opencast,4800,4011,47.9,86.5,90.9,95.2,22.2,1.8,0.0,789,16.4,1
2025-05-01,dongri-buzurg,Dongri Buzurg Opencast,4800,4198,48.2,86.3,91.6,92.5,23.3,0.7,0.0,602,12.5,1
2025-05-02,dongri-buzurg,Dongri Buzurg Opencast,4800,3973,48.0,86.6,92.5,92.8,22.5,1.5,0.0,827,17.2,1
2025-05-03,dongri-buzurg,Dongri Buzurg Opencast,4800,4172,48.4,87.8,88.6,95.2,23.1,0.9,0.0,628,13.1,1
2025-05-04,dongri-buzurg,Dongri Buzurg Opencast,4800,3949,48.3,84.9,91.0,96.0,22.1,1.9,0.0,851,17.7,1
2025-05-05,dongri-buzurg,Dongri Buzurg Opencast,4800,4263,48.3,85.1,90.8,95.7,23.0,1.0,0.0,537,11.2,1
2025-05-06,dongri-buzurg,Dongri Buzurg Opencast,4800,4134,48.4,87.0,87.7,94.2,22.6,1.4,0.0,666,13.9,1
2025-05-07,dongri-buzurg,Dongri Buzurg Opencast,4800,4010,44.0,84.9,92.3,93.7,23.3,0.7,0.0,790,16.5,1
2025-05-08,dongri-buzurg,Dongri Buzurg Opencast,4800,4479,49.5,87.5,91.1,98.0,23.1,0.9,0.0,321,6.7,0
2025-05-09,dongri-buzurg,Dongri Buzurg Opencast,4800,4059,48.3,85.8,88.6,97.1,22.8,1.2,0.0,741,15.4,1
2025-05-10,dongri-buzurg,Dongri Buzurg Opencast,4800,4136,47.7,86.4,95.4,97.0,23.0,1.0,0.0,664,13.8,1
2025-05-11,dongri-buzurg,Dongri Buzurg Opencast,4800,4401,47.9,86.7,95.5,96.5,23.1,0.9,0.0,399,8.3,0
2025-05-12,dongri-buzurg,Dongri Buzurg Opencast,4800,3979,48.7,85.5,90.4,94.9,22.1,1.9,0.0,821,17.1,1
2025-05-13,dongri-buzurg,Dongri Buzurg Opencast,4800,4488,48.4,86.8,95.3,99.0,23.2,0.8,0.0,312,6.5,0
2025-05-14,dongri-buzurg,Dongri Buzurg Opencast,4800,4088,49.1,88.2,86.2,96.5,22.1,1.9,0.0,712,14.8,1
2025-05-15,dongri-buzurg,Dongri Buzurg Opencast,4800,4400,48.4,86.9,90.7,95.6,23.2,0.8,0.0,400,8.3,0
2025-05-16,dongri-buzurg,Dongri Buzurg Opencast,4800,4287,48.6,85.8,92.2,97.0,22.8,1.2,0.0,513,10.7,1
2025-05-17,dongri-buzurg,Dongri Buzurg Opencast,4800,4226,49.2,85.6,88.2,97.1,22.8,1.2,0.0,574,12.0,1
2025-05-18,dongri-buzurg,Dongri Buzurg Opencast,4800,4045,48.2,86.6,86.2,93.6,22.3,1.7,0.0,755,15.7,1
2025-05-19,dongri-buzurg,Dongri Buzurg Opencast,4800,4013,47.8,85.3,90.5,94.7,22.4,1.6,0.0,787,16.4,1
2025-05-20,dongri-buzurg,Dongri Buzurg Opencast,4800,4219,47.6,84.6,90.3,96.2,23.1,0.9,0.0,581,12.1,1
2025-05-21,dongri-buzurg,Dongri Buzurg Opencast,4800,4051,48.5,85.9,91.6,94.8,22.9,1.1,0.0,749,15.6,1
2025-05-22,dongri-buzurg,Dongri Buzurg Opencast,4800,3060,49.1,86.7,68.4,97.4,16.8,7.2,0.0,1740,36.2,1
2025-05-23,dongri-buzurg,Dongri Buzurg Opencast,4800,3980,47.4,85.4,88.3,96.2,22.6,1.4,0.0,820,17.1,1
2025-05-24,dongri-buzurg,Dongri Buzurg Opencast,4800,4343,48.7,86.9,94.5,97.2,23.3,0.7,0.0,457,9.5,0
2025-05-25,dongri-buzurg,Dongri Buzurg Opencast,4800,4170,48.6,85.5,88.9,98.1,23.0,1.0,0.0,630,13.1,1
2025-05-26,dongri-buzurg,Dongri Buzurg Opencast,4800,4211,49.8,88.2,91.4,94.6,23.3,0.7,0.0,589,12.3,1
2025-05-27,dongri-buzurg,Dongri Buzurg Opencast,4800,4390,48.7,86.8,91.4,96.4,23.0,1.0,0.0,410,8.5,0
2025-05-28,dongri-buzurg,Dongri Buzurg Opencast,4800,4136,48.1,86.9,87.9,97.2,22.1,1.9,0.0,664,13.8,1
2025-05-29,dongri-buzurg,Dongri Buzurg Opencast,4800,4167,49.4,85.6,92.8,95.9,22.6,1.4,0.0,633,13.2,1
2025-05-30,dongri-buzurg,Dongri Buzurg Opencast,4800,3930,48.8,86.3,88.6,91.3,22.4,1.6,0.0,870,18.1,1
2025-05-31,dongri-buzurg,Dongri Buzurg Opencast,4800,3859,47.7,85.1,91.9,92.4,22.7,1.3,0.0,941,19.6,1
2025-06-01,dongri-buzurg,Dongri Buzurg Opencast,4800,4068,47.5,85.7,89.7,95.2,22.8,1.2,0.0,732,15.2,1
2025-06-02,dongri-buzurg,Dongri Buzurg Opencast,4800,4040,49.2,88.3,88.1,93.8,22.1,1.9,0.0,760,15.8,1
2025-06-03,dongri-buzurg,Dongri Buzurg Opencast,4800,3838,49.5,87.1,92.0,92.9,22.1,1.9,0.0,962,20.0,1
2025-06-04,dongri-buzurg,Dongri Buzurg Opencast,4800,4048,48.4,86.7,89.7,95.9,22.7,1.3,0.0,752,15.7,1
2025-06-05,dongri-buzurg,Dongri Buzurg Opencast,4800,3710,48.5,85.7,90.6,91.0,22.2,1.8,0.0,1090,22.7,1
2025-06-06,dongri-buzurg,Dongri Buzurg Opencast,4800,4106,49.2,87.6,96.8,91.5,23.3,0.7,0.0,694,14.5,1
2025-06-07,dongri-buzurg,Dongri Buzurg Opencast,4800,4002,47.4,86.4,90.4,94.5,22.8,1.2,0.0,798,16.6,1
2025-06-08,dongri-buzurg,Dongri Buzurg Opencast,4800,4250,48.7,86.0,91.4,97.0,23.4,0.6,0.0,550,11.5,1
2025-06-09,dongri-buzurg,Dongri Buzurg Opencast,4800,3421,46.8,86.0,84.0,84.4,20.7,3.3,27.6,1379,28.7,1
2025-06-10,dongri-buzurg,Dongri Buzurg Opencast,4800,3657,48.0,85.1,86.0,89.2,21.7,2.3,14.5,1143,23.8,1
2025-06-11,dongri-buzurg,Dongri Buzurg Opencast,4800,4081,48.7,86.1,92.3,93.3,22.3,1.7,5.3,719,15.0,1
2025-06-12,dongri-buzurg,Dongri Buzurg Opencast,4800,3904,48.7,85.4,88.0,93.6,21.9,2.1,6.8,896,18.7,1
2025-06-13,dongri-buzurg,Dongri Buzurg Opencast,4800,3185,48.1,85.7,78.5,84.0,20.3,3.7,30.5,1615,33.6,1
2025-06-14,dongri-buzurg,Dongri Buzurg Opencast,4800,3436,48.4,86.5,84.7,85.7,21.5,2.5,27.0,1364,28.4,1
2025-06-15,dongri-buzurg,Dongri Buzurg Opencast,4800,3847,48.3,86.6,86.8,89.7,22.3,1.7,15.6,953,19.9,1
2025-06-16,dongri-buzurg,Dongri Buzurg Opencast,4800,3084,48.4,85.5,81.5,81.3,20.6,3.4,46.9,1716,35.8,1
2025-06-17,dongri-buzurg,Dongri Buzurg Opencast,4800,3233,49.4,87.5,81.1,82.4,20.0,4.0,35.2,1567,32.6,1
2025-06-18,dongri-buzurg,Dongri Buzurg Opencast,4800,3412,47.9,84.7,86.1,84.3,21.4,2.6,33.1,1388,28.9,1
2025-06-19,dongri-buzurg,Dongri Buzurg Opencast,4800,3722,48.6,85.5,87.4,92.4,21.8,2.2,8.7,1078,22.5,1
2025-06-20,dongri-buzurg,Dongri Buzurg Opencast,4800,2931,48.0,87.5,77.7,78.8,19.5,4.5,51.0,1869,38.9,1
2025-06-21,dongri-buzurg,Dongri Buzurg Opencast,4800,3271,47.9,85.9,84.5,82.2,20.4,3.6,41.7,1529,31.9,1
2025-06-22,dongri-buzurg,Dongri Buzurg Opencast,4800,3429,48.6,88.0,81.5,83.2,20.9,3.1,32.2,1371,28.6,1
2025-06-23,dongri-buzurg,Dongri Buzurg Opencast,4800,3635,48.7,86.4,85.2,87.1,21.4,2.6,24.6,1165,24.3,1
2025-06-24,dongri-buzurg,Dongri Buzurg Opencast,4800,3010,46.9,84.9,78.1,80.2,20.6,3.4,39.4,1790,37.3,1
2025-06-25,dongri-buzurg,Dongri Buzurg Opencast,4800,3591,48.4,85.5,84.2,90.1,21.0,3.0,27.6,1209,25.2,1
2025-06-26,dongri-buzurg,Dongri Buzurg Opencast,4800,3277,48.8,85.6,82.9,84.4,20.8,3.2,37.9,1523,31.7,1
2025-06-27,dongri-buzurg,Dongri Buzurg Opencast,4800,3618,48.1,86.8,83.3,87.5,20.9,3.1,24.6,1182,24.6,1
2025-06-28,dongri-buzurg,Dongri Buzurg Opencast,4800,3787,48.7,86.7,84.1,88.9,21.9,2.1,21.6,1013,21.1,1
2025-06-29,dongri-buzurg,Dongri Buzurg Opencast,4800,3242,48.4,86.1,86.4,82.3,20.8,3.2,40.8,1558,32.5,1
2025-06-30,dongri-buzurg,Dongri Buzurg Opencast,4800,3884,48.7,86.7,87.8,92.4,22.1,1.9,12.8,916,19.1,1
2025-07-01,dongri-buzurg,Dongri Buzurg Opencast,4800,2253,47.5,84.5,69.3,70.3,17.6,6.4,74.3,2547,53.1,1
2025-07-02,dongri-buzurg,Dongri Buzurg Opencast,4800,3518,47.9,87.5,80.8,84.9,21.3,2.7,27.1,1282,26.7,1
2025-07-03,dongri-buzurg,Dongri Buzurg Opencast,4800,2826,48.4,86.2,81.8,72.8,19.8,4.2,53.7,1974,41.1,1
2025-07-04,dongri-buzurg,Dongri Buzurg Opencast,4800,3171,48.8,86.8,82.5,80.3,20.3,3.7,52.8,1629,33.9,1
2025-07-05,dongri-buzurg,Dongri Buzurg Opencast,4800,2974,50.0,88.2,81.6,76.4,19.9,4.1,50.4,1826,38.0,1
2025-07-06,dongri-buzurg,Dongri Buzurg Opencast,4800,3163,48.5,85.7,81.2,84.6,20.2,3.8,39.5,1637,34.1,1
2025-07-07,dongri-buzurg,Dongri Buzurg Opencast,4800,3835,48.7,87.1,87.0,89.4,21.8,2.2,9.3,965,20.1,1
2025-07-08,dongri-buzurg,Dongri Buzurg Opencast,4800,1278,47.6,85.5,42.8,65.6,10.3,13.7,105.1,3522,73.4,1
2025-07-09,dongri-buzurg,Dongri Buzurg Opencast,4800,2703,44.9,84.1,76.0,77.4,18.5,5.5,62.4,2097,43.7,1
2025-07-10,dongri-buzurg,Dongri Buzurg Opencast,4800,3158,48.0,87.0,75.6,80.3,19.8,4.2,51.8,1642,34.2,1
2025-07-11,dongri-buzurg,Dongri Buzurg Opencast,4800,2607,49.7,87.9,73.3,72.5,18.2,5.8,77.7,2193,45.7,1
2025-07-12,dongri-buzurg,Dongri Buzurg Opencast,4800,2909,48.2,86.3,79.1,78.8,19.6,4.4,56.8,1891,39.4,1
2025-07-13,dongri-buzurg,Dongri Buzurg Opencast,4800,3506,48.7,87.4,84.8,84.5,21.2,2.8,28.8,1294,27.0,1
2025-07-14,dongri-buzurg,Dongri Buzurg Opencast,4800,2992,48.6,86.3,80.7,79.1,19.5,4.5,49.9,1808,37.7,1
2025-07-15,dongri-buzurg,Dongri Buzurg Opencast,4800,2434,48.2,85.0,71.3,74.2,18.0,6.0,70.6,2366,49.3,1
2025-07-16,dongri-buzurg,Dongri Buzurg Opencast,4800,3351,47.6,86.6,84.0,87.4,20.4,3.6,37.8,1449,30.2,1
2025-07-17,dongri-buzurg,Dongri Buzurg Opencast,4800,3300,48.7,85.3,84.6,81.6,21.0,3.0,35.7,1500,31.2,1
2025-07-18,dongri-buzurg,Dongri Buzurg Opencast,4800,3171,48.2,85.5,80.1,81.0,20.2,3.8,48.4,1629,33.9,1
2025-07-19,dongri-buzurg,Dongri Buzurg Opencast,4800,3484,47.5,85.3,86.2,87.2,20.8,3.2,37.0,1316,27.4,1
2025-07-20,dongri-buzurg,Dongri Buzurg Opencast,4800,3666,49.0,86.2,83.4,86.9,21.4,2.6,23.5,1134,23.6,1
2025-07-21,dongri-buzurg,Dongri Buzurg Opencast,4800,2239,48.8,87.4,69.6,68.3,17.0,7.0,85.2,2561,53.4,1
2025-07-22,dongri-buzurg,Dongri Buzurg Opencast,4800,1606,48.6,86.5,52.9,62.4,13.9,10.1,145.3,3194,66.5,1
2025-07-23,dongri-buzurg,Dongri Buzurg Opencast,4800,2858,47.8,86.2,79.7,76.6,20.1,3.9,51.5,1942,40.5,1
2025-07-24,dongri-buzurg,Dongri Buzurg Opencast,4800,3741,48.9,85.8,84.6,88.8,21.8,2.2,25.9,1059,22.1,1
2025-07-25,dongri-buzurg,Dongri Buzurg Opencast,4800,2719,49.5,88.5,72.3,74.0,18.6,5.4,67.8,2081,43.4,1
2025-07-26,dongri-buzurg,Dongri Buzurg Opencast,4800,3908,48.2,85.7,92.7,89.8,22.5,1.5,2.9,892,18.6,1
2025-07-27,dongri-buzurg,Dongri Buzurg Opencast,4800,4178,48.8,88.0,86.0,99.0,22.3,1.7,3.6,622,13.0,1
2025-07-28,dongri-buzurg,Dongri Buzurg Opencast,4800,1880,48.3,85.1,64.4,61.2,16.2,7.8,115.3,2920,60.8,1
2025-07-29,dongri-buzurg,Dongri Buzurg Opencast,4800,2435,47.7,84.5,71.5,74.9,17.7,6.3,79.0,2365,49.3,1
2025-07-30,dongri-buzurg,Dongri Buzurg Opencast,4800,1709,49.1,85.4,53.9,63.1,14.8,9.2,123.4,3091,64.4,1
2025-07-31,dongri-buzurg,Dongri Buzurg Opencast,4800,2787,48.2,86.7,72.7,76.0,18.7,5.3,77.4,2013,41.9,1
2025-08-01,dongri-buzurg,Dongri Buzurg Opencast,4800,2975,48.5,85.2,78.7,79.0,19.8,4.2,51.3,1825,38.0,1
2025-08-02,dongri-buzurg,Dongri Buzurg Opencast,4800,2476,47.2,85.2,72.5,71.8,18.1,5.9,65.6,2324,48.4,1
2025-08-03,dongri-buzurg,Dongri Buzurg Opencast,4800,3290,47.8,87.5,81.4,81.2,20.8,3.2,41.1,1510,31.5,1
2025-08-04,dongri-buzurg,Dongri Buzurg Opencast,4800,3705,48.2,85.3,85.1,87.0,22.0,2.0,8.8,1095,22.8,1
2025-08-05,dongri-buzurg,Dongri Buzurg Opencast,4800,3837,48.6,85.6,86.9,88.1,22.6,1.4,12.4,963,20.1,1
2025-08-06,dongri-buzurg,Dongri Buzurg Opencast,4800,3923,47.7,87.0,89.4,91.1,22.9,1.1,7.0,877,18.3,1
2025-08-07,dongri-buzurg,Dongri Buzurg Opencast,4800,3016,48.7,86.4,80.9,79.2,19.5,4.5,66.7,1784,37.2,1
2025-08-08,dongri-buzurg,Dongri Buzurg Opencast,4800,3705,48.9,86.5,91.5,86.6,22.0,2.0,18.1,1095,22.8,1
2025-08-09,dongri-buzurg,Dongri Buzurg Opencast,4800,1770,47.8,85.6,64.0,58.5,15.6,8.4,127.8,3030,63.1,1
2025-08-10,dongri-buzurg,Dongri Buzurg Opencast,4800,3139,49.6,86.3,77.2,80.7,20.1,3.9,54.6,1661,34.6,1
2025-08-11,dongri-buzurg,Dongri Buzurg Opencast,4800,1777,49.0,85.4,62.9,62.0,15.7,8.3,113.8,3023,63.0,1
2025-08-12,dongri-buzurg,Dongri Buzurg Opencast,4800,3823,49.0,87.7,90.6,91.1,22.2,1.8,16.5,977,20.4,1
2025-08-13,dongri-buzurg,Dongri Buzurg Opencast,4800,3220,48.5,87.3,79.8,83.8,20.4,3.6,47.7,1580,32.9,1
2025-08-14,dongri-buzurg,Dongri Buzurg Opencast,4800,2557,48.6,87.2,71.0,75.2,17.9,6.1,85.8,2243,46.7,1
2025-08-15,dongri-buzurg,Dongri Buzurg Opencast,4800,2795,48.7,85.4,78.7,78.5,19.4,4.6,44.9,2005,41.8,1
2025-08-16,dongri-buzurg,Dongri Buzurg Opencast,4800,2485,48.6,87.2,69.7,74.9,17.6,6.4,74.3,2315,48.2,1
2025-08-17,dongri-buzurg,Dongri Buzurg Opencast,4800,2859,48.0,87.3,77.2,78.0,18.8,5.2,59.0,1941,40.4,1
2025-08-18,dongri-buzurg,Dongri Buzurg Opencast,4800,3505,49.1,87.6,81.7,89.5,20.9,3.1,29.4,1295,27.0,1
2025-08-19,dongri-buzurg,Dongri Buzurg Opencast,4800,1975,49.1,87.9,57.1,64.3,15.6,8.4,111.3,2825,58.9,1
2025-08-20,dongri-buzurg,Dongri Buzurg Opencast,4800,2560,49.4,87.2,68.1,73.7,18.1,5.9,70.3,2240,46.7,1
2025-08-21,dongri-buzurg,Dongri Buzurg Opencast,4800,4129,48.9,87.4,92.8,92.7,22.4,1.6,11.4,671,14.0,1
2025-08-22,dongri-buzurg,Dongri Buzurg Opencast,4800,2281,49.4,88.1,68.5,69.4,16.5,7.5,99.1,2519,52.5,1
2025-08-23,dongri-buzurg,Dongri Buzurg Opencast,4800,3964,49.5,88.5,90.8,89.5,22.0,2.0,10.1,836,17.4,1
2025-08-24,dongri-buzurg,Dongri Buzurg Opencast,4800,2482,47.8,86.1,51.4,90.6,14.1,9.9,23.5,2318,48.3,1
2025-08-25,dongri-buzurg,Dongri Buzurg Opencast,4800,3484,48.3,84.9,84.1,88.0,20.9,3.1,22.3,1316,27.4,1
2025-08-26,dongri-buzurg,Dongri Buzurg Opencast,4800,3814,49.0,87.9,92.0,87.9,22.2,1.8,20.4,986,20.5,1
2025-08-27,dongri-buzurg,Dongri Buzurg Opencast,4800,3514,48.0,86.6,81.0,87.4,20.8,3.2,34.2,1286,26.8,1
2025-08-28,dongri-buzurg,Dongri Buzurg Opencast,4800,2944,47.2,84.8,75.8,82.6,19.1,4.9,49.2,1856,38.7,1
2025-08-29,dongri-buzurg,Dongri Buzurg Opencast,4800,3266,47.8,87.1,79.7,86.0,20.3,3.7,43.7,1534,32.0,1
2025-08-30,dongri-buzurg,Dongri Buzurg Opencast,4800,2222,48.8,87.2,66.2,66.6,17.3,6.7,98.2,2578,53.7,1
2025-08-31,dongri-buzurg,Dongri Buzurg Opencast,4800,2504,47.8,86.0,78.6,72.2,18.9,5.1,76.7,2296,47.8,1
2025-09-01,dongri-buzurg,Dongri Buzurg Opencast,4800,1851,49.5,86.2,63.1,61.9,15.6,8.4,114.1,2949,61.4,1
2025-09-02,dongri-buzurg,Dongri Buzurg Opencast,4800,3587,48.9,86.2,85.4,88.7,21.3,2.7,16.0,1213,25.3,1
2025-09-03,dongri-buzurg,Dongri Buzurg Opencast,4800,3764,47.8,86.1,82.9,90.8,21.8,2.2,19.5,1036,21.6,1
2025-09-04,dongri-buzurg,Dongri Buzurg Opencast,4800,3204,48.4,87.4,78.0,82.7,20.1,3.9,45.2,1596,33.2,1
2025-09-05,dongri-buzurg,Dongri Buzurg Opencast,4800,1791,48.9,86.3,58.7,62.0,15.1,8.9,115.5,3009,62.7,1
2025-09-06,dongri-buzurg,Dongri Buzurg Opencast,4800,3607,48.1,87.3,86.0,87.5,21.5,2.5,18.5,1193,24.9,1
2025-09-07,dongri-buzurg,Dongri Buzurg Opencast,4800,3262,49.5,85.6,84.7,83.1,20.5,3.5,36.7,1538,32.0,1
2025-09-08,dongri-buzurg,Dongri Buzurg Opencast,4800,3130,47.7,85.4,81.9,81.3,20.0,4.0,34.4,1670,34.8,1
2025-09-09,dongri-buzurg,Dongri Buzurg Opencast,4800,3725,48.7,87.4,86.1,87.5,21.3,2.7,34.6,1075,22.4,1
2025-09-10,dongri-buzurg,Dongri Buzurg Opencast,4800,2862,43.9,84.5,81.8,78.9,20.1,3.9,51.3,1938,40.4,1
2025-09-11,dongri-buzurg,Dongri Buzurg Opencast,4800,4132,48.6,86.0,94.5,93.6,22.7,1.3,4.2,668,13.9,1
2025-09-12,dongri-buzurg,Dongri Buzurg Opencast,4800,3788,47.6,86.4,89.6,90.1,21.6,2.4,15.6,1012,21.1,1
2025-09-13,dongri-buzurg,Dongri Buzurg Opencast,4800,3583,48.4,86.5,80.9,87.2,20.9,3.1,32.9,1217,25.4,1
2025-09-14,dongri-buzurg,Dongri Buzurg Opencast,4800,3901,48.6,86.3,87.7,93.7,21.6,2.4,10.0,899,18.7,1
2025-09-15,dongri-buzurg,Dongri Buzurg Opencast,4800,4124,48.6,88.0,85.9,95.2,22.2,1.8,5.6,676,14.1,1
2025-09-16,dongri-buzurg,Dongri Buzurg Opencast,4800,3513,48.4,87.5,86.0,83.2,21.6,2.4,13.9,1287,26.8,1
2025-09-17,dongri-buzurg,Dongri Buzurg Opencast,4800,3322,49.1,86.8,79.8,85.0,21.0,3.0,38.3,1478,30.8,1
2025-09-18,dongri-buzurg,Dongri Buzurg Opencast,4800,4110,48.1,86.3,85.1,96.9,22.3,1.7,0.0,690,14.4,1
2025-09-19,dongri-buzurg,Dongri Buzurg Opencast,4800,4230,47.8,86.3,93.9,95.3,22.7,1.3,0.0,570,11.9,1
2025-09-20,dongri-buzurg,Dongri Buzurg Opencast,4800,4392,48.3,87.6,91.3,96.5,23.3,0.7,0.0,408,8.5,0
2025-09-21,dongri-buzurg,Dongri Buzurg Opencast,4800,4101,48.9,86.1,91.9,93.3,22.5,1.5,0.0,699,14.6,1
2025-09-22,dongri-buzurg,Dongri Buzurg Opencast,4800,4394,49.1,87.9,93.7,95.7,23.3,0.7,0.0,406,8.5,0
2025-09-23,dongri-buzurg,Dongri Buzurg Opencast,4800,4160,47.9,86.1,85.4,95.0,22.3,1.7,0.0,640,13.3,1
2025-09-24,dongri-buzurg,Dongri Buzurg Opencast,4800,4359,48.3,86.4,91.2,97.7,22.8,1.2,0.0,441,9.2,0
2025-09-25,dongri-buzurg,Dongri Buzurg Opencast,4800,4060,47.9,86.9,90.4,90.8,22.8,1.2,0.0,740,15.4,1
2025-09-26,dongri-buzurg,Dongri Buzurg Opencast,4800,4045,48.3,87.0,88.7,93.2,23.1,0.9,0.0,755,15.7,1
2025-09-27,dongri-buzurg,Dongri Buzurg Opencast,4800,4283,47.3,85.9,91.7,96.2,22.7,1.3,0.0,517,10.8,1
2025-09-28,dongri-buzurg,Dongri Buzurg Opencast,4800,4134,48.0,87.1,88.9,92.8,22.8,1.2,0.0,666,13.9,1
2025-09-29,dongri-buzurg,Dongri Buzurg Opencast,4800,4446,48.2,87.2,91.3,98.6,23.0,1.0,0.0,354,7.4,0
2025-09-30,dongri-buzurg,Dongri Buzurg Opencast,4800,3921,48.7,86.0,89.7,94.1,22.2,1.8,0.0,879,18.3,1
2025-10-01,dongri-buzurg,Dongri Buzurg Opencast,4800,4298,48.4,87.4,94.3,94.6,22.8,1.2,0.0,502,10.5,1
2025-10-02,dongri-buzurg,Dongri Buzurg Opencast,4800,4210,48.4,85.8,92.4,96.7,22.7,1.3,0.0,590,12.3,1
2025-10-03,dongri-buzurg,Dongri Buzurg Opencast,4800,4560,47.8,87.6,96.6,97.2,23.4,0.6,0.0,240,5.0,0
2025-10-04,dongri-buzurg,Dongri Buzurg Opencast,4800,4204,49.4,87.7,94.6,95.1,23.0,1.0,0.0,596,12.4,1
2025-10-05,dongri-buzurg,Dongri Buzurg Opencast,4800,4322,48.5,86.8,97.1,93.0,23.5,0.5,0.0,478,10.0,1
2025-10-06,dongri-buzurg,Dongri Buzurg Opencast,4800,4214,49.3,85.9,95.0,94.6,23.0,1.0,0.0,586,12.2,1
2025-10-07,dongri-buzurg,Dongri Buzurg Opencast,4800,3862,50.0,87.2,86.6,88.4,22.6,1.4,0.0,938,19.5,1
2025-10-08,dongri-buzurg,Dongri Buzurg Opencast,4800,3923,48.7,87.2,91.3,93.3,22.2,1.8,0.0,877,18.3,1
2025-10-09,dongri-buzurg,Dongri Buzurg Opencast,4800,4080,47.5,87.2,87.5,94.8,22.9,1.1,0.0,720,15.0,1
2025-10-10,dongri-buzurg,Dongri Buzurg Opencast,4800,2825,48.6,86.5,61.3,93.7,15.7,8.3,0.0,1975,41.1,1
2025-10-11,dongri-buzurg,Dongri Buzurg Opencast,4800,4213,47.9,87.3,92.5,93.5,22.6,1.4,0.0,587,12.2,1
2025-10-12,dongri-buzurg,Dongri Buzurg Opencast,4800,4387,48.9,87.8,95.2,96.5,23.1,0.9,0.0,413,8.6,0
2025-10-13,dongri-buzurg,Dongri Buzurg Opencast,4800,4031,48.8,87.6,89.5,92.9,23.1,0.9,0.0,769,16.0,1
2025-10-14,dongri-buzurg,Dongri Buzurg Opencast,4800,4032,48.4,85.1,93.0,96.9,22.5,1.5,0.0,768,16.0,1
2025-10-15,dongri-buzurg,Dongri Buzurg Opencast,4800,4048,48.4,86.7,94.0,93.6,22.8,1.2,0.0,752,15.7,1
2025-10-16,dongri-buzurg,Dongri Buzurg Opencast,4800,4275,48.7,87.7,92.8,93.9,23.0,1.0,0.0,525,10.9,1
2025-10-17,dongri-buzurg,Dongri Buzurg Opencast,4800,4357,47.8,87.2,92.1,93.8,23.3,0.7,0.0,443,9.2,0
2025-10-18,dongri-buzurg,Dongri Buzurg Opencast,4800,4133,47.4,86.8,87.7,98.3,22.1,1.9,0.0,667,13.9,1
2025-10-19,dongri-buzurg,Dongri Buzurg Opencast,4800,4021,49.3,85.7,85.3,98.4,22.2,1.8,0.0,779,16.2,1
2025-10-20,dongri-buzurg,Dongri Buzurg Opencast,4800,4236,49.0,85.9,92.8,97.2,22.6,1.4,0.0,564,11.8,1
2025-10-21,dongri-buzurg,Dongri Buzurg Opencast,4800,4061,48.4,86.7,95.7,91.8,23.0,1.0,0.0,739,15.4,1
2025-10-22,dongri-buzurg,Dongri Buzurg Opencast,4800,4173,48.8,85.6,95.7,97.4,23.2,0.8,0.0,627,13.1,1
2025-10-23,dongri-buzurg,Dongri Buzurg Opencast,4800,4082,49.2,87.5,90.9,95.0,22.0,2.0,0.0,718,15.0,1
2025-10-24,dongri-buzurg,Dongri Buzurg Opencast,4800,4403,49.2,87.3,91.7,99.0,22.5,1.5,0.0,397,8.3,0
2025-10-25,dongri-buzurg,Dongri Buzurg Opencast,4800,4182,49.3,87.9,87.6,95.6,22.4,1.6,0.0,618,12.9,1
2025-10-26,dongri-buzurg,Dongri Buzurg Opencast,4800,4343,48.5,86.8,93.9,96.2,22.8,1.2,0.0,457,9.5,0
2025-10-27,dongri-buzurg,Dongri Buzurg Opencast,4800,3943,48.4,85.6,90.8,93.4,22.4,1.6,0.0,857,17.9,1
2025-10-28,dongri-buzurg,Dongri Buzurg Opencast,4800,4131,49.3,87.4,92.0,93.6,22.8,1.2,0.0,669,13.9,1
2025-10-29,dongri-buzurg,Dongri Buzurg Opencast,4800,4252,47.2,86.4,91.6,96.0,22.5,1.5,0.0,548,11.4,1
2025-10-30,dongri-buzurg,Dongri Buzurg Opencast,4800,4479,49.1,86.8,93.0,99.0,23.5,0.5,0.0,321,6.7,0
2025-10-31,dongri-buzurg,Dongri Buzurg Opencast,4800,4270,48.8,88.1,94.6,94.7,22.8,1.2,0.0,530,11.0,1
2025-11-01,dongri-buzurg,Dongri Buzurg Opencast,4800,3924,48.5,87.4,92.0,90.9,22.4,1.6,0.0,876,18.2,1
2025-11-02,dongri-buzurg,Dongri Buzurg Opencast,4800,4031,47.7,86.3,87.2,96.8,22.5,1.5,0.0,769,16.0,1
2025-11-03,dongri-buzurg,Dongri Buzurg Opencast,4800,3946,48.7,86.6,93.3,95.1,22.4,1.6,0.0,854,17.8,1
2025-11-04,dongri-buzurg,Dongri Buzurg Opencast,4800,3869,49.7,88.5,86.7,89.7,22.1,1.9,0.0,931,19.4,1
2025-11-05,dongri-buzurg,Dongri Buzurg Opencast,4800,3857,47.5,86.9,91.3,88.8,22.6,1.4,0.0,943,19.6,1
2025-11-06,dongri-buzurg,Dongri Buzurg Opencast,4800,3819,49.3,87.9,84.8,91.9,22.1,1.9,0.0,981,20.4,1
2025-11-07,dongri-buzurg,Dongri Buzurg Opencast,4800,4191,49.0,87.6,94.4,95.6,22.7,1.3,0.0,609,12.7,1
2025-11-08,dongri-buzurg,Dongri Buzurg Opencast,4800,4417,48.7,87.9,91.7,99.0,23.1,0.9,0.0,383,8.0,0
2025-11-09,dongri-buzurg,Dongri Buzurg Opencast,4800,4150,47.4,84.8,92.3,95.0,23.0,1.0,0.0,650,13.5,1
2025-11-10,dongri-buzurg,Dongri Buzurg Opencast,4800,4255,48.3,86.9,90.4,95.9,23.4,0.6,0.0,545,11.4,1
2025-11-11,dongri-buzurg,Dongri Buzurg Opencast,4800,4232,48.3,86.6,93.8,97.3,22.9,1.1,0.0,568,11.8,1
2025-11-12,dongri-buzurg,Dongri Buzurg Opencast,4800,3907,45.3,85.9,87.9,95.1,22.0,2.0,0.0,893,18.6,1
2025-11-13,dongri-buzurg,Dongri Buzurg Opencast,4800,4084,49.0,85.5,88.4,93.1,22.6,1.4,0.0,716,14.9,1
2025-11-14,dongri-buzurg,Dongri Buzurg Opencast,4800,4249,49.4,88.2,93.7,95.8,22.7,1.3,0.0,551,11.5,1
2025-11-15,dongri-buzurg,Dongri Buzurg Opencast,4800,4001,48.2,86.4,86.8,95.2,22.7,1.3,0.0,799,16.6,1
2025-11-16,dongri-buzurg,Dongri Buzurg Opencast,4800,3769,48.1,85.9,90.6,90.4,22.1,1.9,0.0,1031,21.5,1
2025-11-17,dongri-buzurg,Dongri Buzurg Opencast,4800,4055,48.0,86.9,86.2,91.8,22.5,1.5,0.0,745,15.5,1
2025-11-18,dongri-buzurg,Dongri Buzurg Opencast,4800,4001,48.5,86.0,86.0,93.1,22.1,1.9,0.0,799,16.6,1
2025-11-19,dongri-buzurg,Dongri Buzurg Opencast,4800,4334,49.0,87.9,92.9,95.1,23.3,0.7,0.0,466,9.7,0
2025-11-20,dongri-buzurg,Dongri Buzurg Opencast,4800,4057,47.7,86.2,89.0,94.9,22.1,1.9,0.0,743,15.5,1
2025-11-21,dongri-buzurg,Dongri Buzurg Opencast,4800,4121,47.5,87.0,88.9,93.2,23.2,0.8,0.0,679,14.1,1
2025-11-22,dongri-buzurg,Dongri Buzurg Opencast,4800,4133,48.1,86.3,96.0,96.7,23.2,0.8,0.0,667,13.9,1
2025-11-23,dongri-buzurg,Dongri Buzurg Opencast,4800,3936,48.9,86.2,85.2,96.5,22.1,1.9,0.0,864,18.0,1
2025-11-24,dongri-buzurg,Dongri Buzurg Opencast,4800,4190,48.8,85.6,92.7,96.0,22.7,1.3,0.0,610,12.7,1
2025-11-25,dongri-buzurg,Dongri Buzurg Opencast,4800,4076,48.2,87.3,90.3,93.9,23.2,0.8,0.0,724,15.1,1
2025-11-26,dongri-buzurg,Dongri Buzurg Opencast,4800,2872,48.3,85.1,60.3,97.6,16.2,7.8,0.0,1928,40.2,1
2025-11-27,dongri-buzurg,Dongri Buzurg Opencast,4800,3995,47.8,85.8,88.8,97.0,22.2,1.8,0.0,805,16.8,1
2025-11-28,dongri-buzurg,Dongri Buzurg Opencast,4800,4063,48.5,87.6,90.6,92.8,22.7,1.3,0.0,737,15.4,1
2025-11-29,dongri-buzurg,Dongri Buzurg Opencast,4800,4387,48.9,86.1,91.8,99.0,23.5,0.5,0.0,413,8.6,0
2025-11-30,dongri-buzurg,Dongri Buzurg Opencast,4800,4117,47.8,87.1,92.1,93.1,23.2,0.8,0.0,683,14.2,1
2025-12-01,dongri-buzurg,Dongri Buzurg Opencast,4800,3900,49.2,88.4,90.9,89.8,22.9,1.1,0.0,900,18.8,1
2025-12-02,dongri-buzurg,Dongri Buzurg Opencast,4800,4065,48.2,86.7,89.9,95.5,22.1,1.9,0.0,735,15.3,1
2025-12-03,dongri-buzurg,Dongri Buzurg Opencast,4800,4148,48.1,87.6,91.7,95.6,22.9,1.1,0.0,652,13.6,1
2025-12-04,dongri-buzurg,Dongri Buzurg Opencast,4800,3855,48.2,85.6,88.6,90.4,22.9,1.1,0.0,945,19.7,1
2025-12-05,dongri-buzurg,Dongri Buzurg Opencast,4800,4083,48.4,86.2,89.9,95.7,22.6,1.4,0.0,717,14.9,1
2025-12-06,dongri-buzurg,Dongri Buzurg Opencast,4800,4001,48.5,85.2,92.8,92.4,23.3,0.7,0.0,799,16.6,1
2025-12-07,dongri-buzurg,Dongri Buzurg Opencast,4800,4059,49.0,86.1,96.7,93.1,23.4,0.6,0.0,741,15.4,1
2025-12-08,dongri-buzurg,Dongri Buzurg Opencast,4800,4424,48.5,86.5,93.8,99.0,23.3,0.7,0.0,376,7.8,0
2025-12-09,dongri-buzurg,Dongri Buzurg Opencast,4800,4071,48.2,85.7,89.3,96.1,22.5,1.5,0.0,729,15.2,1
2025-12-10,dongri-buzurg,Dongri Buzurg Opencast,4800,4123,49.7,86.0,91.0,95.8,22.5,1.5,0.0,677,14.1,1
2025-12-11,dongri-buzurg,Dongri Buzurg Opencast,4800,4091,48.3,85.2,89.0,99.0,22.3,1.7,0.0,709,14.8,1
2025-12-12,dongri-buzurg,Dongri Buzurg Opencast,4800,4277,48.8,87.2,90.6,97.0,23.4,0.6,0.0,523,10.9,1
2025-12-13,dongri-buzurg,Dongri Buzurg Opencast,4800,4050,48.2,86.9,94.8,91.2,23.0,1.0,0.0,750,15.6,1
2025-12-14,dongri-buzurg,Dongri Buzurg Opencast,4800,4246,48.0,86.7,86.4,98.1,22.2,1.8,0.0,554,11.5,1
2025-12-15,dongri-buzurg,Dongri Buzurg Opencast,4800,3954,48.0,87.5,90.9,94.1,22.3,1.7,0.0,846,17.6,1
2025-12-16,dongri-buzurg,Dongri Buzurg Opencast,4800,3897,48.9,86.3,90.4,91.7,22.7,1.3,0.0,903,18.8,1
2025-12-17,dongri-buzurg,Dongri Buzurg Opencast,4800,4409,47.8,86.5,94.9,97.8,23.5,0.5,0.0,391,8.1,0
2025-12-18,dongri-buzurg,Dongri Buzurg Opencast,4800,4092,48.9,86.6,87.3,93.4,22.5,1.5,0.0,708,14.8,1
2025-12-19,dongri-buzurg,Dongri Buzurg Opencast,4800,4239,48.2,85.6,91.7,97.8,23.1,0.9,0.0,561,11.7,1
2025-12-20,dongri-buzurg,Dongri Buzurg Opencast,4800,4248,48.4,86.0,87.7,98.3,22.1,1.9,0.0,552,11.5,1
2025-12-21,dongri-buzurg,Dongri Buzurg Opencast,4800,4008,47.9,86.4,86.1,96.9,22.3,1.7,0.0,792,16.5,1
2025-12-22,dongri-buzurg,Dongri Buzurg Opencast,4800,3891,47.9,85.2,92.3,93.1,22.3,1.7,0.0,909,18.9,1
2025-12-23,dongri-buzurg,Dongri Buzurg Opencast,4800,4150,48.1,85.3,89.8,94.3,23.4,0.6,0.0,650,13.5,1
2025-12-24,dongri-buzurg,Dongri Buzurg Opencast,4800,4007,48.8,85.3,92.6,94.5,23.3,0.7,0.0,793,16.5,1
2025-12-25,dongri-buzurg,Dongri Buzurg Opencast,4800,4016,47.9,84.7,88.7,95.4,22.2,1.8,0.0,784,16.3,1
2025-12-26,dongri-buzurg,Dongri Buzurg Opencast,4800,4260,47.5,87.4,95.1,96.2,23.0,1.0,0.0,540,11.2,1
2025-12-27,dongri-buzurg,Dongri Buzurg Opencast,4800,4221,47.9,86.8,95.8,92.5,23.3,0.7,0.0,579,12.1,1
2025-12-28,dongri-buzurg,Dongri Buzurg Opencast,4800,4089,49.0,86.4,90.1,94.1,23.3,0.7,0.0,711,14.8,1
2025-12-29,dongri-buzurg,Dongri Buzurg Opencast,4800,4257,48.0,87.5,87.1,97.5,22.8,1.2,0.0,543,11.3,1
2025-12-30,dongri-buzurg,Dongri Buzurg Opencast,4800,3879,48.5,85.2,86.3,90.0,22.4,1.6,0.0,921,19.2,1
2025-12-31,dongri-buzurg,Dongri Buzurg Opencast,4800,4339,48.6,87.1,92.6,98.2,23.0,1.0,0.0,461,9.6,0
2026-01-01,dongri-buzurg,Dongri Buzurg Opencast,4800,4197,48.6,87.9,93.3,94.9,23.4,0.6,0.0,603,12.6,1
2026-01-02,dongri-buzurg,Dongri Buzurg Opencast,4800,3734,47.7,86.2,87.0,88.9,22.3,1.7,0.0,1066,22.2,1
2026-01-03,dongri-buzurg,Dongri Buzurg Opencast,4800,4085,48.5,85.4,88.8,92.3,23.1,0.9,0.0,715,14.9,1
2026-01-04,dongri-buzurg,Dongri Buzurg Opencast,4800,3934,48.5,85.6,90.4,96.1,22.1,1.9,0.0,866,18.0,1
2026-01-05,dongri-buzurg,Dongri Buzurg Opencast,4800,4061,49.5,87.1,91.4,92.7,22.1,1.9,0.0,739,15.4,1
2026-01-06,dongri-buzurg,Dongri Buzurg Opencast,4800,4094,47.9,84.7,92.9,94.0,22.6,1.4,0.0,706,14.7,1
2026-01-07,dongri-buzurg,Dongri Buzurg Opencast,4800,4084,47.2,86.5,93.6,91.7,22.6,1.4,0.0,716,14.9,1
2026-01-08,dongri-buzurg,Dongri Buzurg Opencast,4800,4142,47.6,85.6,89.0,97.7,23.1,0.9,0.0,658,13.7,1
2026-01-09,dongri-buzurg,Dongri Buzurg Opencast,4800,4077,48.7,86.4,94.0,90.3,22.9,1.1,0.0,723,15.1,1
2026-01-10,dongri-buzurg,Dongri Buzurg Opencast,4800,4110,48.1,86.5,89.0,95.5,23.0,1.0,0.0,690,14.4,1
2026-01-11,dongri-buzurg,Dongri Buzurg Opencast,4800,3997,49.0,87.3,91.3,93.1,22.3,1.7,0.0,803,16.7,1
2026-01-12,dongri-buzurg,Dongri Buzurg Opencast,4800,2911,48.3,85.2,63.8,92.6,16.2,7.8,0.0,1889,39.4,1
2026-01-13,dongri-buzurg,Dongri Buzurg Opencast,4800,4155,48.5,87.0,92.9,97.4,22.3,1.7,0.0,645,13.4,1
2026-01-14,dongri-buzurg,Dongri Buzurg Opencast,4800,4054,44.8,83.4,95.7,91.7,23.4,0.6,0.0,746,15.5,1
2026-01-15,dongri-buzurg,Dongri Buzurg Opencast,4800,4186,48.5,87.1,94.9,95.9,23.2,0.8,0.0,614,12.8,1
2026-01-16,dongri-buzurg,Dongri Buzurg Opencast,4800,4178,49.0,88.2,87.9,95.5,22.9,1.1,0.0,622,13.0,1
2026-01-17,dongri-buzurg,Dongri Buzurg Opencast,4800,4128,48.6,86.0,90.2,93.9,22.9,1.1,0.0,672,14.0,1
2026-01-18,dongri-buzurg,Dongri Buzurg Opencast,4800,4151,48.0,86.3,89.5,94.6,23.3,0.7,0.0,649,13.5,1
2026-01-19,dongri-buzurg,Dongri Buzurg Opencast,4800,3698,48.5,86.0,86.0,90.1,22.3,1.7,0.0,1102,23.0,1
2026-01-20,dongri-buzurg,Dongri Buzurg Opencast,4800,4309,48.7,88.1,89.6,93.7,23.2,0.8,0.0,491,10.2,1
2026-01-21,dongri-buzurg,Dongri Buzurg Opencast,4800,4076,48.5,86.4,90.0,94.5,22.3,1.7,0.0,724,15.1,1
2026-01-22,dongri-buzurg,Dongri Buzurg Opencast,4800,4096,48.9,86.3,87.8,95.1,22.9,1.1,0.0,704,14.7,1
2026-01-23,dongri-buzurg,Dongri Buzurg Opencast,4800,4135,49.1,87.8,90.0,94.0,22.5,1.5,0.0,665,13.9,1
2026-01-24,dongri-buzurg,Dongri Buzurg Opencast,4800,4264,47.2,84.7,89.0,98.0,22.8,1.2,0.0,536,11.2,1
2026-01-25,dongri-buzurg,Dongri Buzurg Opencast,4800,3907,47.7,85.0,85.4,95.4,22.1,1.9,0.0,893,18.6,1
2026-01-26,dongri-buzurg,Dongri Buzurg Opencast,4800,4092,48.4,87.2,90.3,92.0,23.5,0.5,0.0,708,14.8,1
2026-01-27,dongri-buzurg,Dongri Buzurg Opencast,4800,4169,48.9,87.2,86.5,95.3,22.5,1.5,0.0,631,13.1,1
2026-01-28,dongri-buzurg,Dongri Buzurg Opencast,4800,4117,48.2,86.7,90.1,96.1,22.3,1.7,0.0,683,14.2,1
2026-01-29,dongri-buzurg,Dongri Buzurg Opencast,4800,4042,48.1,86.9,89.8,93.1,23.1,0.9,0.0,758,15.8,1
2026-01-30,dongri-buzurg,Dongri Buzurg Opencast,4800,4192,48.8,85.9,94.6,94.0,23.4,0.6,0.0,608,12.7,1
2026-01-31,dongri-buzurg,Dongri Buzurg Opencast,4800,4187,50.0,87.7,89.6,94.6,23.4,0.6,0.0,613,12.8,1
2026-02-01,dongri-buzurg,Dongri Buzurg Opencast,4800,4030,47.5,84.9,90.6,96.6,22.6,1.4,0.0,770,16.0,1
2026-02-02,dongri-buzurg,Dongri Buzurg Opencast,4800,4104,48.8,86.2,89.8,99.0,22.3,1.7,0.0,696,14.5,1
2026-02-03,dongri-buzurg,Dongri Buzurg Opencast,4800,4539,48.1,86.3,96.3,98.6,23.5,0.5,0.0,261,5.4,0
2026-02-04,dongri-buzurg,Dongri Buzurg Opencast,4800,4036,49.0,85.9,94.0,94.9,22.8,1.2,0.0,764,15.9,1
2026-02-05,dongri-buzurg,Dongri Buzurg Opencast,4800,4074,48.6,86.3,91.9,99.0,22.3,1.7,0.0,726,15.1,1
2026-02-06,dongri-buzurg,Dongri Buzurg Opencast,4800,3992,48.3,86.0,92.4,94.1,23.0,1.0,0.0,808,16.8,1
2026-02-07,dongri-buzurg,Dongri Buzurg Opencast,4800,4014,47.7,85.3,89.3,95.7,22.5,1.5,0.0,786,16.4,1
2026-02-08,dongri-buzurg,Dongri Buzurg Opencast,4800,3987,46.9,85.1,93.6,93.4,22.5,1.5,0.0,813,16.9,1
2026-02-09,dongri-buzurg,Dongri Buzurg Opencast,4800,4355,48.8,86.4,94.2,95.6,23.3,0.7,0.0,445,9.3,0
2026-02-10,dongri-buzurg,Dongri Buzurg Opencast,4800,4273,48.3,85.0,96.3,96.0,23.5,0.5,0.0,527,11.0,1
2026-02-11,dongri-buzurg,Dongri Buzurg Opencast,4800,4118,48.3,85.1,89.7,96.2,22.9,1.1,0.0,682,14.2,1
2026-02-12,dongri-buzurg,Dongri Buzurg Opencast,4800,4137,48.5,85.9,92.4,97.2,22.3,1.7,0.0,663,13.8,1
2026-02-13,dongri-buzurg,Dongri Buzurg Opencast,4800,3906,47.9,86.2,89.2,95.2,22.2,1.8,0.0,894,18.6,1
2026-02-14,dongri-buzurg,Dongri Buzurg Opencast,4800,4111,48.4,85.9,92.6,96.0,23.1,0.9,0.0,689,14.4,1
2026-02-15,dongri-buzurg,Dongri Buzurg Opencast,4800,4361,48.7,87.7,88.8,96.5,22.6,1.4,0.0,439,9.1,0
2026-02-16,dongri-buzurg,Dongri Buzurg Opencast,4800,3835,49.0,86.0,86.3,93.1,22.1,1.9,0.0,965,20.1,1
2026-02-17,dongri-buzurg,Dongri Buzurg Opencast,4800,4260,48.8,85.5,89.4,98.3,23.3,0.7,0.0,540,11.2,1
2026-02-18,dongri-buzurg,Dongri Buzurg Opencast,4800,3833,49.3,86.3,91.2,87.9,23.0,1.0,0.0,967,20.1,1
2026-02-19,dongri-buzurg,Dongri Buzurg Opencast,4800,4324,49.1,87.0,90.6,97.7,23.4,0.6,0.0,476,9.9,0
2026-02-20,dongri-buzurg,Dongri Buzurg Opencast,4800,4322,48.5,87.7,89.4,97.5,22.9,1.1,0.0,478,10.0,1
2026-02-21,dongri-buzurg,Dongri Buzurg Opencast,4800,4149,48.9,87.0,92.7,93.2,22.7,1.3,0.0,651,13.6,1
2026-02-22,dongri-buzurg,Dongri Buzurg Opencast,4800,3947,49.3,86.8,89.7,90.7,22.7,1.3,0.0,853,17.8,1
2026-02-23,dongri-buzurg,Dongri Buzurg Opencast,4800,4249,48.2,85.5,93.5,96.1,22.7,1.3,0.0,551,11.5,1
2026-02-24,dongri-buzurg,Dongri Buzurg Opencast,4800,3867,48.3,85.1,93.7,92.6,22.7,1.3,0.0,933,19.4,1
2026-02-25,dongri-buzurg,Dongri Buzurg Opencast,4800,3827,47.7,87.0,89.3,90.7,22.3,1.7,0.0,973,20.3,1
2026-02-26,dongri-buzurg,Dongri Buzurg Opencast,4800,4195,47.9,84.8,88.9,95.8,22.7,1.3,0.0,605,12.6,1
2026-02-27,dongri-buzurg,Dongri Buzurg Opencast,4800,4148,48.3,85.0,88.7,93.6,23.0,1.0,0.0,652,13.6,1
2026-02-28,dongri-buzurg,Dongri Buzurg Opencast,4800,3145,48.9,88.1,67.3,94.7,17.0,7.0,0.0,1655,34.5,1
2026-03-01,dongri-buzurg,Dongri Buzurg Opencast,4800,4297,48.2,86.5,87.2,99.0,22.2,1.8,0.0,503,10.5,1
2026-03-02,dongri-buzurg,Dongri Buzurg Opencast,4800,4268,47.9,85.6,95.9,95.2,23.1,0.9,0.0,532,11.1,1
2026-03-03,dongri-buzurg,Dongri Buzurg Opencast,4800,3951,48.7,85.4,90.0,95.9,22.1,1.9,0.0,849,17.7,1
2026-03-04,dongri-buzurg,Dongri Buzurg Opencast,4800,4007,49.5,86.6,94.7,93.9,23.1,0.9,0.0,793,16.5,1
2026-03-05,dongri-buzurg,Dongri Buzurg Opencast,4800,4078,47.1,84.3,93.3,94.2,23.0,1.0,0.0,722,15.0,1
2026-03-06,dongri-buzurg,Dongri Buzurg Opencast,4800,4285,48.4,85.7,95.1,97.6,23.0,1.0,0.0,515,10.7,1
2026-03-07,dongri-buzurg,Dongri Buzurg Opencast,4800,4153,48.8,87.3,90.2,91.9,22.7,1.3,0.0,647,13.5,1
2026-03-08,dongri-buzurg,Dongri Buzurg Opencast,4800,4385,48.6,87.6,93.1,94.0,23.3,0.7,0.0,415,8.6,0
2026-03-09,dongri-buzurg,Dongri Buzurg Opencast,4800,3786,48.4,86.6,92.7,89.3,22.5,1.5,0.0,1014,21.1,1
2026-03-10,dongri-buzurg,Dongri Buzurg Opencast,4800,3952,49.0,85.4,92.7,93.7,22.3,1.7,0.0,848,17.7,1
2026-03-11,dongri-buzurg,Dongri Buzurg Opencast,4800,3895,48.4,86.0,91.4,93.5,22.0,2.0,0.0,905,18.9,1
2026-03-12,dongri-buzurg,Dongri Buzurg Opencast,4800,4107,47.5,87.2,89.4,95.5,22.8,1.2,0.0,693,14.4,1
2026-03-13,dongri-buzurg,Dongri Buzurg Opencast,4800,4106,48.9,85.7,92.4,93.0,22.6,1.4,0.0,694,14.5,1
2026-03-14,dongri-buzurg,Dongri Buzurg Opencast,4800,4089,48.1,85.8,95.4,91.9,23.4,0.6,0.0,711,14.8,1
2026-03-15,dongri-buzurg,Dongri Buzurg Opencast,4800,4323,48.0,86.9,90.9,99.0,22.8,1.2,0.0,477,9.9,0
2026-03-16,dongri-buzurg,Dongri Buzurg Opencast,4800,4227,48.6,86.6,95.5,95.7,23.0,1.0,0.0,573,11.9,1
2026-03-17,dongri-buzurg,Dongri Buzurg Opencast,4800,4137,48.9,85.7,90.7,95.9,22.8,1.2,0.0,663,13.8,1
2026-03-18,dongri-buzurg,Dongri Buzurg Opencast,4800,4275,44.2,83.4,89.5,99.0,23.2,0.8,0.0,525,10.9,1
2026-03-19,dongri-buzurg,Dongri Buzurg Opencast,4800,4189,48.7,86.9,93.3,92.6,23.4,0.6,0.0,611,12.7,1
2026-03-20,dongri-buzurg,Dongri Buzurg Opencast,4800,3788,48.3,85.8,87.2,91.9,22.0,2.0,0.0,1012,21.1,1
2026-03-21,dongri-buzurg,Dongri Buzurg Opencast,4800,4354,47.9,86.0,91.4,99.0,23.5,0.5,0.0,446,9.3,0
2026-03-22,dongri-buzurg,Dongri Buzurg Opencast,4800,4103,49.0,86.6,92.0,92.2,23.4,0.6,0.0,697,14.5,1
2026-03-23,dongri-buzurg,Dongri Buzurg Opencast,4800,4014,47.8,85.8,90.3,96.7,22.0,2.0,0.0,786,16.4,1
2026-03-24,dongri-buzurg,Dongri Buzurg Opencast,4800,4145,48.2,86.9,90.7,96.8,22.8,1.2,0.0,655,13.6,1
2026-03-25,dongri-buzurg,Dongri Buzurg Opencast,4800,4007,48.9,87.0,90.6,92.8,22.5,1.5,0.0,793,16.5,1
2026-03-26,dongri-buzurg,Dongri Buzurg Opencast,4800,4061,48.1,86.9,88.4,94.2,22.5,1.5,0.0,739,15.4,1
2026-03-27,dongri-buzurg,Dongri Buzurg Opencast,4800,4297,48.6,87.7,94.4,94.6,23.2,0.8,0.0,503,10.5,1
2026-03-28,dongri-buzurg,Dongri Buzurg Opencast,4800,4122,48.0,86.0,90.2,95.9,23.0,1.0,0.0,678,14.1,1
2026-03-29,dongri-buzurg,Dongri Buzurg Opencast,4800,4225,47.9,85.8,92.9,95.2,22.8,1.2,0.0,575,12.0,1
2026-03-30,dongri-buzurg,Dongri Buzurg Opencast,4800,4045,49.5,87.2,94.6,91.3,23.2,0.8,0.0,755,15.7,1
2026-03-31,dongri-buzurg,Dongri Buzurg Opencast,4800,3993,47.6,85.5,88.7,91.5,22.9,1.1,0.0,807,16.8,1
2026-04-01,dongri-buzurg,Dongri Buzurg Opencast,4800,4017,49.2,86.4,91.4,95.1,22.9,1.1,0.0,783,16.3,1
2026-04-02,dongri-buzurg,Dongri Buzurg Opencast,4800,3974,48.1,86.3,93.6,90.0,23.3,0.7,0.0,826,17.2,1
2026-04-03,dongri-buzurg,Dongri Buzurg Opencast,4800,4185,48.4,87.6,87.7,96.3,22.6,1.4,0.0,615,12.8,1
2026-04-04,dongri-buzurg,Dongri Buzurg Opencast,4800,4234,48.6,85.5,96.9,97.7,23.4,0.6,0.0,566,11.8,1
2026-04-05,dongri-buzurg,Dongri Buzurg Opencast,4800,4503,48.6,86.4,96.0,98.1,23.3,0.7,0.0,297,6.2,0
2026-04-06,dongri-buzurg,Dongri Buzurg Opencast,4800,3886,47.5,84.4,85.4,97.5,22.1,1.9,0.0,914,19.0,1
2026-04-07,dongri-buzurg,Dongri Buzurg Opencast,4800,4160,48.7,85.8,94.3,98.0,23.1,0.9,0.0,640,13.3,1
2026-04-08,dongri-buzurg,Dongri Buzurg Opencast,4800,4257,48.7,86.3,90.5,99.0,22.4,1.6,0.0,543,11.3,1
2026-04-09,dongri-buzurg,Dongri Buzurg Opencast,4800,4156,49.0,87.6,96.5,91.7,23.4,0.6,0.0,644,13.4,1
2026-04-10,dongri-buzurg,Dongri Buzurg Opencast,4800,4220,48.9,87.1,92.6,97.4,23.0,1.0,0.0,580,12.1,1
2026-04-11,dongri-buzurg,Dongri Buzurg Opencast,4800,4116,48.5,85.7,96.3,95.3,23.2,0.8,0.0,684,14.2,1
2026-04-12,dongri-buzurg,Dongri Buzurg Opencast,4800,4235,48.6,86.7,90.1,95.6,22.9,1.1,0.0,565,11.8,1
2026-04-13,dongri-buzurg,Dongri Buzurg Opencast,4800,4118,47.7,85.3,88.1,95.1,22.7,1.3,0.0,682,14.2,1
2026-04-14,dongri-buzurg,Dongri Buzurg Opencast,4800,4220,49.6,88.5,85.1,95.0,22.2,1.8,0.0,580,12.1,1
2026-04-15,dongri-buzurg,Dongri Buzurg Opencast,4800,4242,47.2,87.2,91.1,96.7,23.3,0.7,0.0,558,11.6,1
2026-04-16,dongri-buzurg,Dongri Buzurg Opencast,4800,2832,48.6,86.9,60.9,96.1,15.9,8.1,0.0,1968,41.0,1
2026-04-17,dongri-buzurg,Dongri Buzurg Opencast,4800,4211,48.7,86.6,89.6,99.0,22.9,1.1,0.0,589,12.3,1
2026-04-18,dongri-buzurg,Dongri Buzurg Opencast,4800,3945,49.0,85.3,91.6,96.2,22.2,1.8,0.0,855,17.8,1
2026-04-19,dongri-buzurg,Dongri Buzurg Opencast,4800,4078,48.8,87.2,86.9,92.5,22.6,1.4,0.0,722,15.0,1
2026-04-20,dongri-buzurg,Dongri Buzurg Opencast,4800,4233,49.2,87.9,94.2,91.3,23.2,0.8,0.0,567,11.8,1
2026-04-21,dongri-buzurg,Dongri Buzurg Opencast,4800,4030,47.5,84.5,89.9,94.2,23.0,1.0,0.0,770,16.0,1
2026-04-22,dongri-buzurg,Dongri Buzurg Opencast,4800,4053,48.6,86.1,89.6,92.1,22.5,1.5,0.0,747,15.6,1
2026-04-23,dongri-buzurg,Dongri Buzurg Opencast,4800,4340,48.7,87.1,90.2,95.6,22.8,1.2,0.0,460,9.6,0
2026-04-24,dongri-buzurg,Dongri Buzurg Opencast,4800,4140,48.3,87.8,93.7,94.7,22.6,1.4,0.0,660,13.8,1
2026-04-25,dongri-buzurg,Dongri Buzurg Opencast,4800,3956,48.2,86.3,91.6,90.9,23.3,0.7,0.0,844,17.6,1
2026-04-26,dongri-buzurg,Dongri Buzurg Opencast,4800,4183,48.6,85.6,96.5,93.2,23.3,0.7,0.0,617,12.9,1
2026-04-27,dongri-buzurg,Dongri Buzurg Opencast,4800,4372,49.2,88.3,89.9,97.4,22.8,1.2,0.0,428,8.9,0
2026-04-28,dongri-buzurg,Dongri Buzurg Opencast,4800,4024,48.5,85.9,91.1,89.4,23.1,0.9,0.0,776,16.2,1
2026-04-29,dongri-buzurg,Dongri Buzurg Opencast,4800,4117,49.4,87.0,88.3,95.9,22.2,1.8,0.0,683,14.2,1
2026-04-30,dongri-buzurg,Dongri Buzurg Opencast,4800,4361,48.9,85.9,94.3,99.0,22.8,1.2,0.0,439,9.1,0
2026-05-01,dongri-buzurg,Dongri Buzurg Opencast,4800,4409,48.2,87.1,90.5,97.2,23.4,0.6,0.0,391,8.1,0
2026-05-02,dongri-buzurg,Dongri Buzurg Opencast,4800,4199,49.5,87.8,91.0,92.9,22.5,1.5,0.0,601,12.5,1
2026-05-03,dongri-buzurg,Dongri Buzurg Opencast,4800,4194,49.3,86.8,97.3,91.7,23.4,0.6,0.0,606,12.6,1
2026-05-04,dongri-buzurg,Dongri Buzurg Opencast,4800,3852,48.1,84.9,94.4,91.8,22.8,1.2,0.0,948,19.8,1
2026-05-05,dongri-buzurg,Dongri Buzurg Opencast,4800,4300,48.5,88.0,87.1,95.7,22.7,1.3,0.0,500,10.4,1
2026-05-06,dongri-buzurg,Dongri Buzurg Opencast,4800,4101,48.4,87.5,90.4,96.8,22.7,1.3,0.0,699,14.6,1
2026-05-07,dongri-buzurg,Dongri Buzurg Opencast,4800,3889,48.1,85.8,90.4,95.6,22.1,1.9,0.0,911,19.0,1
2026-05-08,dongri-buzurg,Dongri Buzurg Opencast,4800,4114,48.1,86.0,92.1,96.3,23.0,1.0,0.0,686,14.3,1
2026-05-09,dongri-buzurg,Dongri Buzurg Opencast,4800,4356,47.7,87.1,91.6,97.6,23.3,0.7,0.0,444,9.2,0
2026-05-10,dongri-buzurg,Dongri Buzurg Opencast,4800,4031,49.0,87.7,85.4,92.9,22.2,1.8,0.0,769,16.0,1
2026-05-11,dongri-buzurg,Dongri Buzurg Opencast,4800,4234,48.0,86.9,88.8,98.8,22.5,1.5,0.0,566,11.8,1
2026-05-12,dongri-buzurg,Dongri Buzurg Opencast,4800,4082,49.6,87.7,91.3,95.1,22.4,1.6,0.0,718,15.0,1
2026-05-13,dongri-buzurg,Dongri Buzurg Opencast,4800,4011,48.2,86.5,88.4,97.7,22.2,1.8,0.0,789,16.4,1
2026-05-14,dongri-buzurg,Dongri Buzurg Opencast,4800,3791,48.4,86.2,91.9,89.7,22.1,1.9,0.0,1009,21.0,1
2026-05-15,dongri-buzurg,Dongri Buzurg Opencast,4800,4064,48.0,84.9,93.3,99.0,22.4,1.6,0.0,736,15.3,1
2025-01-01,gumgaon,Gumgaon Incline Mine,2800,2197,38.4,85.3,91.3,87.2,23.3,0.7,0.0,603,21.5,1
2025-01-02,gumgaon,Gumgaon Incline Mine,2800,2375,38.0,86.9,92.5,88.6,23.2,0.8,0.0,425,15.2,1
2025-01-03,gumgaon,Gumgaon Incline Mine,2800,2134,39.1,86.1,92.1,84.2,22.9,1.1,0.0,666,23.8,1
2025-01-04,gumgaon,Gumgaon Incline Mine,2800,2258,38.9,87.6,93.8,88.6,22.7,1.3,0.0,542,19.4,1
2025-01-05,gumgaon,Gumgaon Incline Mine,2800,2344,38.0,85.0,90.7,94.6,22.5,1.5,0.0,456,16.3,1
2025-01-06,gumgaon,Gumgaon Incline Mine,2800,2177,38.2,85.3,88.0,88.8,22.3,1.7,0.0,623,22.2,1
2025-01-07,gumgaon,Gumgaon Incline Mine,2800,2356,39.0,87.0,92.3,91.5,23.1,0.9,0.0,444,15.9,1
2025-01-08,gumgaon,Gumgaon Incline Mine,2800,2363,38.4,87.9,95.9,88.3,23.4,0.6,0.0,437,15.6,1
2025-01-09,gumgaon,Gumgaon Incline Mine,2800,2343,37.8,87.4,91.2,85.8,23.5,0.5,0.0,457,16.3,1
2025-01-10,gumgaon,Gumgaon Incline Mine,2800,2306,39.7,86.7,90.7,94.7,22.5,1.5,0.0,494,17.6,1
2025-01-11,gumgaon,Gumgaon Incline Mine,2800,2248,37.5,84.9,91.7,94.4,22.2,1.8,0.0,552,19.7,1
2025-01-12,gumgaon,Gumgaon Incline Mine,2800,2208,37.6,85.0,93.1,86.8,23.3,0.7,0.0,592,21.1,1
2025-01-13,gumgaon,Gumgaon Incline Mine,2800,2282,39.1,85.6,92.9,90.2,22.8,1.2,0.0,518,18.5,1
2025-01-14,gumgaon,Gumgaon Incline Mine,2800,2453,38.2,87.4,89.6,91.1,23.4,0.6,0.0,347,12.4,1
2025-01-15,gumgaon,Gumgaon Incline Mine,2800,2294,38.6,87.9,91.1,91.6,22.9,1.1,0.0,506,18.1,1
2025-01-16,gumgaon,Gumgaon Incline Mine,2800,2290,38.8,86.2,93.8,87.1,23.3,0.7,0.0,510,18.2,1
2025-01-17,gumgaon,Gumgaon Incline Mine,2800,2316,38.3,87.3,86.3,90.6,22.2,1.8,0.0,484,17.3,1
2025-01-18,gumgaon,Gumgaon Incline Mine,2800,2206,39.2,86.8,95.3,84.8,23.1,0.9,0.0,594,21.2,1
2025-01-19,gumgaon,Gumgaon Incline Mine,2800,2097,38.4,87.4,86.5,83.4,22.5,1.5,0.0,703,25.1,1
2025-01-20,gumgaon,Gumgaon Incline Mine,2800,2182,39.1,85.4,89.9,92.5,22.1,1.9,0.0,618,22.1,1
2025-01-21,gumgaon,Gumgaon Incline Mine,2800,2445,38.8,88.0,91.7,94.1,22.3,1.7,0.0,355,12.7,1
2025-01-22,gumgaon,Gumgaon Incline Mine,2800,2172,38.0,86.8,93.9,88.8,22.6,1.4,0.0,628,22.4,1
2025-01-23,gumgaon,Gumgaon Incline Mine,2800,2223,38.9,87.7,88.0,86.4,22.1,1.9,0.0,577,20.6,1
2025-01-24,gumgaon,Gumgaon Incline Mine,2800,2311,39.2,86.3,95.0,91.3,23.2,0.8,0.0,489,17.5,1
2025-01-25,gumgaon,Gumgaon Incline Mine,2800,2310,39.0,85.7,88.7,90.7,22.8,1.2,0.0,490,17.5,1
2025-01-26,gumgaon,Gumgaon Incline Mine,2800,2259,37.9,87.0,94.9,86.7,23.3,0.7,0.0,541,19.3,1
2025-01-27,gumgaon,Gumgaon Incline Mine,2800,2228,38.3,85.1,93.0,89.8,22.5,1.5,0.0,572,20.4,1
2025-01-28,gumgaon,Gumgaon Incline Mine,2800,2158,39.1,85.8,93.4,87.0,22.5,1.5,0.0,642,22.9,1
2025-01-29,gumgaon,Gumgaon Incline Mine,2800,2228,37.9,85.7,89.1,90.7,22.3,1.7,0.0,572,20.4,1
2025-01-30,gumgaon,Gumgaon Incline Mine,2800,2297,38.6,87.3,89.6,92.1,22.3,1.7,0.0,503,18.0,1
2025-01-31,gumgaon,Gumgaon Incline Mine,2800,2156,37.7,85.5,90.1,89.3,22.3,1.7,0.0,644,23.0,1
2025-02-01,gumgaon,Gumgaon Incline Mine,2800,2375,38.7,87.0,89.4,88.7,23.1,0.9,0.0,425,15.2,1
2025-02-02,gumgaon,Gumgaon Incline Mine,2800,2401,39.7,88.6,91.4,87.9,23.3,0.7,0.0,399,14.2,1
2025-02-03,gumgaon,Gumgaon Incline Mine,2800,2143,38.5,85.5,86.5,88.6,22.1,1.9,0.0,657,23.5,1
2025-02-04,gumgaon,Gumgaon Incline Mine,2800,2320,37.6,86.6,89.5,88.7,22.7,1.3,0.0,480,17.1,1
2025-02-05,gumgaon,Gumgaon Incline Mine,2800,2121,38.5,86.6,90.4,83.8,22.8,1.2,0.0,679,24.2,1
2025-02-06,gumgaon,Gumgaon Incline Mine,2800,2328,38.9,86.4,91.4,91.3,23.1,0.9,0.0,472,16.9,1
2025-02-07,gumgaon,Gumgaon Incline Mine,2800,2256,38.3,85.8,95.8,86.9,23.2,0.8,0.0,544,19.4,1
2025-02-08,gumgaon,Gumgaon Incline Mine,2800,2200,37.8,84.8,87.4,94.2,22.0,2.0,0.0,600,21.4,1
2025-02-09,gumgaon,Gumgaon Incline Mine,2800,2261,37.7,86.3,85.0,94.1,22.3,1.7,0.0,539,19.2,1
2025-02-10,gumgaon,Gumgaon Incline Mine,2800,2167,38.9,85.9,89.1,85.8,22.8,1.2,0.0,633,22.6,1
2025-02-11,gumgaon,Gumgaon Incline Mine,2800,2145,38.2,87.2,91.4,85.0,22.4,1.6,0.0,655,23.4,1
2025-02-12,gumgaon,Gumgaon Incline Mine,2800,2161,38.8,88.1,91.5,86.8,22.5,1.5,0.0,639,22.8,1
2025-02-13,gumgaon,Gumgaon Incline Mine,2800,2142,38.9,85.3,88.0,88.1,22.3,1.7,0.0,658,23.5,1
2025-02-14,gumgaon,Gumgaon Incline Mine,2800,2136,38.2,86.9,87.8,88.6,22.1,1.9,0.0,664,23.7,1
2025-02-15,gumgaon,Gumgaon Incline Mine,2800,2205,39.5,87.6,91.9,85.8,22.1,1.9,0.0,595,21.2,1
2025-02-16,gumgaon,Gumgaon Incline Mine,2800,2225,37.6,84.6,92.1,89.6,22.3,1.7,0.0,575,20.5,1
2025-02-17,gumgaon,Gumgaon Incline Mine,2800,1535,39.5,85.7,62.1,87.0,16.4,7.6,0.0,1265,45.2,1
2025-02-18,gumgaon,Gumgaon Incline Mine,2800,2108,38.4,85.8,95.4,83.2,23.0,1.0,0.0,692,24.7,1
2025-02-19,gumgaon,Gumgaon Incline Mine,2800,2257,38.9,86.3,92.6,90.3,22.8,1.2,0.0,543,19.4,1
2025-02-20,gumgaon,Gumgaon Incline Mine,2800,2229,38.2,86.7,87.9,87.9,22.1,1.9,0.0,571,20.4,1
2025-02-21,gumgaon,Gumgaon Incline Mine,2800,2152,38.2,85.7,92.9,86.3,22.9,1.1,0.0,648,23.1,1
2025-02-22,gumgaon,Gumgaon Incline Mine,2800,2272,38.5,87.2,90.1,90.6,22.9,1.1,0.0,528,18.9,1
2025-02-23,gumgaon,Gumgaon Incline Mine,2800,2292,38.3,87.8,90.6,86.9,23.2,0.8,0.0,508,18.1,1
2025-02-24,gumgaon,Gumgaon Incline Mine,2800,2515,38.8,85.9,93.5,96.2,23.0,1.0,0.0,285,10.2,1
2025-02-25,gumgaon,Gumgaon Incline Mine,2800,2304,37.4,85.5,94.8,90.7,23.0,1.0,0.0,496,17.7,1
2025-02-26,gumgaon,Gumgaon Incline Mine,2800,2360,38.5,86.3,93.4,92.5,22.6,1.4,0.0,440,15.7,1
2025-02-27,gumgaon,Gumgaon Incline Mine,2800,2183,38.8,88.0,87.9,86.4,22.4,1.6,0.0,617,22.0,1
2025-02-28,gumgaon,Gumgaon Incline Mine,2800,2219,39.0,85.8,86.9,86.2,22.6,1.4,0.0,581,20.8,1
2025-03-01,gumgaon,Gumgaon Incline Mine,2800,2398,38.4,86.0,88.4,91.7,23.1,0.9,0.0,402,14.4,1
2025-03-02,gumgaon,Gumgaon Incline Mine,2800,2429,38.2,87.7,91.4,90.4,23.5,0.5,0.0,371,13.2,1
2025-03-03,gumgaon,Gumgaon Incline Mine,2800,2443,39.1,88.1,95.0,92.9,23.0,1.0,0.0,357,12.8,1
2025-03-04,gumgaon,Gumgaon Incline Mine,2800,2304,39.6,88.5,92.2,89.2,22.9,1.1,0.0,496,17.7,1
2025-03-05,gumgaon,Gumgaon Incline Mine,2800,2096,34.9,84.5,87.4,88.1,22.6,1.4,0.0,704,25.1,1
2025-03-06,gumgaon,Gumgaon Incline Mine,2800,2334,38.6,87.4,93.2,90.3,22.5,1.5,0.0,466,16.6,1
2025-03-07,gumgaon,Gumgaon Incline Mine,2800,2383,39.4,86.1,91.3,92.9,23.5,0.5,0.0,417,14.9,1
2025-03-08,gumgaon,Gumgaon Incline Mine,2800,2241,38.3,86.3,92.5,87.7,23.0,1.0,0.0,559,20.0,1
2025-03-09,gumgaon,Gumgaon Incline Mine,2800,2286,38.4,85.3,93.0,89.2,22.9,1.1,0.0,514,18.4,1
2025-03-10,gumgaon,Gumgaon Incline Mine,2800,2102,38.6,86.7,92.1,86.2,22.5,1.5,0.0,698,24.9,1
2025-03-11,gumgaon,Gumgaon Incline Mine,2800,2193,39.3,86.0,88.4,88.7,22.4,1.6,0.0,607,21.7,1
2025-03-12,gumgaon,Gumgaon Incline Mine,2800,2334,38.6,85.6,91.3,90.7,22.8,1.2,0.0,466,16.6,1
2025-03-13,gumgaon,Gumgaon Incline Mine,2800,2071,37.8,85.1,85.6,88.7,22.0,2.0,0.0,729,26.0,1
2025-03-14,gumgaon,Gumgaon Incline Mine,2800,2340,38.9,86.5,90.7,91.6,23.4,0.6,0.0,460,16.4,1
2025-03-15,gumgaon,Gumgaon Incline Mine,2800,2236,37.5,84.9,96.2,89.6,23.4,0.6,0.0,564,20.1,1
2025-03-16,gumgaon,Gumgaon Incline Mine,2800,2257,36.9,84.6,89.8,91.6,22.4,1.6,0.0,543,19.4,1
2025-03-17,gumgaon,Gumgaon Incline Mine,2800,2225,37.9,85.8,89.5,88.5,22.9,1.1,0.0,575,20.5,1
2025-03-18,gumgaon,Gumgaon Incline Mine,2800,2336,37.7,86.9,91.3,90.0,22.9,1.1,0.0,464,16.6,1
2025-03-19,gumgaon,Gumgaon Incline Mine,2800,2097,37.6,85.6,89.0,88.9,22.0,2.0,0.0,703,25.1,1
2025-03-20,gumgaon,Gumgaon Incline Mine,2800,2350,39.0,86.9,88.6,91.3,22.4,1.6,0.0,450,16.1,1
2025-03-21,gumgaon,Gumgaon Incline Mine,2800,2247,38.6,86.6,89.9,90.9,22.6,1.4,0.0,553,19.8,1
2025-03-22,gumgaon,Gumgaon Incline Mine,2800,2202,37.6,84.5,91.8,89.2,22.9,1.1,0.0,598,21.4,1
2025-03-23,gumgaon,Gumgaon Incline Mine,2800,2215,39.5,86.8,92.1,89.9,22.4,1.6,0.0,585,20.9,1
2025-03-24,gumgaon,Gumgaon Incline Mine,2800,2119,38.4,87.5,89.2,87.2,22.0,2.0,0.0,681,24.3,1
2025-03-25,gumgaon,Gumgaon Incline Mine,2800,2181,38.6,87.2,90.4,88.0,22.5,1.5,0.0,619,22.1,1
2025-03-26,gumgaon,Gumgaon Incline Mine,2800,2069,38.4,85.3,89.2,85.9,22.5,1.5,0.0,731,26.1,1
2025-03-27,gumgaon,Gumgaon Incline Mine,2800,2101,38.8,85.3,90.2,87.1,22.5,1.5,0.0,699,25.0,1
2025-03-28,gumgaon,Gumgaon Incline Mine,2800,2242,38.5,85.2,88.1,90.2,23.0,1.0,0.0,558,19.9,1
2025-03-29,gumgaon,Gumgaon Incline Mine,2800,2311,37.0,86.4,96.1,91.2,23.1,0.9,0.0,489,17.5,1
2025-03-30,gumgaon,Gumgaon Incline Mine,2800,2242,38.5,86.0,92.7,89.3,22.4,1.6,0.0,558,19.9,1
2025-03-31,gumgaon,Gumgaon Incline Mine,2800,2359,39.1,87.6,93.4,91.3,23.4,0.6,0.0,441,15.8,1
2025-04-01,gumgaon,Gumgaon Incline Mine,2800,2215,37.9,84.6,90.6,88.8,22.1,1.9,0.0,585,20.9,1
2025-04-02,gumgaon,Gumgaon Incline Mine,2800,2323,38.0,86.8,92.9,87.7,22.9,1.1,0.0,477,17.0,1
2025-04-03,gumgaon,Gumgaon Incline Mine,2800,2366,38.7,86.1,94.8,90.9,23.1,0.9,0.0,434,15.5,1
2025-04-04,gumgaon,Gumgaon Incline Mine,2800,2172,38.1,86.3,84.7,86.2,22.1,1.9,0.0,628,22.4,1
2025-04-05,gumgaon,Gumgaon Incline Mine,2800,1592,38.4,87.8,64.0,86.1,16.4,7.6,0.0,1208,43.1,1
2025-04-06,gumgaon,Gumgaon Incline Mine,2800,2317,39.5,86.9,91.9,91.7,22.1,1.9,0.0,483,17.2,1
2025-04-07,gumgaon,Gumgaon Incline Mine,2800,2132,38.4,85.2,88.7,86.9,22.2,1.8,0.0,668,23.9,1
2025-04-08,gumgaon,Gumgaon Incline Mine,2800,2275,39.3,86.0,91.3,90.4,22.9,1.1,0.0,525,18.8,1
2025-04-09,gumgaon,Gumgaon Incline Mine,2800,2198,38.2,85.7,92.2,89.6,22.9,1.1,0.0,602,21.5,1
2025-04-10,gumgaon,Gumgaon Incline Mine,2800,2397,38.9,86.2,89.5,90.5,23.2,0.8,0.0,403,14.4,1
2025-04-11,gumgaon,Gumgaon Incline Mine,2800,2257,38.6,87.2,88.9,91.1,22.2,1.8,0.0,543,19.4,1
2025-04-12,gumgaon,Gumgaon Incline Mine,2800,2071,38.0,85.6,91.9,86.5,22.2,1.8,0.0,729,26.0,1
2025-04-13,gumgaon,Gumgaon Incline Mine,2800,2224,38.5,87.3,85.8,88.8,22.3,1.7,0.0,576,20.6,1
2025-04-14,gumgaon,Gumgaon Incline Mine,2800,2175,38.9,85.6,89.2,89.9,22.7,1.3,0.0,625,22.3,1
2025-04-15,gumgaon,Gumgaon Incline Mine,2800,2288,38.8,87.1,90.3,89.6,22.7,1.3,0.0,512,18.3,1
2025-04-16,gumgaon,Gumgaon Incline Mine,2800,2288,38.2,86.4,91.3,93.1,22.2,1.8,0.0,512,18.3,1
2025-04-17,gumgaon,Gumgaon Incline Mine,2800,2281,37.8,84.8,89.2,90.8,22.2,1.8,0.0,519,18.5,1
2025-04-18,gumgaon,Gumgaon Incline Mine,2800,2493,38.6,87.2,93.1,92.0,23.5,0.5,0.0,307,11.0,1
2025-04-19,gumgaon,Gumgaon Incline Mine,2800,2359,39.3,87.2,96.4,91.8,23.2,0.8,0.0,441,15.8,1
2025-04-20,gumgaon,Gumgaon Incline Mine,2800,2206,39.4,86.0,89.3,88.5,22.6,1.4,0.0,594,21.2,1
2025-04-21,gumgaon,Gumgaon Incline Mine,2800,2332,37.6,87.1,91.5,89.7,22.8,1.2,0.0,468,16.7,1
2025-04-22,gumgaon,Gumgaon Incline Mine,2800,2269,37.8,86.4,92.0,88.1,23.2,0.8,0.0,531,19.0,1
2025-04-23,gumgaon,Gumgaon Incline Mine,2800,2106,38.4,86.6,89.0,87.8,22.2,1.8,0.0,694,24.8,1
2025-04-24,gumgaon,Gumgaon Incline Mine,2800,2439,39.7,87.9,91.9,94.0,22.4,1.6,0.0,361,12.9,1
2025-04-25,gumgaon,Gumgaon Incline Mine,2800,2248,37.9,86.6,96.2,89.0,23.2,0.8,0.0,552,19.7,1
2025-04-26,gumgaon,Gumgaon Incline Mine,2800,2300,38.7,87.5,91.5,86.1,23.5,0.5,0.0,500,17.9,1
2025-04-27,gumgaon,Gumgaon Incline Mine,2800,2230,39.1,87.7,95.7,84.7,23.4,0.6,0.0,570,20.4,1
2025-04-28,gumgaon,Gumgaon Incline Mine,2800,2365,38.9,86.8,87.4,95.1,22.1,1.9,0.0,435,15.5,1
2025-04-29,gumgaon,Gumgaon Incline Mine,2800,2307,39.2,86.8,94.1,87.7,23.1,0.9,0.0,493,17.6,1
2025-04-30,gumgaon,Gumgaon Incline Mine,2800,2197,38.4,85.9,90.6,89.4,22.3,1.7,0.0,603,21.5,1
2025-05-01,gumgaon,Gumgaon Incline Mine,2800,2219,39.3,86.9,86.7,89.2,22.5,1.5,0.0,581,20.8,1
2025-05-02,gumgaon,Gumgaon Incline Mine,2800,2123,37.8,86.3,86.7,87.7,22.2,1.8,0.0,677,24.2,1
2025-05-03,gumgaon,Gumgaon Incline Mine,2800,2154,38.3,86.5,91.3,86.9,22.4,1.6,0.0,646,23.1,1
2025-05-04,gumgaon,Gumgaon Incline Mine,2800,2253,38.5,86.1,92.8,87.2,23.4,0.6,0.0,547,19.5,1
2025-05-05,gumgaon,Gumgaon Incline Mine,2800,2219,38.2,87.4,93.4,89.1,22.7,1.3,0.0,581,20.8,1
2025-05-06,gumgaon,Gumgaon Incline Mine,2800,2237,38.9,85.3,94.9,85.9,23.1,0.9,0.0,563,20.1,1
2025-05-07,gumgaon,Gumgaon Incline Mine,2800,2114,34.0,83.2,94.8,86.3,22.8,1.2,0.0,686,24.5,1
2025-05-08,gumgaon,Gumgaon Incline Mine,2800,2192,38.3,86.6,91.9,90.1,22.3,1.7,0.0,608,21.7,1
2025-05-09,gumgaon,Gumgaon Incline Mine,2800,2389,37.6,87.0,87.8,90.0,22.9,1.1,0.0,411,14.7,1
2025-05-10,gumgaon,Gumgaon Incline Mine,2800,2321,39.3,87.5,90.2,87.3,23.3,0.7,0.0,479,17.1,1
2025-05-11,gumgaon,Gumgaon Incline Mine,2800,2211,36.6,84.8,92.6,87.8,22.4,1.6,0.0,589,21.0,1
2025-05-12,gumgaon,Gumgaon Incline Mine,2800,2314,38.2,87.3,91.8,90.1,22.8,1.2,0.0,486,17.4,1
2025-05-13,gumgaon,Gumgaon Incline Mine,2800,2386,38.5,85.0,92.4,93.0,23.1,0.9,0.0,414,14.8,1
2025-05-14,gumgaon,Gumgaon Incline Mine,2800,2420,38.3,87.2,96.5,92.6,23.4,0.6,0.0,380,13.6,1
2025-05-15,gumgaon,Gumgaon Incline Mine,2800,2314,37.8,86.4,88.6,92.2,22.4,1.6,0.0,486,17.4,1
2025-05-16,gumgaon,Gumgaon Incline Mine,2800,2189,39.0,87.1,91.1,88.1,22.5,1.5,0.0,611,21.8,1
2025-05-17,gumgaon,Gumgaon Incline Mine,2800,2385,38.2,87.6,87.0,93.0,22.7,1.3,0.0,415,14.8,1
2025-05-18,gumgaon,Gumgaon Incline Mine,2800,2446,38.7,88.0,89.2,91.8,23.1,0.9,0.0,354,12.6,1
2025-05-19,gumgaon,Gumgaon Incline Mine,2800,2218,39.8,87.3,90.1,87.1,23.4,0.6,0.0,582,20.8,1
2025-05-20,gumgaon,Gumgaon Incline Mine,2800,2247,38.6,86.3,96.2,86.3,23.2,0.8,0.0,553,19.8,1
2025-05-21,gumgaon,Gumgaon Incline Mine,2800,2235,38.8,86.0,94.1,89.7,22.6,1.4,0.0,565,20.2,1
2025-05-22,gumgaon,Gumgaon Incline Mine,2800,1439,39.4,86.5,63.9,85.7,15.6,8.4,0.0,1361,48.6,1
2025-05-23,gumgaon,Gumgaon Incline Mine,2800,2148,37.7,86.1,92.0,86.2,23.2,0.8,0.0,652,23.3,1
2025-05-24,gumgaon,Gumgaon Incline Mine,2800,2220,39.2,87.4,87.7,90.5,22.4,1.6,0.0,580,20.7,1
2025-05-25,gumgaon,Gumgaon Incline Mine,2800,2221,38.6,86.3,94.5,88.3,23.3,0.7,0.0,579,20.7,1
2025-05-26,gumgaon,Gumgaon Incline Mine,2800,2268,38.5,86.1,86.9,90.8,22.3,1.7,0.0,532,19.0,1
2025-05-27,gumgaon,Gumgaon Incline Mine,2800,2294,39.9,86.4,85.8,91.2,22.0,2.0,0.0,506,18.1,1
2025-05-28,gumgaon,Gumgaon Incline Mine,2800,2260,38.1,86.4,87.9,88.9,22.7,1.3,0.0,540,19.3,1
2025-05-29,gumgaon,Gumgaon Incline Mine,2800,2223,38.3,86.0,91.7,89.3,22.3,1.7,0.0,577,20.6,1
2025-05-30,gumgaon,Gumgaon Incline Mine,2800,2225,38.3,86.0,91.3,85.6,23.2,0.8,0.0,575,20.5,1
2025-05-31,gumgaon,Gumgaon Incline Mine,2800,2342,39.1,87.1,92.1,88.4,23.0,1.0,0.0,458,16.4,1
2025-06-01,gumgaon,Gumgaon Incline Mine,2800,2289,38.4,87.1,85.5,90.9,22.3,1.7,0.0,511,18.2,1
2025-06-02,gumgaon,Gumgaon Incline Mine,2800,2157,39.1,85.7,90.7,84.2,23.0,1.0,0.0,643,23.0,1
2025-06-03,gumgaon,Gumgaon Incline Mine,2800,2278,37.6,85.7,94.9,89.4,22.8,1.2,0.0,522,18.6,1
2025-06-04,gumgaon,Gumgaon Incline Mine,2800,2325,39.6,86.8,96.6,90.2,23.4,0.6,0.0,475,17.0,1
2025-06-05,gumgaon,Gumgaon Incline Mine,2800,2325,37.4,85.3,90.1,93.0,23.0,1.0,0.0,475,17.0,1
2025-06-06,gumgaon,Gumgaon Incline Mine,2800,2312,39.4,86.4,94.5,92.2,22.7,1.3,0.0,488,17.4,1
2025-06-07,gumgaon,Gumgaon Incline Mine,2800,2337,39.3,87.4,94.6,89.9,23.1,0.9,0.0,463,16.5,1
2025-06-08,gumgaon,Gumgaon Incline Mine,2800,2134,38.6,85.2,90.8,85.8,22.0,2.0,0.0,666,23.8,1
2025-06-09,gumgaon,Gumgaon Incline Mine,2800,1616,39.0,86.7,77.7,74.5,19.3,4.7,53.7,1184,42.3,1
2025-06-10,gumgaon,Gumgaon Incline Mine,2800,2199,38.5,87.7,94.6,86.2,23.2,0.8,3.6,601,21.5,1
2025-06-11,gumgaon,Gumgaon Incline Mine,2800,2148,37.2,85.5,90.9,89.4,22.4,1.6,6.4,652,23.3,1
2025-06-12,gumgaon,Gumgaon Incline Mine,2800,1747,38.0,85.1,83.8,76.8,20.8,3.2,26.8,1053,37.6,1
2025-06-13,gumgaon,Gumgaon Incline Mine,2800,1999,38.3,84.9,88.3,86.0,21.6,2.4,13.7,801,28.6,1
2025-06-14,gumgaon,Gumgaon Incline Mine,2800,2145,38.4,86.3,84.0,85.7,22.0,2.0,11.2,655,23.4,1
2025-06-15,gumgaon,Gumgaon Incline Mine,2800,2028,38.4,87.2,82.8,84.9,21.7,2.3,15.2,772,27.6,1
2025-06-16,gumgaon,Gumgaon Incline Mine,2800,1817,38.9,86.8,82.2,79.8,20.7,3.3,36.5,983,35.1,1
2025-06-17,gumgaon,Gumgaon Incline Mine,2800,2027,39.0,87.1,81.9,84.1,21.1,2.9,17.6,773,27.6,1
2025-06-18,gumgaon,Gumgaon Incline Mine,2800,1722,39.3,87.4,80.0,78.0,20.1,3.9,47.7,1078,38.5,1
2025-06-19,gumgaon,Gumgaon Incline Mine,2800,2057,39.8,86.6,89.8,81.8,22.5,1.5,15.0,743,26.5,1
2025-06-20,gumgaon,Gumgaon Incline Mine,2800,2013,39.4,87.5,83.6,84.5,20.8,3.2,22.1,787,28.1,1
2025-06-21,gumgaon,Gumgaon Incline Mine,2800,1708,38.3,85.7,80.7,75.7,19.8,4.2,40.9,1092,39.0,1
2025-06-22,gumgaon,Gumgaon Incline Mine,2800,939,38.7,85.2,55.8,58.3,14.3,9.7,144.7,1861,66.5,1
2025-06-23,gumgaon,Gumgaon Incline Mine,2800,1846,38.3,84.9,80.6,84.4,20.1,3.9,35.0,954,34.1,1
2025-06-24,gumgaon,Gumgaon Incline Mine,2800,1210,37.6,85.1,66.1,63.5,17.3,6.7,97.7,1590,56.8,1
2025-06-25,gumgaon,Gumgaon Incline Mine,2800,1784,37.4,86.7,80.5,76.9,20.1,3.9,41.4,1016,36.3,1
2025-06-26,gumgaon,Gumgaon Incline Mine,2800,1027,39.3,86.8,63.8,57.0,16.1,7.9,115.2,1773,63.3,1
2025-06-27,gumgaon,Gumgaon Incline Mine,2800,2204,38.6,86.2,88.8,84.9,23.1,0.9,3.2,596,21.3,1
2025-06-28,gumgaon,Gumgaon Incline Mine,2800,1362,38.4,87.1,72.1,68.4,18.0,6.0,72.0,1438,51.4,1
2025-06-29,gumgaon,Gumgaon Incline Mine,2800,1647,38.4,85.5,81.9,74.0,20.1,3.9,52.0,1153,41.2,1
2025-06-30,gumgaon,Gumgaon Incline Mine,2800,1703,39.2,86.2,80.8,76.7,20.7,3.3,43.4,1097,39.2,1
2025-07-01,gumgaon,Gumgaon Incline Mine,2800,1321,38.8,85.2,69.5,65.6,18.1,5.9,87.6,1479,52.8,1
2025-07-02,gumgaon,Gumgaon Incline Mine,2800,1401,39.8,86.3,72.0,68.8,18.2,5.8,73.0,1399,50.0,1
2025-07-03,gumgaon,Gumgaon Incline Mine,2800,1692,38.6,85.3,79.5,74.7,20.1,3.9,48.3,1108,39.6,1
2025-07-04,gumgaon,Gumgaon Incline Mine,2800,1331,39.1,87.1,62.2,69.8,16.7,7.3,90.2,1469,52.5,1
2025-07-05,gumgaon,Gumgaon Incline Mine,2800,1875,38.4,87.6,84.8,81.4,20.4,3.6,42.3,925,33.0,1
2025-07-06,gumgaon,Gumgaon Incline Mine,2800,2057,39.1,86.8,83.1,86.6,21.3,2.7,19.6,743,26.5,1
2025-07-07,gumgaon,Gumgaon Incline Mine,2800,1641,38.6,87.1,78.8,73.9,19.4,4.6,52.6,1159,41.4,1
2025-07-08,gumgaon,Gumgaon Incline Mine,2800,1346,38.9,86.1,60.2,81.7,14.7,9.3,19.3,1454,51.9,1
2025-07-09,gumgaon,Gumgaon Incline Mine,2800,1572,34.5,83.5,81.0,73.6,20.0,4.0,54.0,1228,43.9,1
2025-07-10,gumgaon,Gumgaon Incline Mine,2800,2085,38.0,87.4,92.3,83.8,22.2,1.8,7.4,715,25.5,1
2025-07-11,gumgaon,Gumgaon Incline Mine,2800,1470,39.3,87.2,71.2,72.1,18.5,5.5,62.1,1330,47.5,1
2025-07-12,gumgaon,Gumgaon Incline Mine,2800,1450,40.0,86.1,67.0,71.1,17.9,6.1,79.9,1350,48.2,1
2025-07-13,gumgaon,Gumgaon Incline Mine,2800,1633,38.2,87.0,76.4,74.2,19.3,4.7,48.6,1167,41.7,1
2025-07-14,gumgaon,Gumgaon Incline Mine,2800,1261,38.1,86.6,69.3,62.5,18.0,6.0,83.0,1539,55.0,1
2025-07-15,gumgaon,Gumgaon Incline Mine,2800,793,37.9,87.0,49.2,50.8,13.5,10.5,161.2,2007,71.7,1
2025-07-16,gumgaon,Gumgaon Incline Mine,2800,546,37.9,85.3,34.0,52.5,9.5,14.5,213.3,2254,80.5,1
2025-07-17,gumgaon,Gumgaon Incline Mine,2800,1913,38.4,85.9,78.0,83.6,20.6,3.4,32.8,887,31.7,1
2025-07-18,gumgaon,Gumgaon Incline Mine,2800,2192,39.1,87.3,89.5,87.4,21.7,2.3,8.9,608,21.7,1
2025-07-19,gumgaon,Gumgaon Incline Mine,2800,1138,39.4,87.2,62.8,63.1,16.4,7.6,96.5,1662,59.4,1
2025-07-20,gumgaon,Gumgaon Incline Mine,2800,1594,38.9,86.4,69.1,77.5,18.1,5.9,70.5,1206,43.1,1
2025-07-21,gumgaon,Gumgaon Incline Mine,2800,909,37.5,85.7,60.5,53.1,15.1,8.9,118.7,1891,67.5,1
2025-07-22,gumgaon,Gumgaon Incline Mine,2800,780,37.6,84.4,49.5,53.3,13.7,10.3,149.6,2020,72.1,1
2025-07-23,gumgaon,Gumgaon Incline Mine,2800,1930,38.3,85.8,85.5,82.7,21.4,2.6,35.3,870,31.1,1
2025-07-24,gumgaon,Gumgaon Incline Mine,2800,1387,38.3,86.2,76.5,67.8,18.8,5.2,68.0,1413,50.5,1
2025-07-25,gumgaon,Gumgaon Incline Mine,2800,1894,38.1,85.9,86.6,82.8,21.0,3.0,22.3,906,32.4,1
2025-07-26,gumgaon,Gumgaon Incline Mine,2800,1565,38.6,86.8,73.3,72.5,18.7,5.3,66.1,1235,44.1,1
2025-07-27,gumgaon,Gumgaon Incline Mine,2800,1815,38.3,85.7,79.2,80.9,20.6,3.4,37.3,985,35.2,1
2025-07-28,gumgaon,Gumgaon Incline Mine,2800,1196,38.0,85.5,72.1,64.2,17.3,6.7,98.1,1604,57.3,1
2025-07-29,gumgaon,Gumgaon Incline Mine,2800,1568,37.9,86.2,80.5,72.1,19.4,4.6,56.9,1232,44.0,1
2025-07-30,gumgaon,Gumgaon Incline Mine,2800,2004,38.4,85.3,87.4,83.0,21.7,2.3,24.4,796,28.4,1
2025-07-31,gumgaon,Gumgaon Incline Mine,2800,723,37.3,85.8,48.6,51.2,12.6,11.4,163.5,2077,74.2,1
2025-08-01,gumgaon,Gumgaon Incline Mine,2800,1381,39.0,87.4,76.2,65.7,18.5,5.5,80.1,1419,50.7,1
2025-08-02,gumgaon,Gumgaon Incline Mine,2800,1326,38.3,86.3,76.9,63.7,18.8,5.2,70.1,1474,52.6,1
2025-08-03,gumgaon,Gumgaon Incline Mine,2800,1346,38.2,87.5,68.8,64.7,18.3,5.7,73.3,1454,51.9,1
2025-08-04,gumgaon,Gumgaon Incline Mine,2800,2187,37.9,85.5,92.7,87.8,22.4,1.6,5.6,613,21.9,1
2025-08-05,gumgaon,Gumgaon Incline Mine,2800,1460,39.2,85.5,76.4,68.5,19.1,4.9,60.9,1340,47.9,1
2025-08-06,gumgaon,Gumgaon Incline Mine,2800,2096,38.5,85.1,85.8,87.5,22.5,1.5,14.2,704,25.1,1
2025-08-07,gumgaon,Gumgaon Incline Mine,2800,1656,39.4,88.4,77.3,74.4,19.4,4.6,57.4,1144,40.9,1
2025-08-08,gumgaon,Gumgaon Incline Mine,2800,1047,37.8,87.2,66.9,57.2,16.7,7.3,102.2,1753,62.6,1
2025-08-09,gumgaon,Gumgaon Incline Mine,2800,1556,39.1,86.4,73.7,70.0,19.5,4.5,63.4,1244,44.4,1
2025-08-10,gumgaon,Gumgaon Incline Mine,2800,890,38.6,87.8,48.3,58.8,13.2,10.8,156.6,1910,68.2,1
2025-08-11,gumgaon,Gumgaon Incline Mine,2800,2177,39.4,87.3,85.8,89.2,22.3,1.7,5.0,623,22.2,1
2025-08-12,gumgaon,Gumgaon Incline Mine,2800,1473,38.3,85.6,74.7,71.4,19.3,4.7,61.6,1327,47.4,1
2025-08-13,gumgaon,Gumgaon Incline Mine,2800,1885,38.4,86.8,87.7,77.5,21.3,2.7,33.2,915,32.7,1
2025-08-14,gumgaon,Gumgaon Incline Mine,2800,2047,38.2,86.6,88.3,84.5,21.7,2.3,19.6,753,26.9,1
2025-08-15,gumgaon,Gumgaon Incline Mine,2800,2020,39.3,86.0,86.7,81.7,22.3,1.7,19.5,780,27.9,1
2025-08-16,gumgaon,Gumgaon Incline Mine,2800,1337,39.2,88.0,65.7,65.1,17.5,6.5,93.3,1463,52.2,1
2025-08-17,gumgaon,Gumgaon Incline Mine,2800,1399,38.1,86.5,72.6,69.3,17.8,6.2,77.5,1401,50.0,1
2025-08-18,gumgaon,Gumgaon Incline Mine,2800,1595,37.6,86.2,79.2,77.0,19.1,4.9,51.5,1205,43.0,1
2025-08-19,gumgaon,Gumgaon Incline Mine,2800,1911,38.4,86.4,86.7,80.9,21.2,2.8,31.9,889,31.8,1
2025-08-20,gumgaon,Gumgaon Incline Mine,2800,1598,38.0,86.0,74.6,73.8,19.4,4.6,51.3,1202,42.9,1
2025-08-21,gumgaon,Gumgaon Incline Mine,2800,1812,40.2,86.1,87.0,78.3,21.3,2.7,30.3,988,35.3,1
2025-08-22,gumgaon,Gumgaon Incline Mine,2800,1275,39.4,88.4,71.6,64.1,17.7,6.3,91.0,1525,54.5,1
2025-08-23,gumgaon,Gumgaon Incline Mine,2800,1279,37.9,86.4,69.0,63.8,17.9,6.1,81.4,1521,54.3,1
2025-08-24,gumgaon,Gumgaon Incline Mine,2800,1268,38.1,87.6,55.9,79.0,14.4,9.6,35.8,1532,54.7,1
2025-08-25,gumgaon,Gumgaon Incline Mine,2800,1671,39.3,85.5,80.1,76.9,19.8,4.2,54.8,1129,40.3,1
2025-08-26,gumgaon,Gumgaon Incline Mine,2800,1824,39.3,86.2,84.4,79.1,20.7,3.3,33.1,976,34.9,1
2025-08-27,gumgaon,Gumgaon Incline Mine,2800,1501,38.0,87.6,70.7,72.1,18.5,5.5,65.8,1299,46.4,1
2025-08-28,gumgaon,Gumgaon Incline Mine,2800,1793,38.7,87.4,83.4,77.7,20.5,3.5,28.5,1007,36.0,1
2025-08-29,gumgaon,Gumgaon Incline Mine,2800,2201,38.5,85.8,88.8,86.2,22.7,1.3,9.8,599,21.4,1
2025-08-30,gumgaon,Gumgaon Incline Mine,2800,1072,38.3,85.6,69.3,57.6,16.9,7.1,107.3,1728,61.7,1
2025-08-31,gumgaon,Gumgaon Incline Mine,2800,1513,39.2,88.3,77.8,73.5,18.7,5.3,62.7,1287,46.0,1
2025-09-01,gumgaon,Gumgaon Incline Mine,2800,1991,39.1,87.4,84.9,83.4,21.9,2.1,9.8,809,28.9,1
2025-09-02,gumgaon,Gumgaon Incline Mine,2800,1987,38.2,87.0,80.9,81.9,20.9,3.1,30.4,813,29.0,1
2025-09-03,gumgaon,Gumgaon Incline Mine,2800,2174,38.7,85.2,85.1,86.4,22.3,1.7,16.0,626,22.4,1
2025-09-04,gumgaon,Gumgaon Incline Mine,2800,1540,38.2,87.2,78.1,72.1,19.1,4.9,49.4,1260,45.0,1
2025-09-05,gumgaon,Gumgaon Incline Mine,2800,1468,37.4,85.4,71.4,75.2,17.9,6.1,69.1,1332,47.6,1
2025-09-06,gumgaon,Gumgaon Incline Mine,2800,1266,38.4,87.1,67.6,63.6,17.7,6.3,83.0,1534,54.8,1
2025-09-07,gumgaon,Gumgaon Incline Mine,2800,1860,37.6,85.5,79.7,81.2,20.9,3.1,28.9,940,33.6,1
2025-09-08,gumgaon,Gumgaon Incline Mine,2800,1944,39.0,85.3,82.8,82.4,21.4,2.6,21.0,856,30.6,1
2025-09-09,gumgaon,Gumgaon Incline Mine,2800,1425,39.0,86.1,69.0,69.3,18.4,5.6,65.6,1375,49.1,1
2025-09-10,gumgaon,Gumgaon Incline Mine,2800,2137,33.8,83.6,87.3,86.7,22.4,1.6,2.6,663,23.7,1
2025-09-11,gumgaon,Gumgaon Incline Mine,2800,1800,38.7,85.4,81.3,82.5,20.3,3.7,36.9,1000,35.7,1
2025-09-12,gumgaon,Gumgaon Incline Mine,2800,1683,39.2,88.0,74.6,75.4,19.8,4.2,40.4,1117,39.9,1
2025-09-13,gumgaon,Gumgaon Incline Mine,2800,2095,37.5,84.4,87.3,89.5,22.2,1.8,9.0,705,25.2,1
2025-09-14,gumgaon,Gumgaon Incline Mine,2800,1774,38.0,85.1,82.2,77.6,20.8,3.2,42.6,1026,36.6,1
2025-09-15,gumgaon,Gumgaon Incline Mine,2800,2293,39.2,87.8,91.2,86.7,22.7,1.3,13.7,507,18.1,1
2025-09-16,gumgaon,Gumgaon Incline Mine,2800,2094,38.1,87.5,91.7,83.6,22.4,1.6,12.0,706,25.2,1
2025-09-17,gumgaon,Gumgaon Incline Mine,2800,1787,39.5,85.7,86.2,78.0,21.4,2.6,20.4,1013,36.2,1
2025-09-18,gumgaon,Gumgaon Incline Mine,2800,2228,38.7,85.9,94.3,89.3,23.2,0.8,0.0,572,20.4,1
2025-09-19,gumgaon,Gumgaon Incline Mine,2800,2425,39.2,86.3,91.3,91.4,23.3,0.7,0.0,375,13.4,1
2025-09-20,gumgaon,Gumgaon Incline Mine,2800,2258,38.5,85.2,92.6,88.9,23.3,0.7,0.0,542,19.4,1
2025-09-21,gumgaon,Gumgaon Incline Mine,2800,2100,39.9,88.1,91.1,86.5,22.1,1.9,0.0,700,25.0,1
2025-09-22,gumgaon,Gumgaon Incline Mine,2800,2213,38.4,86.3,89.3,90.6,22.6,1.4,0.0,587,21.0,1
2025-09-23,gumgaon,Gumgaon Incline Mine,2800,2345,38.4,87.6,95.5,88.5,23.5,0.5,0.0,455,16.2,1
2025-09-24,gumgaon,Gumgaon Incline Mine,2800,2283,38.9,88.1,91.7,89.9,22.1,1.9,0.0,517,18.5,1
2025-09-25,gumgaon,Gumgaon Incline Mine,2800,2238,37.9,86.3,92.2,87.0,23.1,0.9,0.0,562,20.1,1
2025-09-26,gumgaon,Gumgaon Incline Mine,2800,2236,38.2,85.5,94.3,85.5,23.3,0.7,0.0,564,20.1,1
2025-09-27,gumgaon,Gumgaon Incline Mine,2800,2254,37.7,85.8,90.3,90.2,22.6,1.4,0.0,546,19.5,1
2025-09-28,gumgaon,Gumgaon Incline Mine,2800,2296,38.8,87.9,92.2,87.5,22.4,1.6,0.0,504,18.0,1
2025-09-29,gumgaon,Gumgaon Incline Mine,2800,2338,38.2,85.3,92.8,88.8,23.2,0.8,0.0,462,16.5,1
2025-09-30,gumgaon,Gumgaon Incline Mine,2800,2321,37.6,84.8,88.6,91.9,23.0,1.0,0.0,479,17.1,1
2025-10-01,gumgaon,Gumgaon Incline Mine,2800,2198,39.4,86.0,92.1,88.5,23.0,1.0,0.0,602,21.5,1
2025-10-02,gumgaon,Gumgaon Incline Mine,2800,2223,38.3,87.3,92.8,85.6,22.9,1.1,0.0,577,20.6,1
2025-10-03,gumgaon,Gumgaon Incline Mine,2800,2360,39.0,86.1,86.2,92.1,22.4,1.6,0.0,440,15.7,1
2025-10-04,gumgaon,Gumgaon Incline Mine,2800,2305,38.6,87.7,96.0,88.2,23.5,0.5,0.0,495,17.7,1
2025-10-05,gumgaon,Gumgaon Incline Mine,2800,2282,39.1,85.3,93.7,89.8,22.5,1.5,0.0,518,18.5,1
2025-10-06,gumgaon,Gumgaon Incline Mine,2800,2074,39.4,86.8,90.2,85.9,22.2,1.8,0.0,726,25.9,1
2025-10-07,gumgaon,Gumgaon Incline Mine,2800,2174,38.3,86.0,88.5,88.0,22.7,1.3,0.0,626,22.4,1
2025-10-08,gumgaon,Gumgaon Incline Mine,2800,2191,39.4,86.9,88.8,88.6,22.1,1.9,0.0,609,21.8,1
2025-10-09,gumgaon,Gumgaon Incline Mine,2800,2358,39.5,88.4,93.8,89.4,23.0,1.0,0.0,442,15.8,1
2025-10-10,gumgaon,Gumgaon Incline Mine,2800,1643,38.0,86.1,60.6,90.0,16.0,8.0,0.0,1157,41.3,1
2025-10-11,gumgaon,Gumgaon Incline Mine,2800,2297,39.3,87.6,88.0,90.3,23.0,1.0,0.0,503,18.0,1
2025-10-12,gumgaon,Gumgaon Incline Mine,2800,2397,39.9,88.7,89.8,92.4,22.5,1.5,0.0,403,14.4,1
2025-10-13,gumgaon,Gumgaon Incline Mine,2800,2399,38.3,87.3,94.9,92.7,23.2,0.8,0.0,401,14.3,1
2025-10-14,gumgaon,Gumgaon Incline Mine,2800,2197,39.3,87.7,88.4,88.0,22.6,1.4,0.0,603,21.5,1
2025-10-15,gumgaon,Gumgaon Incline Mine,2800,2278,38.6,87.3,90.2,89.5,23.0,1.0,0.0,522,18.6,1
2025-10-16,gumgaon,Gumgaon Incline Mine,2800,2212,38.3,85.7,96.0,86.7,23.1,0.9,0.0,588,21.0,1
2025-10-17,gumgaon,Gumgaon Incline Mine,2800,2254,38.7,87.3,93.2,87.0,22.4,1.6,0.0,546,19.5,1
2025-10-18,gumgaon,Gumgaon Incline Mine,2800,2236,38.6,85.0,88.7,92.0,22.6,1.4,0.0,564,20.1,1
2025-10-19,gumgaon,Gumgaon Incline Mine,2800,2296,38.6,86.1,97.0,87.6,23.5,0.5,0.0,504,18.0,1
2025-10-20,gumgaon,Gumgaon Incline Mine,2800,2219,38.3,85.9,88.9,88.9,22.1,1.9,0.0,581,20.8,1
2025-10-21,gumgaon,Gumgaon Incline Mine,2800,2333,38.6,87.3,88.3,91.9,22.9,1.1,0.0,467,16.7,1
2025-10-22,gumgaon,Gumgaon Incline Mine,2800,2315,39.4,85.8,94.8,88.1,23.2,0.8,0.0,485,17.3,1
2025-10-23,gumgaon,Gumgaon Incline Mine,2800,2279,40.0,88.5,88.1,87.7,22.9,1.1,0.0,521,18.6,1
2025-10-24,gumgaon,Gumgaon Incline Mine,2800,2016,38.5,86.4,93.5,81.2,22.7,1.3,0.0,784,28.0,1
2025-10-25,gumgaon,Gumgaon Incline Mine,2800,2317,37.9,86.2,87.9,93.8,22.4,1.6,0.0,483,17.2,1
2025-10-26,gumgaon,Gumgaon Incline Mine,2800,2187,40.0,88.3,85.5,88.8,22.2,1.8,0.0,613,21.9,1
2025-10-27,gumgaon,Gumgaon Incline Mine,2800,2114,38.8,85.8,86.3,88.3,22.1,1.9,0.0,686,24.5,1
2025-10-28,gumgaon,Gumgaon Incline Mine,2800,2183,38.7,87.6,93.3,85.8,23.0,1.0,0.0,617,22.0,1
2025-10-29,gumgaon,Gumgaon Incline Mine,2800,2359,38.6,86.3,94.9,89.6,23.0,1.0,0.0,441,15.8,1
2025-10-30,gumgaon,Gumgaon Incline Mine,2800,2186,39.2,86.3,93.9,85.2,22.7,1.3,0.0,614,21.9,1
2025-10-31,gumgaon,Gumgaon Incline Mine,2800,2349,38.8,87.3,91.4,93.5,22.3,1.7,0.0,451,16.1,1
2025-11-01,gumgaon,Gumgaon Incline Mine,2800,2173,39.3,86.1,88.3,88.8,22.3,1.7,0.0,627,22.4,1
2025-11-02,gumgaon,Gumgaon Incline Mine,2800,2286,37.6,86.4,92.9,89.9,23.2,0.8,0.0,514,18.4,1
2025-11-03,gumgaon,Gumgaon Incline Mine,2800,2152,38.3,85.7,91.5,90.1,22.0,2.0,0.0,648,23.1,1
2025-11-04,gumgaon,Gumgaon Incline Mine,2800,2437,38.5,86.4,93.2,90.7,23.5,0.5,0.0,363,13.0,1
2025-11-05,gumgaon,Gumgaon Incline Mine,2800,2219,39.3,86.0,86.2,91.9,22.5,1.5,0.0,581,20.8,1
2025-11-06,gumgaon,Gumgaon Incline Mine,2800,2232,38.1,86.4,91.9,85.0,22.8,1.2,0.0,568,20.3,1
2025-11-07,gumgaon,Gumgaon Incline Mine,2800,2248,39.1,87.2,87.5,88.9,22.6,1.4,0.0,552,19.7,1
2025-11-08,gumgaon,Gumgaon Incline Mine,2800,2273,38.5,87.6,92.0,90.7,22.3,1.7,0.0,527,18.8,1
2025-11-09,gumgaon,Gumgaon Incline Mine,2800,2235,38.8,87.2,94.5,86.5,22.7,1.3,0.0,565,20.2,1
2025-11-10,gumgaon,Gumgaon Incline Mine,2800,2095,38.5,85.5,85.2,87.9,22.2,1.8,0.0,705,25.2,1
2025-11-11,gumgaon,Gumgaon Incline Mine,2800,2177,38.0,84.9,90.2,91.2,22.1,1.9,0.0,623,22.2,1
2025-11-12,gumgaon,Gumgaon Incline Mine,2800,2246,34.3,84.7,90.8,89.3,22.7,1.3,0.0,554,19.8,1
2025-11-13,gumgaon,Gumgaon Incline Mine,2800,2081,38.8,87.5,91.9,85.0,22.1,1.9,0.0,719,25.7,1
2025-11-14,gumgaon,Gumgaon Incline Mine,2800,2118,37.7,85.7,86.8,88.9,22.2,1.8,0.0,682,24.4,1
2025-11-15,gumgaon,Gumgaon Incline Mine,2800,2391,38.3,86.8,92.9,90.2,23.1,0.9,0.0,409,14.6,1
2025-11-16,gumgaon,Gumgaon Incline Mine,2800,2159,38.7,86.8,86.1,86.2,22.4,1.6,0.0,641,22.9,1
2025-11-17,gumgaon,Gumgaon Incline Mine,2800,2239,40.4,88.8,88.7,84.6,22.6,1.4,0.0,561,20.0,1
2025-11-18,gumgaon,Gumgaon Incline Mine,2800,2223,38.5,85.3,86.7,87.0,22.5,1.5,0.0,577,20.6,1
2025-11-19,gumgaon,Gumgaon Incline Mine,2800,2297,39.3,87.3,89.3,87.8,22.6,1.4,0.0,503,18.0,1
2025-11-20,gumgaon,Gumgaon Incline Mine,2800,2319,38.6,86.5,93.6,89.2,22.8,1.2,0.0,481,17.2,1
2025-11-21,gumgaon,Gumgaon Incline Mine,2800,2266,39.2,85.7,89.4,90.7,23.1,0.9,0.0,534,19.1,1
2025-11-22,gumgaon,Gumgaon Incline Mine,2800,2372,39.0,86.0,94.2,94.2,22.7,1.3,0.0,428,15.3,1
2025-11-23,gumgaon,Gumgaon Incline Mine,2800,2043,39.3,87.9,94.4,79.4,23.2,0.8,0.0,757,27.0,1
2025-11-24,gumgaon,Gumgaon Incline Mine,2800,2280,38.2,87.3,89.3,87.8,22.6,1.4,0.0,520,18.6,1
2025-11-25,gumgaon,Gumgaon Incline Mine,2800,2058,38.0,85.5,85.5,87.0,22.1,1.9,0.0,742,26.5,1
2025-11-26,gumgaon,Gumgaon Incline Mine,2800,1600,38.8,87.1,63.1,85.7,16.3,7.7,0.0,1200,42.9,1
2025-11-27,gumgaon,Gumgaon Incline Mine,2800,2327,38.3,87.4,90.4,91.3,23.3,0.7,0.0,473,16.9,1
2025-11-28,gumgaon,Gumgaon Incline Mine,2800,2333,38.6,86.5,93.5,91.2,23.0,1.0,0.0,467,16.7,1
2025-11-29,gumgaon,Gumgaon Incline Mine,2800,2329,39.1,87.5,84.7,91.6,22.2,1.8,0.0,471,16.8,1
2025-11-30,gumgaon,Gumgaon Incline Mine,2800,2203,39.8,85.9,85.8,88.3,22.0,2.0,0.0,597,21.3,1
2025-12-01,gumgaon,Gumgaon Incline Mine,2800,2337,39.4,88.4,93.3,88.6,23.1,0.9,0.0,463,16.5,1
2025-12-02,gumgaon,Gumgaon Incline Mine,2800,2219,38.6,86.9,90.8,90.1,22.1,1.9,0.0,581,20.8,1
2025-12-03,gumgaon,Gumgaon Incline Mine,2800,2183,39.5,86.1,87.3,89.3,22.6,1.4,0.0,617,22.0,1
2025-12-04,gumgaon,Gumgaon Incline Mine,2800,2177,38.3,86.8,93.6,84.6,23.4,0.6,0.0,623,22.2,1
2025-12-05,gumgaon,Gumgaon Incline Mine,2800,2392,39.1,88.3,90.7,87.1,23.4,0.6,0.0,408,14.6,1
2025-12-06,gumgaon,Gumgaon Incline Mine,2800,2298,38.1,87.3,96.0,86.2,23.5,0.5,0.0,502,17.9,1
2025-12-07,gumgaon,Gumgaon Incline Mine,2800,2415,39.1,88.2,96.0,95.1,23.1,0.9,0.0,385,13.8,1
2025-12-08,gumgaon,Gumgaon Incline Mine,2800,2367,38.2,86.2,91.8,91.6,22.9,1.1,0.0,433,15.5,1
2025-12-09,gumgaon,Gumgaon Incline Mine,2800,2271,38.0,85.7,92.3,89.4,23.0,1.0,0.0,529,18.9,1
2025-12-10,gumgaon,Gumgaon Incline Mine,2800,2379,38.8,86.1,89.1,93.2,22.4,1.6,0.0,421,15.0,1
2025-12-11,gumgaon,Gumgaon Incline Mine,2800,2221,38.3,85.1,93.6,92.6,22.6,1.4,0.0,579,20.7,1
2025-12-12,gumgaon,Gumgaon Incline Mine,2800,2318,38.2,87.5,92.8,89.3,22.9,1.1,0.0,482,17.2,1
2025-12-13,gumgaon,Gumgaon Incline Mine,2800,2186,38.1,85.0,87.2,89.6,22.4,1.6,0.0,614,21.9,1
2025-12-14,gumgaon,Gumgaon Incline Mine,2800,2313,39.0,87.0,93.6,88.0,23.3,0.7,0.0,487,17.4,1
2025-12-15,gumgaon,Gumgaon Incline Mine,2800,2428,39.6,87.7,90.2,89.2,23.3,0.7,0.0,372,13.3,1
2025-12-16,gumgaon,Gumgaon Incline Mine,2800,2333,38.9,86.4,87.6,91.0,22.8,1.2,0.0,467,16.7,1
2025-12-17,gumgaon,Gumgaon Incline Mine,2800,2147,37.8,84.6,84.9,86.6,22.1,1.9,0.0,653,23.3,1
2025-12-18,gumgaon,Gumgaon Incline Mine,2800,2176,39.3,86.8,87.9,88.2,22.0,2.0,0.0,624,22.3,1
2025-12-19,gumgaon,Gumgaon Incline Mine,2800,2163,38.8,86.9,87.9,88.1,22.3,1.7,0.0,637,22.8,1
2025-12-20,gumgaon,Gumgaon Incline Mine,2800,2240,39.7,87.2,93.4,90.1,22.6,1.4,0.0,560,20.0,1
2025-12-21,gumgaon,Gumgaon Incline Mine,2800,2366,38.8,86.2,93.8,90.6,22.9,1.1,0.0,434,15.5,1
2025-12-22,gumgaon,Gumgaon Incline Mine,2800,2237,39.3,87.4,92.2,89.3,22.4,1.6,0.0,563,20.1,1
2025-12-23,gumgaon,Gumgaon Incline Mine,2800,2324,38.5,86.1,93.5,88.5,23.0,1.0,0.0,476,17.0,1
2025-12-24,gumgaon,Gumgaon Incline Mine,2800,2329,38.9,86.6,92.9,91.5,22.7,1.3,0.0,471,16.8,1
2025-12-25,gumgaon,Gumgaon Incline Mine,2800,2277,37.8,86.2,88.2,87.5,23.0,1.0,0.0,523,18.7,1
2025-12-26,gumgaon,Gumgaon Incline Mine,2800,2141,37.6,84.6,88.7,90.2,22.2,1.8,0.0,659,23.5,1
2025-12-27,gumgaon,Gumgaon Incline Mine,2800,2311,39.3,87.1,87.9,89.6,22.9,1.1,0.0,489,17.5,1
2025-12-28,gumgaon,Gumgaon Incline Mine,2800,2290,40.1,87.6,90.4,86.1,23.4,0.6,0.0,510,18.2,1
2025-12-29,gumgaon,Gumgaon Incline Mine,2800,2135,38.8,87.5,90.4,87.6,22.1,1.9,0.0,665,23.8,1
2025-12-30,gumgaon,Gumgaon Incline Mine,2800,2288,38.8,87.3,92.7,90.1,22.6,1.4,0.0,512,18.3,1
2025-12-31,gumgaon,Gumgaon Incline Mine,2800,2242,38.1,86.3,92.6,91.1,22.8,1.2,0.0,558,19.9,1
2026-01-01,gumgaon,Gumgaon Incline Mine,2800,2456,38.0,87.1,89.9,91.0,23.4,0.6,0.0,344,12.3,1
2026-01-02,gumgaon,Gumgaon Incline Mine,2800,2240,38.9,87.6,90.4,88.9,22.4,1.6,0.0,560,20.0,1
2026-01-03,gumgaon,Gumgaon Incline Mine,2800,2418,39.3,88.1,89.3,93.4,22.7,1.3,0.0,382,13.6,1
2026-01-04,gumgaon,Gumgaon Incline Mine,2800,2212,38.2,85.7,96.0,86.8,23.5,0.5,0.0,588,21.0,1
2026-01-05,gumgaon,Gumgaon Incline Mine,2800,2252,39.0,86.9,92.4,89.8,22.9,1.1,0.0,548,19.6,1
2026-01-06,gumgaon,Gumgaon Incline Mine,2800,2247,38.4,86.8,88.4,91.5,22.4,1.6,0.0,553,19.8,1
2026-01-07,gumgaon,Gumgaon Incline Mine,2800,2140,38.6,85.7,95.3,85.1,23.2,0.8,0.0,660,23.6,1
2026-01-08,gumgaon,Gumgaon Incline Mine,2800,2252,37.8,86.2,85.6,94.5,22.2,1.8,0.0,548,19.6,1
2026-01-09,gumgaon,Gumgaon Incline Mine,2800,2260,39.9,86.8,92.5,91.8,22.5,1.5,0.0,540,19.3,1
2026-01-10,gumgaon,Gumgaon Incline Mine,2800,2333,38.0,85.5,94.2,92.2,23.4,0.6,0.0,467,16.7,1
2026-01-11,gumgaon,Gumgaon Incline Mine,2800,2367,39.7,86.9,92.0,92.0,23.0,1.0,0.0,433,15.5,1
2026-01-12,gumgaon,Gumgaon Incline Mine,2800,1632,38.4,87.0,69.5,85.6,16.7,7.3,0.0,1168,41.7,1
2026-01-13,gumgaon,Gumgaon Incline Mine,2800,2262,38.6,87.7,87.6,91.1,22.4,1.6,0.0,538,19.2,1
2026-01-14,gumgaon,Gumgaon Incline Mine,2800,2028,35.2,83.5,90.2,86.7,22.3,1.7,0.0,772,27.6,1
2026-01-15,gumgaon,Gumgaon Incline Mine,2800,2211,37.6,87.1,89.7,86.5,23.0,1.0,0.0,589,21.0,1
2026-01-16,gumgaon,Gumgaon Incline Mine,2800,2173,37.7,85.5,88.1,86.8,22.3,1.7,0.0,627,22.4,1
2026-01-17,gumgaon,Gumgaon Incline Mine,2800,2221,39.1,86.2,87.0,90.3,22.6,1.4,0.0,579,20.7,1
2026-01-18,gumgaon,Gumgaon Incline Mine,2800,2138,38.6,85.9,91.1,87.3,22.1,1.9,0.0,662,23.6,1
2026-01-19,gumgaon,Gumgaon Incline Mine,2800,2233,38.7,87.3,94.2,85.1,23.3,0.7,0.0,567,20.2,1
2026-01-20,gumgaon,Gumgaon Incline Mine,2800,2263,38.7,85.5,89.9,91.4,22.5,1.5,0.0,537,19.2,1
2026-01-21,gumgaon,Gumgaon Incline Mine,2800,2195,38.4,85.2,87.8,87.3,22.2,1.8,0.0,605,21.6,1
2026-01-22,gumgaon,Gumgaon Incline Mine,2800,2120,38.6,87.2,87.8,83.1,22.6,1.4,0.0,680,24.3,1
2026-01-23,gumgaon,Gumgaon Incline Mine,2800,2207,38.4,86.9,86.6,89.6,22.6,1.4,0.0,593,21.2,1
2026-01-24,gumgaon,Gumgaon Incline Mine,2800,2141,38.9,86.4,92.5,83.4,23.4,0.6,0.0,659,23.5,1
2026-01-25,gumgaon,Gumgaon Incline Mine,2800,2153,37.5,84.5,93.8,87.8,22.7,1.3,0.0,647,23.1,1
2026-01-26,gumgaon,Gumgaon Incline Mine,2800,2328,37.6,87.2,89.0,92.6,22.7,1.3,0.0,472,16.9,1
2026-01-27,gumgaon,Gumgaon Incline Mine,2800,2342,37.7,86.8,96.6,92.2,23.3,0.7,0.0,458,16.4,1
2026-01-28,gumgaon,Gumgaon Incline Mine,2800,2358,38.9,86.4,87.7,95.5,22.3,1.7,0.0,442,15.8,1
2026-01-29,gumgaon,Gumgaon Incline Mine,2800,2312,38.4,85.9,96.6,91.9,23.2,0.8,0.0,488,17.4,1
2026-01-30,gumgaon,Gumgaon Incline Mine,2800,2232,38.0,85.5,92.0,89.0,22.6,1.4,0.0,568,20.3,1
2026-01-31,gumgaon,Gumgaon Incline Mine,2800,2333,38.3,85.2,90.8,90.4,22.9,1.1,0.0,467,16.7,1
2026-02-01,gumgaon,Gumgaon Incline Mine,2800,2226,38.2,85.0,93.9,90.6,22.9,1.1,0.0,574,20.5,1
2026-02-02,gumgaon,Gumgaon Incline Mine,2800,2224,38.5,87.0,91.3,89.1,22.5,1.5,0.0,576,20.6,1
2026-02-03,gumgaon,Gumgaon Incline Mine,2800,2357,38.2,85.1,96.0,90.3,23.2,0.8,0.0,443,15.8,1
2026-02-04,gumgaon,Gumgaon Incline Mine,2800,2249,39.7,87.1,90.0,90.3,22.2,1.8,0.0,551,19.7,1
2026-02-05,gumgaon,Gumgaon Incline Mine,2800,2317,37.9,86.4,92.2,89.6,22.5,1.5,0.0,483,17.2,1
2026-02-06,gumgaon,Gumgaon Incline Mine,2800,2322,39.1,86.1,87.5,92.0,22.8,1.2,0.0,478,17.1,1
2026-02-07,gumgaon,Gumgaon Incline Mine,2800,2239,39.6,87.7,89.6,91.0,22.2,1.8,0.0,561,20.0,1
2026-02-08,gumgaon,Gumgaon Incline Mine,2800,2391,39.4,87.0,87.4,91.9,22.6,1.4,0.0,409,14.6,1
2026-02-09,gumgaon,Gumgaon Incline Mine,2800,2250,38.9,86.6,91.7,89.5,23.1,0.9,0.0,550,19.6,1
2026-02-10,gumgaon,Gumgaon Incline Mine,2800,2171,38.5,85.3,87.0,88.2,22.1,1.9,0.0,629,22.5,1
2026-02-11,gumgaon,Gumgaon Incline Mine,2800,2359,38.7,85.4,90.1,94.1,22.1,1.9,0.0,441,15.8,1
2026-02-12,gumgaon,Gumgaon Incline Mine,2800,2288,39.0,88.1,86.5,88.6,22.1,1.9,0.0,512,18.3,1
2026-02-13,gumgaon,Gumgaon Incline Mine,2800,2341,37.8,85.0,93.3,94.9,23.3,0.7,0.0,459,16.4,1
2026-02-14,gumgaon,Gumgaon Incline Mine,2800,2339,39.0,87.5,87.2,91.1,22.1,1.9,0.0,461,16.5,1
2026-02-15,gumgaon,Gumgaon Incline Mine,2800,2353,39.0,87.1,86.4,93.4,22.1,1.9,0.0,447,16.0,1
2026-02-16,gumgaon,Gumgaon Incline Mine,2800,2250,37.6,87.0,96.5,85.5,23.2,0.8,0.0,550,19.6,1
2026-02-17,gumgaon,Gumgaon Incline Mine,2800,2258,38.7,85.8,90.9,90.6,23.2,0.8,0.0,542,19.4,1
2026-02-18,gumgaon,Gumgaon Incline Mine,2800,2188,37.3,84.5,92.4,89.3,22.7,1.3,0.0,612,21.9,1
2026-02-19,gumgaon,Gumgaon Incline Mine,2800,2354,37.5,86.9,93.2,89.7,22.9,1.1,0.0,446,15.9,1
2026-02-20,gumgaon,Gumgaon Incline Mine,2800,2232,37.7,86.3,88.4,86.3,22.6,1.4,0.0,568,20.3,1
2026-02-21,gumgaon,Gumgaon Incline Mine,2800,2321,38.2,87.6,85.7,94.1,22.1,1.9,0.0,479,17.1,1
2026-02-22,gumgaon,Gumgaon Incline Mine,2800,2203,38.0,84.7,87.1,91.9,22.3,1.7,0.0,597,21.3,1
2026-02-23,gumgaon,Gumgaon Incline Mine,2800,2179,39.4,86.1,92.5,87.4,22.4,1.6,0.0,621,22.2,1
2026-02-24,gumgaon,Gumgaon Incline Mine,2800,2414,39.4,87.2,96.4,92.1,23.2,0.8,0.0,386,13.8,1
2026-02-25,gumgaon,Gumgaon Incline Mine,2800,2170,39.1,86.1,89.8,89.1,22.4,1.6,0.0,630,22.5,1
2026-02-26,gumgaon,Gumgaon Incline Mine,2800,2342,38.9,85.6,91.8,90.9,22.9,1.1,0.0,458,16.4,1
2026-02-27,gumgaon,Gumgaon Incline Mine,2800,2401,37.9,86.7,93.3,92.0,22.7,1.3,0.0,399,14.2,1
2026-02-28,gumgaon,Gumgaon Incline Mine,2800,1561,39.8,86.2,61.9,88.1,16.5,7.5,0.0,1239,44.2,1
2026-03-01,gumgaon,Gumgaon Incline Mine,2800,2045,37.5,84.5,90.4,86.1,22.3,1.7,0.0,755,27.0,1
2026-03-02,gumgaon,Gumgaon Incline Mine,2800,2170,39.1,86.0,89.2,86.1,23.0,1.0,0.0,630,22.5,1
2026-03-03,gumgaon,Gumgaon Incline Mine,2800,2146,38.6,85.2,86.8,86.8,22.2,1.8,0.0,654,23.4,1
2026-03-04,gumgaon,Gumgaon Incline Mine,2800,2399,39.3,88.3,86.5,94.3,22.0,2.0,0.0,401,14.3,1
2026-03-05,gumgaon,Gumgaon Incline Mine,2800,2330,39.4,88.2,85.8,90.0,22.5,1.5,0.0,470,16.8,1
2026-03-06,gumgaon,Gumgaon Incline Mine,2800,2336,39.6,86.7,95.4,92.1,23.3,0.7,0.0,464,16.6,1
2026-03-07,gumgaon,Gumgaon Incline Mine,2800,2246,39.2,87.7,87.5,87.8,22.8,1.2,0.0,554,19.8,1
2026-03-08,gumgaon,Gumgaon Incline Mine,2800,2164,38.7,87.4,85.9,89.9,22.1,1.9,0.0,636,22.7,1
2026-03-09,gumgaon,Gumgaon Incline Mine,2800,2190,38.2,85.3,93.4,90.1,22.5,1.5,0.0,610,21.8,1
2026-03-10,gumgaon,Gumgaon Incline Mine,2800,2283,39.7,87.5,94.5,87.1,22.8,1.2,0.0,517,18.5,1
2026-03-11,gumgaon,Gumgaon Incline Mine,2800,2115,37.5,86.5,85.8,85.0,22.4,1.6,0.0,685,24.5,1
2026-03-12,gumgaon,Gumgaon Incline Mine,2800,2193,38.7,86.5,92.7,86.8,22.6,1.4,0.0,607,21.7,1
2026-03-13,gumgaon,Gumgaon Incline Mine,2800,2201,38.4,87.4,89.7,84.6,23.2,0.8,0.0,599,21.4,1
2026-03-14,gumgaon,Gumgaon Incline Mine,2800,2268,39.5,86.0,92.9,88.6,23.0,1.0,0.0,532,19.0,1
2026-03-15,gumgaon,Gumgaon Incline Mine,2800,2284,38.5,85.3,94.9,89.8,23.5,0.5,0.0,516,18.4,1
2026-03-16,gumgaon,Gumgaon Incline Mine,2800,2302,37.7,84.8,89.2,91.2,22.8,1.2,0.0,498,17.8,1
2026-03-17,gumgaon,Gumgaon Incline Mine,2800,2240,38.7,86.4,96.4,88.7,23.3,0.7,0.0,560,20.0,1
2026-03-18,gumgaon,Gumgaon Incline Mine,2800,2048,33.8,82.8,87.6,86.3,22.6,1.4,0.0,752,26.9,1
2026-03-19,gumgaon,Gumgaon Incline Mine,2800,2219,38.8,86.8,89.3,88.4,22.1,1.9,0.0,581,20.8,1
2026-03-20,gumgaon,Gumgaon Incline Mine,2800,2273,37.5,87.3,93.0,90.4,22.4,1.6,0.0,527,18.8,1
2026-03-21,gumgaon,Gumgaon Incline Mine,2800,2145,39.0,86.6,93.8,86.2,22.9,1.1,0.0,655,23.4,1
2026-03-22,gumgaon,Gumgaon Incline Mine,2800,2338,38.1,86.2,96.6,90.1,23.4,0.6,0.0,462,16.5,1
2026-03-23,gumgaon,Gumgaon Incline Mine,2800,2244,39.9,87.0,88.3,86.5,23.0,1.0,0.0,556,19.9,1
2026-03-24,gumgaon,Gumgaon Incline Mine,2800,2352,37.5,87.3,90.4,87.6,23.3,0.7,0.0,448,16.0,1
2026-03-25,gumgaon,Gumgaon Incline Mine,2800,2300,38.9,87.2,92.6,89.8,23.3,0.7,0.0,500,17.9,1
2026-03-26,gumgaon,Gumgaon Incline Mine,2800,2133,37.7,84.8,93.6,84.9,23.2,0.8,0.0,667,23.8,1
2026-03-27,gumgaon,Gumgaon Incline Mine,2800,2320,38.5,87.1,95.4,89.6,22.9,1.1,0.0,480,17.1,1
2026-03-28,gumgaon,Gumgaon Incline Mine,2800,2300,38.7,86.8,88.0,89.3,22.6,1.4,0.0,500,17.9,1
2026-03-29,gumgaon,Gumgaon Incline Mine,2800,2399,38.1,86.7,87.6,91.0,22.9,1.1,0.0,401,14.3,1
2026-03-30,gumgaon,Gumgaon Incline Mine,2800,2357,38.2,86.4,88.1,90.8,22.9,1.1,0.0,443,15.8,1
2026-03-31,gumgaon,Gumgaon Incline Mine,2800,2244,38.2,85.9,89.4,87.3,22.9,1.1,0.0,556,19.9,1
2026-04-01,gumgaon,Gumgaon Incline Mine,2800,2109,38.6,86.8,85.0,87.5,22.3,1.7,0.0,691,24.7,1
2026-04-02,gumgaon,Gumgaon Incline Mine,2800,2311,39.6,86.3,90.9,91.9,22.3,1.7,0.0,489,17.5,1
2026-04-03,gumgaon,Gumgaon Incline Mine,2800,2250,38.7,86.8,88.0,86.1,22.8,1.2,0.0,550,19.6,1
2026-04-04,gumgaon,Gumgaon Incline Mine,2800,2281,37.8,87.2,91.4,89.9,22.7,1.3,0.0,519,18.5,1
2026-04-05,gumgaon,Gumgaon Incline Mine,2800,2314,38.1,86.6,88.4,88.5,23.0,1.0,0.0,486,17.4,1
2026-04-06,gumgaon,Gumgaon Incline Mine,2800,2093,39.1,85.8,87.8,86.4,22.1,1.9,0.0,707,25.2,1
2026-04-07,gumgaon,Gumgaon Incline Mine,2800,2204,38.5,86.5,86.3,85.5,22.6,1.4,0.0,596,21.3,1
2026-04-08,gumgaon,Gumgaon Incline Mine,2800,2274,38.6,87.1,86.2,90.9,22.2,1.8,0.0,526,18.8,1
2026-04-09,gumgaon,Gumgaon Incline Mine,2800,2071,36.9,85.7,85.7,87.0,22.3,1.7,0.0,729,26.0,1
2026-04-10,gumgaon,Gumgaon Incline Mine,2800,2245,37.9,84.6,94.7,90.1,23.5,0.5,0.0,555,19.8,1
2026-04-11,gumgaon,Gumgaon Incline Mine,2800,2290,38.4,87.6,90.6,90.5,22.2,1.8,0.0,510,18.2,1
2026-04-12,gumgaon,Gumgaon Incline Mine,2800,2388,38.6,87.4,91.6,88.7,23.3,0.7,0.0,412,14.7,1
2026-04-13,gumgaon,Gumgaon Incline Mine,2800,2361,38.3,85.6,91.8,93.4,23.2,0.8,0.0,439,15.7,1
2026-04-14,gumgaon,Gumgaon Incline Mine,2800,2175,39.5,88.0,90.0,85.0,22.7,1.3,0.0,625,22.3,1
2026-04-15,gumgaon,Gumgaon Incline Mine,2800,2352,38.3,86.9,87.5,92.6,22.8,1.2,0.0,448,16.0,1
2026-04-16,gumgaon,Gumgaon Incline Mine,2800,1866,39.8,87.9,67.2,94.1,16.9,7.1,0.0,934,33.4,1
2026-04-17,gumgaon,Gumgaon Incline Mine,2800,2347,39.0,85.7,91.5,89.9,23.0,1.0,0.0,453,16.2,1
2026-04-18,gumgaon,Gumgaon Incline Mine,2800,2182,37.9,85.0,92.7,85.8,23.4,0.6,0.0,618,22.1,1
2026-04-19,gumgaon,Gumgaon Incline Mine,2800,2238,39.5,86.0,91.4,85.5,23.3,0.7,0.0,562,20.1,1
2026-04-20,gumgaon,Gumgaon Incline Mine,2800,2444,38.9,86.5,90.4,92.8,23.3,0.7,0.0,356,12.7,1
2026-04-21,gumgaon,Gumgaon Incline Mine,2800,2191,38.0,86.1,85.2,88.3,22.2,1.8,0.0,609,21.8,1
2026-04-22,gumgaon,Gumgaon Incline Mine,2800,2343,39.4,87.0,91.6,88.8,22.8,1.2,0.0,457,16.3,1
2026-04-23,gumgaon,Gumgaon Incline Mine,2800,2344,39.0,86.5,88.9,91.1,22.5,1.5,0.0,456,16.3,1
2026-04-24,gumgaon,Gumgaon Incline Mine,2800,2048,38.3,85.4,89.0,85.2,22.2,1.8,0.0,752,26.9,1
2026-04-25,gumgaon,Gumgaon Incline Mine,2800,2106,38.6,86.7,91.1,86.6,22.4,1.6,0.0,694,24.8,1
2026-04-26,gumgaon,Gumgaon Incline Mine,2800,2239,38.9,86.1,86.4,87.7,22.5,1.5,0.0,561,20.0,1
2026-04-27,gumgaon,Gumgaon Incline Mine,2800,2222,38.4,85.9,88.2,90.1,22.4,1.6,0.0,578,20.6,1
2026-04-28,gumgaon,Gumgaon Incline Mine,2800,2297,39.2,87.4,87.8,90.7,22.8,1.2,0.0,503,18.0,1
2026-04-29,gumgaon,Gumgaon Incline Mine,2800,2302,39.5,86.6,95.4,89.2,23.3,0.7,0.0,498,17.8,1
2026-04-30,gumgaon,Gumgaon Incline Mine,2800,2376,38.3,87.7,94.5,92.1,23.0,1.0,0.0,424,15.1,1
2026-05-01,gumgaon,Gumgaon Incline Mine,2800,2086,38.2,85.4,91.5,87.2,22.0,2.0,0.0,714,25.5,1
2026-05-02,gumgaon,Gumgaon Incline Mine,2800,2176,38.8,87.8,97.1,84.7,23.4,0.6,0.0,624,22.3,1
2026-05-03,gumgaon,Gumgaon Incline Mine,2800,2138,38.5,85.2,88.0,83.7,22.9,1.1,0.0,662,23.6,1
2026-05-04,gumgaon,Gumgaon Incline Mine,2800,2153,37.7,86.0,89.2,86.5,22.6,1.4,0.0,647,23.1,1
2026-05-05,gumgaon,Gumgaon Incline Mine,2800,2229,39.4,88.2,91.2,88.4,22.4,1.6,0.0,571,20.4,1
2026-05-06,gumgaon,Gumgaon Incline Mine,2800,2359,37.5,84.7,96.1,91.6,23.4,0.6,0.0,441,15.8,1
2026-05-07,gumgaon,Gumgaon Incline Mine,2800,2246,38.3,85.4,86.6,90.9,22.0,2.0,0.0,554,19.8,1
2026-05-08,gumgaon,Gumgaon Incline Mine,2800,2267,38.8,87.1,93.6,92.0,22.5,1.5,0.0,533,19.0,1
2026-05-09,gumgaon,Gumgaon Incline Mine,2800,2159,38.0,87.0,89.9,87.2,22.6,1.4,0.0,641,22.9,1
2026-05-10,gumgaon,Gumgaon Incline Mine,2800,2151,38.6,87.8,88.4,84.6,22.1,1.9,0.0,649,23.2,1
2026-05-11,gumgaon,Gumgaon Incline Mine,2800,2102,39.1,85.5,88.0,85.8,22.6,1.4,0.0,698,24.9,1
2026-05-12,gumgaon,Gumgaon Incline Mine,2800,2271,38.6,87.6,91.4,91.0,22.1,1.9,0.0,529,18.9,1
2026-05-13,gumgaon,Gumgaon Incline Mine,2800,2114,38.4,84.9,86.2,86.6,22.5,1.5,0.0,686,24.5,1
2026-05-14,gumgaon,Gumgaon Incline Mine,2800,2333,39.6,88.4,93.4,87.0,23.2,0.8,0.0,467,16.7,1
2026-05-15,gumgaon,Gumgaon Incline Mine,2800,2162,38.4,86.2,88.6,87.2,22.2,1.8,0.0,638,22.8,1
2025-01-01,tirodi,Tirodi Manganese Lease,3200,2577,35.7,85.6,96.3,89.5,23.3,0.7,0.0,623,19.5,1
2025-01-02,tirodi,Tirodi Manganese Lease,3200,2335,35.4,85.6,88.3,81.4,22.4,1.6,0.0,865,27.0,1
2025-01-03,tirodi,Tirodi Manganese Lease,3200,2428,35.1,84.9,88.0,86.4,23.0,1.0,0.0,772,24.1,1
2025-01-04,tirodi,Tirodi Manganese Lease,3200,2493,35.6,87.0,86.6,88.2,22.2,1.8,0.0,707,22.1,1
2025-01-05,tirodi,Tirodi Manganese Lease,3200,2428,36.4,86.0,88.0,89.1,22.1,1.9,0.0,772,24.1,1
2025-01-06,tirodi,Tirodi Manganese Lease,3200,2429,35.3,87.3,91.7,86.9,22.5,1.5,0.0,771,24.1,1
2025-01-07,tirodi,Tirodi Manganese Lease,3200,2448,35.8,87.4,89.2,86.1,22.0,2.0,0.0,752,23.5,1
2025-01-08,tirodi,Tirodi Manganese Lease,3200,2480,36.8,86.2,88.9,85.0,22.7,1.3,0.0,720,22.5,1
2025-01-09,tirodi,Tirodi Manganese Lease,3200,2479,36.8,85.9,90.3,88.6,22.9,1.1,0.0,721,22.5,1
2025-01-10,tirodi,Tirodi Manganese Lease,3200,2407,35.4,86.1,90.7,87.7,22.2,1.8,0.0,793,24.8,1
2025-01-11,tirodi,Tirodi Manganese Lease,3200,2411,35.5,84.6,87.5,86.8,22.9,1.1,0.0,789,24.7,1
2025-01-12,tirodi,Tirodi Manganese Lease,3200,2575,35.8,87.1,90.0,86.8,22.7,1.3,0.0,625,19.5,1
2025-01-13,tirodi,Tirodi Manganese Lease,3200,2517,36.6,85.8,88.7,88.6,22.8,1.2,0.0,683,21.3,1
2025-01-14,tirodi,Tirodi Manganese Lease,3200,2464,35.9,85.1,86.7,87.9,22.3,1.7,0.0,736,23.0,1
2025-01-15,tirodi,Tirodi Manganese Lease,3200,2798,36.5,88.1,96.1,91.5,23.4,0.6,0.0,402,12.6,1
2025-01-16,tirodi,Tirodi Manganese Lease,3200,2471,36.8,85.7,89.4,86.6,22.0,2.0,0.0,729,22.8,1
2025-01-17,tirodi,Tirodi Manganese Lease,3200,2496,36.3,85.7,91.7,85.5,22.7,1.3,0.0,704,22.0,1
2025-01-18,tirodi,Tirodi Manganese Lease,3200,2514,36.1,86.7,86.3,88.1,22.6,1.4,0.0,686,21.4,1
2025-01-19,tirodi,Tirodi Manganese Lease,3200,2466,37.0,87.0,86.9,87.2,22.5,1.5,0.0,734,22.9,1
2025-01-20,tirodi,Tirodi Manganese Lease,3200,2605,35.9,86.6,91.8,87.3,23.1,0.9,0.0,595,18.6,1
2025-01-21,tirodi,Tirodi Manganese Lease,3200,2680,35.6,87.4,93.5,88.0,23.0,1.0,0.0,520,16.2,1
2025-01-22,tirodi,Tirodi Manganese Lease,3200,2614,35.8,86.3,87.1,92.2,22.4,1.6,0.0,586,18.3,1
2025-01-23,tirodi,Tirodi Manganese Lease,3200,2673,36.6,85.5,89.3,88.4,23.2,0.8,0.0,527,16.5,1
2025-01-24,tirodi,Tirodi Manganese Lease,3200,2550,36.4,85.2,95.9,88.8,23.2,0.8,0.0,650,20.3,1
2025-01-25,tirodi,Tirodi Manganese Lease,3200,2385,36.1,87.7,89.2,84.0,22.5,1.5,0.0,815,25.5,1
2025-01-26,tirodi,Tirodi Manganese Lease,3200,2529,35.9,86.4,94.7,89.3,22.9,1.1,0.0,671,21.0,1
2025-01-27,tirodi,Tirodi Manganese Lease,3200,2490,36.0,86.9,85.5,89.4,22.1,1.9,0.0,710,22.2,1
2025-01-28,tirodi,Tirodi Manganese Lease,3200,2519,36.5,85.3,87.1,90.2,22.2,1.8,0.0,681,21.3,1
2025-01-29,tirodi,Tirodi Manganese Lease,3200,2368,35.8,85.1,91.0,85.6,22.7,1.3,0.0,832,26.0,1
2025-01-30,tirodi,Tirodi Manganese Lease,3200,2484,36.3,86.2,92.7,87.1,23.0,1.0,0.0,716,22.4,1
2025-01-31,tirodi,Tirodi Manganese Lease,3200,2557,36.1,87.5,92.8,90.1,22.8,1.2,0.0,643,20.1,1
2025-02-01,tirodi,Tirodi Manganese Lease,3200,2588,35.7,87.2,92.0,87.4,22.6,1.4,0.0,612,19.1,1
2025-02-02,tirodi,Tirodi Manganese Lease,3200,2373,36.6,86.3,89.5,87.0,22.1,1.9,0.0,827,25.8,1
2025-02-03,tirodi,Tirodi Manganese Lease,3200,2464,37.1,85.9,88.7,88.4,22.1,1.9,0.0,736,23.0,1
2025-02-04,tirodi,Tirodi Manganese Lease,3200,2536,36.4,87.5,85.7,87.8,22.2,1.8,0.0,664,20.8,1
2025-02-05,tirodi,Tirodi Manganese Lease,3200,2660,36.4,86.4,94.3,87.1,23.4,0.6,0.0,540,16.9,1
2025-02-06,tirodi,Tirodi Manganese Lease,3200,2434,36.1,86.6,88.8,86.3,22.4,1.6,0.0,766,23.9,1
2025-02-07,tirodi,Tirodi Manganese Lease,3200,2573,35.7,86.1,87.6,91.0,22.7,1.3,0.0,627,19.6,1
2025-02-08,tirodi,Tirodi Manganese Lease,3200,2401,36.4,85.6,91.3,84.5,22.6,1.4,0.0,799,25.0,1
2025-02-09,tirodi,Tirodi Manganese Lease,3200,2435,35.7,87.2,85.2,87.5,22.0,2.0,0.0,765,23.9,1
2025-02-10,tirodi,Tirodi Manganese Lease,3200,2569,36.6,85.8,89.3,91.1,22.4,1.6,0.0,631,19.7,1
2025-02-11,tirodi,Tirodi Manganese Lease,3200,2609,36.3,86.1,88.3,89.5,22.3,1.7,0.0,591,18.5,1
2025-02-12,tirodi,Tirodi Manganese Lease,3200,2652,36.7,87.9,91.7,87.0,22.8,1.2,0.0,548,17.1,1
2025-02-13,tirodi,Tirodi Manganese Lease,3200,2526,36.3,85.8,94.4,87.5,22.7,1.3,0.0,674,21.1,1
2025-02-14,tirodi,Tirodi Manganese Lease,3200,2515,36.0,86.0,89.6,87.5,22.6,1.4,0.0,685,21.4,1
2025-02-15,tirodi,Tirodi Manganese Lease,3200,2417,36.0,87.3,87.6,86.6,22.2,1.8,0.0,783,24.5,1
2025-02-16,tirodi,Tirodi Manganese Lease,3200,2651,36.9,85.5,93.3,90.0,22.9,1.1,0.0,549,17.2,1
2025-02-17,tirodi,Tirodi Manganese Lease,3200,1859,36.6,87.7,65.8,89.1,16.6,7.4,0.0,1341,41.9,1
2025-02-18,tirodi,Tirodi Manganese Lease,3200,2575,35.9,86.4,91.1,90.0,22.0,2.0,0.0,625,19.5,1
2025-02-19,tirodi,Tirodi Manganese Lease,3200,2446,36.9,85.5,90.2,86.2,22.8,1.2,0.0,754,23.6,1
2025-02-20,tirodi,Tirodi Manganese Lease,3200,2475,37.4,87.9,92.0,86.9,22.6,1.4,0.0,725,22.7,1
2025-02-21,tirodi,Tirodi Manganese Lease,3200,2604,35.8,85.2,93.3,91.1,22.6,1.4,0.0,596,18.6,1
2025-02-22,tirodi,Tirodi Manganese Lease,3200,2445,36.5,88.1,89.8,85.5,22.8,1.2,0.0,755,23.6,1
2025-02-23,tirodi,Tirodi Manganese Lease,3200,2511,35.3,85.4,93.9,86.9,22.8,1.2,0.0,689,21.5,1
2025-02-24,tirodi,Tirodi Manganese Lease,3200,2435,36.0,86.2,90.4,85.3,22.9,1.1,0.0,765,23.9,1
2025-02-25,tirodi,Tirodi Manganese Lease,3200,2575,36.4,87.0,88.9,90.5,22.4,1.6,0.0,625,19.5,1
2025-02-26,tirodi,Tirodi Manganese Lease,3200,2658,36.9,87.0,92.7,91.1,23.4,0.6,0.0,542,16.9,1
2025-02-27,tirodi,Tirodi Manganese Lease,3200,2606,36.8,86.2,94.8,88.3,22.9,1.1,0.0,594,18.6,1
2025-02-28,tirodi,Tirodi Manganese Lease,3200,2318,36.5,85.4,92.3,81.0,22.6,1.4,0.0,882,27.6,1
2025-03-01,tirodi,Tirodi Manganese Lease,3200,2661,36.1,85.9,94.7,91.4,23.3,0.7,0.0,539,16.8,1
2025-03-02,tirodi,Tirodi Manganese Lease,3200,2624,35.9,85.1,97.4,88.9,23.4,0.6,0.0,576,18.0,1
2025-03-03,tirodi,Tirodi Manganese Lease,3200,2557,35.4,84.6,86.7,89.5,22.7,1.3,0.0,643,20.1,1
2025-03-04,tirodi,Tirodi Manganese Lease,3200,2717,36.1,87.7,94.5,93.0,23.3,0.7,0.0,483,15.1,1
2025-03-05,tirodi,Tirodi Manganese Lease,3200,2635,32.0,85.2,92.3,91.7,22.8,1.2,0.0,565,17.7,1
2025-03-06,tirodi,Tirodi Manganese Lease,3200,2725,36.2,86.6,95.4,88.7,23.3,0.7,0.0,475,14.8,1
2025-03-07,tirodi,Tirodi Manganese Lease,3200,2556,36.6,88.1,90.8,87.3,22.0,2.0,0.0,644,20.1,1
2025-03-08,tirodi,Tirodi Manganese Lease,3200,2578,36.6,85.8,88.6,90.8,22.3,1.7,0.0,622,19.4,1
2025-03-09,tirodi,Tirodi Manganese Lease,3200,2683,37.7,87.7,85.1,91.4,22.3,1.7,0.0,517,16.2,1
2025-03-10,tirodi,Tirodi Manganese Lease,3200,2514,37.0,86.6,94.6,86.5,23.4,0.6,0.0,686,21.4,1
2025-03-11,tirodi,Tirodi Manganese Lease,3200,2529,36.9,86.6,89.5,85.5,22.9,1.1,0.0,671,21.0,1
2025-03-12,tirodi,Tirodi Manganese Lease,3200,2691,36.2,87.1,93.3,88.7,23.2,0.8,0.0,509,15.9,1
2025-03-13,tirodi,Tirodi Manganese Lease,3200,2696,36.1,86.7,94.5,86.8,23.5,0.5,0.0,504,15.8,1
2025-03-14,tirodi,Tirodi Manganese Lease,3200,2604,36.0,87.6,90.2,89.2,22.8,1.2,0.0,596,18.6,1
2025-03-15,tirodi,Tirodi Manganese Lease,3200,2437,36.8,87.5,86.9,83.6,22.6,1.4,0.0,763,23.8,1
2025-03-16,tirodi,Tirodi Manganese Lease,3200,2545,35.7,86.6,88.7,89.4,22.6,1.4,0.0,655,20.5,1
2025-03-17,tirodi,Tirodi Manganese Lease,3200,2504,35.4,84.6,96.6,87.0,23.2,0.8,0.0,696,21.8,1
2025-03-18,tirodi,Tirodi Manganese Lease,3200,2514,35.6,85.3,90.3,88.6,23.2,0.8,0.0,686,21.4,1
2025-03-19,tirodi,Tirodi Manganese Lease,3200,2420,35.5,84.7,84.6,89.1,22.0,2.0,0.0,780,24.4,1
2025-03-20,tirodi,Tirodi Manganese Lease,3200,2442,35.4,85.5,91.7,88.0,22.3,1.7,0.0,758,23.7,1
2025-03-21,tirodi,Tirodi Manganese Lease,3200,2392,37.4,86.4,91.7,86.9,22.3,1.7,0.0,808,25.2,1
2025-03-22,tirodi,Tirodi Manganese Lease,3200,2605,36.4,86.5,93.6,90.3,23.1,0.9,0.0,595,18.6,1
2025-03-23,tirodi,Tirodi Manganese Lease,3200,2561,36.4,87.1,88.8,86.7,22.8,1.2,0.0,639,20.0,1
2025-03-24,tirodi,Tirodi Manganese Lease,3200,2506,36.4,87.3,90.1,85.3,22.3,1.7,0.0,694,21.7,1
2025-03-25,tirodi,Tirodi Manganese Lease,3200,2362,35.4,85.3,89.0,83.9,23.1,0.9,0.0,838,26.2,1
2025-03-26,tirodi,Tirodi Manganese Lease,3200,2646,36.2,86.5,91.2,90.3,23.0,1.0,0.0,554,17.3,1
2025-03-27,tirodi,Tirodi Manganese Lease,3200,2650,35.7,86.9,87.3,89.6,22.8,1.2,0.0,550,17.2,1
2025-03-28,tirodi,Tirodi Manganese Lease,3200,2494,36.4,86.3,90.0,90.1,22.3,1.7,0.0,706,22.1,1
2025-03-29,tirodi,Tirodi Manganese Lease,3200,2705,35.7,86.9,91.3,89.9,22.7,1.3,0.0,495,15.5,1
2025-03-30,tirodi,Tirodi Manganese Lease,3200,2626,36.4,87.7,88.9,90.1,23.2,0.8,0.0,574,17.9,1
2025-03-31,tirodi,Tirodi Manganese Lease,3200,2617,36.4,86.8,87.6,91.6,22.9,1.1,0.0,583,18.2,1
2025-04-01,tirodi,Tirodi Manganese Lease,3200,2679,36.5,87.4,90.3,90.3,22.8,1.2,0.0,521,16.3,1
2025-04-02,tirodi,Tirodi Manganese Lease,3200,2330,36.4,87.1,88.2,84.0,22.1,1.9,0.0,870,27.2,1
2025-04-03,tirodi,Tirodi Manganese Lease,3200,2465,36.9,88.1,90.2,89.0,22.1,1.9,0.0,735,23.0,1
2025-04-04,tirodi,Tirodi Manganese Lease,3200,2485,36.0,85.4,92.8,89.8,22.3,1.7,0.0,715,22.3,1
2025-04-05,tirodi,Tirodi Manganese Lease,3200,1874,35.3,86.9,66.0,87.6,16.4,7.6,0.0,1326,41.4,1
2025-04-06,tirodi,Tirodi Manganese Lease,3200,2589,36.8,87.9,94.5,86.2,23.1,0.9,0.0,611,19.1,1
2025-04-07,tirodi,Tirodi Manganese Lease,3200,2637,36.9,86.4,93.6,90.6,23.1,0.9,0.0,563,17.6,1
2025-04-08,tirodi,Tirodi Manganese Lease,3200,2431,35.7,85.1,90.9,84.5,23.4,0.6,0.0,769,24.0,1
2025-04-09,tirodi,Tirodi Manganese Lease,3200,2592,36.6,87.6,94.9,85.9,22.9,1.1,0.0,608,19.0,1
2025-04-10,tirodi,Tirodi Manganese Lease,3200,2540,35.5,84.6,96.5,86.5,23.3,0.7,0.0,660,20.6,1
2025-04-11,tirodi,Tirodi Manganese Lease,3200,2605,36.5,87.6,92.8,89.5,22.3,1.7,0.0,595,18.6,1
2025-04-12,tirodi,Tirodi Manganese Lease,3200,2499,36.7,86.8,90.4,87.0,22.0,2.0,0.0,701,21.9,1
2025-04-13,tirodi,Tirodi Manganese Lease,3200,2695,36.2,87.8,90.6,88.8,22.9,1.1,0.0,505,15.8,1
2025-04-14,tirodi,Tirodi Manganese Lease,3200,2583,36.2,88.0,94.1,87.4,22.6,1.4,0.0,617,19.3,1
2025-04-15,tirodi,Tirodi Manganese Lease,3200,2701,35.5,87.1,95.0,89.4,23.4,0.6,0.0,499,15.6,1
2025-04-16,tirodi,Tirodi Manganese Lease,3200,2649,36.7,87.0,96.9,85.6,23.4,0.6,0.0,551,17.2,1
2025-04-17,tirodi,Tirodi Manganese Lease,3200,2552,36.0,86.0,88.7,86.9,22.6,1.4,0.0,648,20.2,1
2025-04-18,tirodi,Tirodi Manganese Lease,3200,2519,35.8,86.2,88.8,87.0,22.5,1.5,0.0,681,21.3,1
2025-04-19,tirodi,Tirodi Manganese Lease,3200,2581,36.8,86.3,90.9,88.5,22.3,1.7,0.0,619,19.3,1
2025-04-20,tirodi,Tirodi Manganese Lease,3200,2812,36.7,87.9,92.8,89.8,23.4,0.6,0.0,388,12.1,1
2025-04-21,tirodi,Tirodi Manganese Lease,3200,2446,36.8,87.2,93.2,83.7,23.4,0.6,0.0,754,23.6,1
2025-04-22,tirodi,Tirodi Manganese Lease,3200,2484,36.4,87.3,91.2,88.4,22.3,1.7,0.0,716,22.4,1
2025-04-23,tirodi,Tirodi Manganese Lease,3200,2492,36.3,86.9,87.4,88.1,22.2,1.8,0.0,708,22.1,1
2025-04-24,tirodi,Tirodi Manganese Lease,3200,2650,35.0,85.9,92.4,92.4,22.7,1.3,0.0,550,17.2,1
2025-04-25,tirodi,Tirodi Manganese Lease,3200,2572,37.0,85.9,87.0,87.5,22.6,1.4,0.0,628,19.6,1
2025-04-26,tirodi,Tirodi Manganese Lease,3200,2525,36.0,87.5,93.1,89.2,22.5,1.5,0.0,675,21.1,1
2025-04-27,tirodi,Tirodi Manganese Lease,3200,2501,36.5,87.3,90.5,89.6,22.1,1.9,0.0,699,21.8,1
2025-04-28,tirodi,Tirodi Manganese Lease,3200,2495,36.7,88.2,89.4,88.4,22.4,1.6,0.0,705,22.0,1
2025-04-29,tirodi,Tirodi Manganese Lease,3200,2504,36.6,87.0,86.8,85.7,22.4,1.6,0.0,696,21.8,1
2025-04-30,tirodi,Tirodi Manganese Lease,3200,2504,36.7,87.1,88.9,90.8,22.0,2.0,0.0,696,21.8,1
2025-05-01,tirodi,Tirodi Manganese Lease,3200,2620,36.3,87.2,94.0,89.3,22.9,1.1,0.0,580,18.1,1
2025-05-02,tirodi,Tirodi Manganese Lease,3200,2612,35.7,85.3,93.6,89.9,23.5,0.5,0.0,588,18.4,1
2025-05-03,tirodi,Tirodi Manganese Lease,3200,2678,37.0,86.0,92.2,91.0,22.8,1.2,0.0,522,16.3,1
2025-05-04,tirodi,Tirodi Manganese Lease,3200,2566,35.7,85.4,94.8,88.4,23.4,0.6,0.0,634,19.8,1
2025-05-05,tirodi,Tirodi Manganese Lease,3200,2420,36.7,87.1,87.4,85.9,22.4,1.6,0.0,780,24.4,1
2025-05-06,tirodi,Tirodi Manganese Lease,3200,2650,36.6,87.0,91.2,88.5,23.2,0.8,0.0,550,17.2,1
2025-05-07,tirodi,Tirodi Manganese Lease,3200,2625,32.0,85.0,88.4,91.4,22.4,1.6,0.0,575,18.0,1
2025-05-08,tirodi,Tirodi Manganese Lease,3200,2491,35.5,85.4,90.2,87.9,23.1,0.9,0.0,709,22.2,1
2025-05-09,tirodi,Tirodi Manganese Lease,3200,2558,35.9,87.3,92.4,89.3,22.8,1.2,0.0,642,20.1,1
2025-05-10,tirodi,Tirodi Manganese Lease,3200,2554,36.3,85.8,96.5,85.4,23.3,0.7,0.0,646,20.2,1
2025-05-11,tirodi,Tirodi Manganese Lease,3200,2478,36.3,86.0,84.8,85.9,22.1,1.9,0.0,722,22.6,1
2025-05-12,tirodi,Tirodi Manganese Lease,3200,2652,36.9,87.4,94.1,88.7,23.0,1.0,0.0,548,17.1,1
2025-05-13,tirodi,Tirodi Manganese Lease,3200,2572,35.2,84.6,92.0,87.4,23.2,0.8,0.0,628,19.6,1
2025-05-14,tirodi,Tirodi Manganese Lease,3200,2548,37.8,88.2,89.5,87.0,23.2,0.8,0.0,652,20.4,1
2025-05-15,tirodi,Tirodi Manganese Lease,3200,2539,35.5,87.1,96.8,86.9,23.5,0.5,0.0,661,20.7,1
2025-05-16,tirodi,Tirodi Manganese Lease,3200,2427,36.8,87.4,90.8,87.0,22.2,1.8,0.0,773,24.2,1
2025-05-17,tirodi,Tirodi Manganese Lease,3200,2697,35.4,85.6,89.0,92.6,22.4,1.6,0.0,503,15.7,1
2025-05-18,tirodi,Tirodi Manganese Lease,3200,2630,35.7,86.6,92.7,91.4,22.6,1.4,0.0,570,17.8,1
2025-05-19,tirodi,Tirodi Manganese Lease,3200,2520,37.2,88.2,86.6,87.7,22.5,1.5,0.0,680,21.2,1
2025-05-20,tirodi,Tirodi Manganese Lease,3200,2664,36.4,87.6,93.5,87.9,23.0,1.0,0.0,536,16.8,1
2025-05-21,tirodi,Tirodi Manganese Lease,3200,2512,36.1,85.9,89.1,89.4,22.3,1.7,0.0,688,21.5,1
2025-05-22,tirodi,Tirodi Manganese Lease,3200,1845,36.0,85.4,63.9,88.4,16.9,7.1,0.0,1355,42.3,1
2025-05-23,tirodi,Tirodi Manganese Lease,3200,2703,35.9,86.9,91.5,94.3,23.1,0.9,0.0,497,15.5,1
2025-05-24,tirodi,Tirodi Manganese Lease,3200,2423,36.1,86.4,88.7,88.3,22.1,1.9,0.0,777,24.3,1
2025-05-25,tirodi,Tirodi Manganese Lease,3200,2384,35.6,85.3,90.5,88.8,22.1,1.9,0.0,816,25.5,1
2025-05-26,tirodi,Tirodi Manganese Lease,3200,2540,35.7,86.4,93.7,87.2,23.2,0.8,0.0,660,20.6,1
2025-05-27,tirodi,Tirodi Manganese Lease,3200,2580,36.7,85.7,94.5,87.6,23.2,0.8,0.0,620,19.4,1
2025-05-28,tirodi,Tirodi Manganese Lease,3200,2458,35.5,84.9,88.7,87.6,23.1,0.9,0.0,742,23.2,1
2025-05-29,tirodi,Tirodi Manganese Lease,3200,2409,35.4,86.5,88.3,86.9,22.2,1.8,0.0,791,24.7,1
2025-05-30,tirodi,Tirodi Manganese Lease,3200,2550,37.6,86.0,94.0,86.6,23.2,0.8,0.0,650,20.3,1
2025-05-31,tirodi,Tirodi Manganese Lease,3200,2717,36.3,86.3,94.4,91.8,23.0,1.0,0.0,483,15.1,1
2025-06-01,tirodi,Tirodi Manganese Lease,3200,2642,36.7,87.0,89.8,87.3,23.4,0.6,0.0,558,17.4,1
2025-06-02,tirodi,Tirodi Manganese Lease,3200,2408,36.3,86.4,86.9,84.5,22.4,1.6,0.0,792,24.8,1
2025-06-03,tirodi,Tirodi Manganese Lease,3200,2559,35.8,85.4,88.2,87.4,23.0,1.0,0.0,641,20.0,1
2025-06-04,tirodi,Tirodi Manganese Lease,3200,2375,36.0,85.2,88.0,85.9,22.8,1.2,0.0,825,25.8,1
2025-06-05,tirodi,Tirodi Manganese Lease,3200,2599,37.3,86.0,86.6,91.6,22.3,1.7,0.0,601,18.8,1
2025-06-06,tirodi,Tirodi Manganese Lease,3200,2624,36.9,88.3,90.5,88.0,22.9,1.1,0.0,576,18.0,1
2025-06-07,tirodi,Tirodi Manganese Lease,3200,2441,35.4,86.4,88.7,87.1,22.1,1.9,0.0,759,23.7,1
2025-06-08,tirodi,Tirodi Manganese Lease,3200,2618,36.5,86.6,88.5,91.0,22.8,1.2,0.0,582,18.2,1
2025-06-09,tirodi,Tirodi Manganese Lease,3200,2200,35.6,85.6,89.5,82.8,21.8,2.2,26.8,1000,31.2,1
2025-06-10,tirodi,Tirodi Manganese Lease,3200,2294,35.5,84.9,91.6,84.3,22.4,1.6,5.4,906,28.3,1
2025-06-11,tirodi,Tirodi Manganese Lease,3200,2059,36.0,84.9,85.8,79.7,21.4,2.6,28.0,1141,35.7,1
2025-06-12,tirodi,Tirodi Manganese Lease,3200,2302,36.5,86.9,89.8,80.4,22.0,2.0,23.0,898,28.1,1
2025-06-13,tirodi,Tirodi Manganese Lease,3200,2433,36.0,87.8,84.3,88.3,21.8,2.2,4.4,767,24.0,1
2025-06-14,tirodi,Tirodi Manganese Lease,3200,2439,35.4,86.5,85.5,83.4,22.3,1.7,16.9,761,23.8,1
2025-06-15,tirodi,Tirodi Manganese Lease,3200,2382,36.0,85.1,91.5,84.8,22.1,1.9,11.2,818,25.6,1
2025-06-16,tirodi,Tirodi Manganese Lease,3200,2273,36.1,85.1,89.9,84.7,21.6,2.4,8.0,927,29.0,1
2025-06-17,tirodi,Tirodi Manganese Lease,3200,2309,36.8,86.7,84.9,83.4,21.8,2.2,13.0,891,27.8,1
2025-06-18,tirodi,Tirodi Manganese Lease,3200,2121,36.3,86.4,80.4,83.8,20.6,3.4,24.3,1079,33.7,1
2025-06-19,tirodi,Tirodi Manganese Lease,3200,2384,36.5,86.8,89.6,82.8,22.3,1.7,11.8,816,25.5,1
2025-06-20,tirodi,Tirodi Manganese Lease,3200,1711,35.6,86.4,68.3,73.9,18.0,6.0,67.5,1489,46.5,1
2025-06-21,tirodi,Tirodi Manganese Lease,3200,2062,35.9,86.1,80.9,77.9,21.2,2.8,24.6,1138,35.6,1
2025-06-22,tirodi,Tirodi Manganese Lease,3200,2236,36.7,87.7,84.8,80.1,20.9,3.1,23.1,964,30.1,1
2025-06-23,tirodi,Tirodi Manganese Lease,3200,1675,35.6,85.1,74.3,69.7,19.6,4.4,50.4,1525,47.7,1
2025-06-24,tirodi,Tirodi Manganese Lease,3200,1645,36.5,85.7,70.6,69.4,18.2,5.8,67.6,1555,48.6,1
2025-06-25,tirodi,Tirodi Manganese Lease,3200,2245,35.4,86.5,88.6,83.1,21.7,2.3,12.6,955,29.8,1
2025-06-26,tirodi,Tirodi Manganese Lease,3200,2354,35.0,86.7,89.7,81.8,22.1,1.9,18.2,846,26.4,1
2025-06-27,tirodi,Tirodi Manganese Lease,3200,1860,35.9,86.2,72.7,78.1,19.3,4.7,47.8,1340,41.9,1
2025-06-28,tirodi,Tirodi Manganese Lease,3200,2324,37.7,86.0,87.3,85.1,22.0,2.0,16.4,876,27.4,1
2025-06-29,tirodi,Tirodi Manganese Lease,3200,2319,37.3,88.1,88.3,82.5,21.4,2.6,20.8,881,27.5,1
2025-06-30,tirodi,Tirodi Manganese Lease,3200,1772,37.3,85.8,75.4,72.6,20.0,4.0,42.8,1428,44.6,1
2025-07-01,tirodi,Tirodi Manganese Lease,3200,2234,37.1,86.3,82.0,83.1,21.5,2.5,15.4,966,30.2,1
2025-07-02,tirodi,Tirodi Manganese Lease,3200,1773,36.1,86.3,78.0,72.9,19.0,5.0,52.4,1427,44.6,1
2025-07-03,tirodi,Tirodi Manganese Lease,3200,2420,36.4,86.0,91.0,84.3,22.6,1.4,14.2,780,24.4,1
2025-07-04,tirodi,Tirodi Manganese Lease,3200,2495,36.0,85.6,88.3,88.0,22.6,1.4,9.6,705,22.0,1
2025-07-05,tirodi,Tirodi Manganese Lease,3200,2043,36.2,85.5,89.9,75.8,21.8,2.2,26.8,1157,36.2,1
2025-07-06,tirodi,Tirodi Manganese Lease,3200,2516,36.8,86.7,90.4,84.3,22.8,1.2,9.6,684,21.4,1
2025-07-07,tirodi,Tirodi Manganese Lease,3200,2117,38.0,86.6,87.9,78.6,21.1,2.9,35.0,1083,33.8,1
2025-07-08,tirodi,Tirodi Manganese Lease,3200,1299,36.4,86.1,50.2,76.5,13.7,10.3,50.5,1901,59.4,1
2025-07-09,tirodi,Tirodi Manganese Lease,3200,1936,31.4,82.2,78.3,76.8,20.4,3.6,35.4,1264,39.5,1
2025-07-10,tirodi,Tirodi Manganese Lease,3200,2444,36.9,88.3,90.4,84.7,21.9,2.1,8.8,756,23.6,1
2025-07-11,tirodi,Tirodi Manganese Lease,3200,2042,35.6,86.9,76.5,81.2,20.2,3.8,31.1,1158,36.2,1
2025-07-12,tirodi,Tirodi Manganese Lease,3200,1767,36.4,86.7,77.3,70.9,19.2,4.8,54.0,1433,44.8,1
2025-07-13,tirodi,Tirodi Manganese Lease,3200,2315,35.6,87.4,91.2,81.1,22.4,1.6,13.2,885,27.7,1
2025-07-14,tirodi,Tirodi Manganese Lease,3200,2265,36.1,87.0,83.7,85.3,21.2,2.8,20.0,935,29.2,1
2025-07-15,tirodi,Tirodi Manganese Lease,3200,1895,36.9,87.2,77.4,72.3,19.9,4.1,47.2,1305,40.8,1
2025-07-16,tirodi,Tirodi Manganese Lease,3200,2351,35.2,86.7,81.7,86.2,21.3,2.7,12.0,849,26.5,1
2025-07-17,tirodi,Tirodi Manganese Lease,3200,2030,35.8,86.7,80.4,79.0,20.7,3.3,22.6,1170,36.6,1
2025-07-18,tirodi,Tirodi Manganese Lease,3200,2392,36.6,85.5,85.1,85.3,21.6,2.4,10.3,808,25.2,1
2025-07-19,tirodi,Tirodi Manganese Lease,3200,863,35.1,85.8,51.2,52.0,13.5,10.5,161.2,2337,73.0,1
2025-07-20,tirodi,Tirodi Manganese Lease,3200,1917,36.7,87.0,78.7,73.2,20.2,3.8,40.4,1283,40.1,1
2025-07-21,tirodi,Tirodi Manganese Lease,3200,2341,36.2,87.5,86.5,81.4,22.6,1.4,6.5,859,26.8,1
2025-07-22,tirodi,Tirodi Manganese Lease,3200,1341,35.7,86.6,62.7,61.5,16.7,7.3,94.9,1859,58.1,1
2025-07-23,tirodi,Tirodi Manganese Lease,3200,2415,35.5,86.0,88.6,88.1,22.1,1.9,9.6,785,24.5,1
2025-07-24,tirodi,Tirodi Manganese Lease,3200,1734,35.6,86.5,77.6,67.7,20.3,3.7,47.3,1466,45.8,1
2025-07-25,tirodi,Tirodi Manganese Lease,3200,2328,35.3,85.0,84.9,84.6,22.0,2.0,21.3,872,27.3,1
2025-07-26,tirodi,Tirodi Manganese Lease,3200,2122,36.7,85.4,82.6,80.7,20.7,3.3,31.7,1078,33.7,1
2025-07-27,tirodi,Tirodi Manganese Lease,3200,1796,37.2,86.8,80.0,72.5,19.8,4.2,50.9,1404,43.9,1
2025-07-28,tirodi,Tirodi Manganese Lease,3200,2294,36.3,86.6,89.8,84.4,22.0,2.0,16.8,906,28.3,1
2025-07-29,tirodi,Tirodi Manganese Lease,3200,2387,34.9,85.3,90.2,82.9,22.3,1.7,13.9,813,25.4,1
2025-07-30,tirodi,Tirodi Manganese Lease,3200,1754,35.7,84.8,81.0,70.1,19.5,4.5,60.8,1446,45.2,1
2025-07-31,tirodi,Tirodi Manganese Lease,3200,1987,36.7,87.3,75.3,77.3,19.6,4.4,42.8,1213,37.9,1
2025-08-01,tirodi,Tirodi Manganese Lease,3200,2018,34.8,84.3,84.3,79.0,20.8,3.2,21.7,1182,36.9,1
2025-08-02,tirodi,Tirodi Manganese Lease,3200,1725,36.9,85.7,74.0,69.9,19.2,4.8,62.9,1475,46.1,1
2025-08-03,tirodi,Tirodi Manganese Lease,3200,1769,36.5,86.4,72.9,70.8,19.1,4.9,59.0,1431,44.7,1
2025-08-04,tirodi,Tirodi Manganese Lease,3200,2253,36.0,84.9,90.4,83.5,21.9,2.1,26.9,947,29.6,1
2025-08-05,tirodi,Tirodi Manganese Lease,3200,1153,35.9,86.5,63.7,56.9,16.3,7.7,104.8,2047,64.0,1
2025-08-06,tirodi,Tirodi Manganese Lease,3200,1647,35.5,87.3,78.1,67.2,18.8,5.2,67.2,1553,48.5,1
2025-08-07,tirodi,Tirodi Manganese Lease,3200,1417,36.3,85.1,70.5,62.3,18.1,5.9,89.9,1783,55.7,1
2025-08-08,tirodi,Tirodi Manganese Lease,3200,1950,35.3,86.7,82.0,76.6,20.0,4.0,37.4,1250,39.1,1
2025-08-09,tirodi,Tirodi Manganese Lease,3200,2341,35.6,85.7,89.1,85.9,22.1,1.9,20.5,859,26.8,1
2025-08-10,tirodi,Tirodi Manganese Lease,3200,1774,36.3,86.6,73.6,71.7,18.8,5.2,70.7,1426,44.6,1
2025-08-11,tirodi,Tirodi Manganese Lease,3200,1609,36.1,87.1,72.1,69.3,18.2,5.8,74.9,1591,49.7,1
2025-08-12,tirodi,Tirodi Manganese Lease,3200,1853,36.3,86.4,78.6,77.3,19.4,4.6,48.2,1347,42.1,1
2025-08-13,tirodi,Tirodi Manganese Lease,3200,2170,35.8,85.4,83.8,80.2,21.0,3.0,34.9,1030,32.2,1
2025-08-14,tirodi,Tirodi Manganese Lease,3200,2602,36.1,87.3,87.9,87.6,22.8,1.2,11.1,598,18.7,1
2025-08-15,tirodi,Tirodi Manganese Lease,3200,1547,37.0,87.8,70.6,66.5,17.6,6.4,96.0,1653,51.7,1
2025-08-16,tirodi,Tirodi Manganese Lease,3200,2057,35.8,87.6,82.5,77.4,20.8,3.2,43.1,1143,35.7,1
2025-08-17,tirodi,Tirodi Manganese Lease,3200,1549,36.6,85.7,72.8,70.3,17.9,6.1,82.0,1651,51.6,1
2025-08-18,tirodi,Tirodi Manganese Lease,3200,2073,36.6,87.3,79.6,78.3,20.6,3.4,34.9,1127,35.2,1
2025-08-19,tirodi,Tirodi Manganese Lease,3200,2191,35.7,87.6,86.3,78.0,21.1,2.9,36.4,1009,31.5,1
2025-08-20,tirodi,Tirodi Manganese Lease,3200,1534,35.3,86.1,68.0,67.6,18.0,6.0,69.0,1666,52.1,1
2025-08-21,tirodi,Tirodi Manganese Lease,3200,2306,36.1,86.5,88.5,86.7,21.6,2.4,7.5,894,27.9,1
2025-08-22,tirodi,Tirodi Manganese Lease,3200,2628,35.6,86.0,90.8,89.3,22.6,1.4,8.9,572,17.9,1
2025-08-23,tirodi,Tirodi Manganese Lease,3200,2282,36.0,87.8,88.3,82.5,21.4,2.6,16.0,918,28.7,1
2025-08-24,tirodi,Tirodi Manganese Lease,3200,1443,36.9,86.9,57.2,80.3,14.5,9.5,30.3,1757,54.9,1
2025-08-25,tirodi,Tirodi Manganese Lease,3200,2158,36.5,86.8,81.8,80.1,20.9,3.1,27.3,1042,32.6,1
2025-08-26,tirodi,Tirodi Manganese Lease,3200,1719,37.1,86.6,78.0,67.5,19.8,4.2,46.3,1481,46.3,1
2025-08-27,tirodi,Tirodi Manganese Lease,3200,1851,37.4,85.8,76.8,76.6,19.3,4.7,52.6,1349,42.2,1
2025-08-28,tirodi,Tirodi Manganese Lease,3200,1632,36.7,86.9,71.6,67.1,18.5,5.5,67.9,1568,49.0,1
2025-08-29,tirodi,Tirodi Manganese Lease,3200,2327,35.0,84.6,89.9,85.5,21.9,2.1,4.9,873,27.3,1
2025-08-30,tirodi,Tirodi Manganese Lease,3200,1892,36.9,86.7,79.0,74.2,19.3,4.7,49.6,1308,40.9,1
2025-08-31,tirodi,Tirodi Manganese Lease,3200,2012,36.5,87.9,79.7,73.1,20.6,3.4,47.4,1188,37.1,1
2025-09-01,tirodi,Tirodi Manganese Lease,3200,2286,36.0,85.7,83.9,84.2,21.5,2.5,9.4,914,28.6,1
2025-09-02,tirodi,Tirodi Manganese Lease,3200,2516,36.0,87.4,85.9,85.1,22.5,1.5,9.9,684,21.4,1
2025-09-03,tirodi,Tirodi Manganese Lease,3200,1725,35.8,86.8,74.5,71.6,19.4,4.6,53.6,1475,46.1,1
2025-09-04,tirodi,Tirodi Manganese Lease,3200,1739,35.9,87.2,73.7,70.2,19.5,4.5,61.3,1461,45.7,1
2025-09-05,tirodi,Tirodi Manganese Lease,3200,2089,36.6,87.7,78.0,77.6,20.3,3.7,29.8,1111,34.7,1
2025-09-06,tirodi,Tirodi Manganese Lease,3200,2262,36.9,87.8,89.2,83.4,21.6,2.4,14.7,938,29.3,1
2025-09-07,tirodi,Tirodi Manganese Lease,3200,2098,35.7,86.7,83.3,76.1,21.1,2.9,35.2,1102,34.4,1
2025-09-08,tirodi,Tirodi Manganese Lease,3200,2251,35.7,85.9,90.4,80.1,21.8,2.2,16.2,949,29.7,1
2025-09-09,tirodi,Tirodi Manganese Lease,3200,2393,36.4,85.5,82.3,86.5,21.3,2.7,17.1,807,25.2,1
2025-09-10,tirodi,Tirodi Manganese Lease,3200,1807,31.4,84.5,75.4,71.5,20.0,4.0,41.6,1393,43.5,1
2025-09-11,tirodi,Tirodi Manganese Lease,3200,2597,36.8,86.5,92.6,88.1,22.7,1.3,7.5,603,18.8,1
2025-09-12,tirodi,Tirodi Manganese Lease,3200,2328,37.1,88.2,81.6,84.7,21.3,2.7,16.1,872,27.3,1
2025-09-13,tirodi,Tirodi Manganese Lease,3200,2222,36.0,86.9,89.5,82.6,21.5,2.5,13.1,978,30.6,1
2025-09-14,tirodi,Tirodi Manganese Lease,3200,2656,36.2,87.3,88.9,88.4,22.6,1.4,3.5,544,17.0,1
2025-09-15,tirodi,Tirodi Manganese Lease,3200,2309,36.5,88.1,91.1,81.0,22.0,2.0,12.3,891,27.8,1
2025-09-16,tirodi,Tirodi Manganese Lease,3200,2343,36.4,85.6,87.3,85.8,21.7,2.3,5.2,857,26.8,1
2025-09-17,tirodi,Tirodi Manganese Lease,3200,2334,35.5,86.3,91.6,84.5,22.3,1.7,12.7,866,27.1,1
2025-09-18,tirodi,Tirodi Manganese Lease,3200,2796,34.7,85.3,96.0,92.3,23.3,0.7,0.0,404,12.6,1
2025-09-19,tirodi,Tirodi Manganese Lease,3200,2652,36.0,86.3,90.5,89.7,23.4,0.6,0.0,548,17.1,1
2025-09-20,tirodi,Tirodi Manganese Lease,3200,2442,35.5,85.6,86.7,85.4,22.2,1.8,0.0,758,23.7,1
2025-09-21,tirodi,Tirodi Manganese Lease,3200,2525,37.5,86.9,90.4,86.1,22.3,1.7,0.0,675,21.1,1
2025-09-22,tirodi,Tirodi Manganese Lease,3200,2530,35.7,84.8,90.5,88.1,23.0,1.0,0.0,670,20.9,1
2025-09-23,tirodi,Tirodi Manganese Lease,3200,2437,36.4,86.1,88.9,86.1,23.1,0.9,0.0,763,23.8,1
2025-09-24,tirodi,Tirodi Manganese Lease,3200,2547,36.7,85.5,90.2,90.7,22.2,1.8,0.0,653,20.4,1
2025-09-25,tirodi,Tirodi Manganese Lease,3200,2488,36.3,87.3,91.1,85.6,22.1,1.9,0.0,712,22.2,1
2025-09-26,tirodi,Tirodi Manganese Lease,3200,2691,36.9,88.3,88.0,88.1,22.9,1.1,0.0,509,15.9,1
2025-09-27,tirodi,Tirodi Manganese Lease,3200,2644,36.3,85.6,89.0,90.4,22.8,1.2,0.0,556,17.4,1
2025-09-28,tirodi,Tirodi Manganese Lease,3200,2569,36.1,87.5,95.5,84.8,23.4,0.6,0.0,631,19.7,1
2025-09-29,tirodi,Tirodi Manganese Lease,3200,2745,36.9,88.2,88.7,88.8,23.0,1.0,0.0,455,14.2,1
2025-09-30,tirodi,Tirodi Manganese Lease,3200,2450,35.6,85.1,89.9,89.4,22.4,1.6,0.0,750,23.4,1
2025-10-01,tirodi,Tirodi Manganese Lease,3200,2614,36.2,87.8,88.9,87.9,23.1,0.9,0.0,586,18.3,1
2025-10-02,tirodi,Tirodi Manganese Lease,3200,2511,36.3,87.0,90.2,86.9,22.9,1.1,0.0,689,21.5,1
2025-10-03,tirodi,Tirodi Manganese Lease,3200,2525,36.8,86.1,84.6,89.9,22.1,1.9,0.0,675,21.1,1
2025-10-04,tirodi,Tirodi Manganese Lease,3200,2649,36.4,87.5,86.2,91.9,22.2,1.8,0.0,551,17.2,1
2025-10-05,tirodi,Tirodi Manganese Lease,3200,2411,35.6,87.6,89.1,85.8,22.1,1.9,0.0,789,24.7,1
2025-10-06,tirodi,Tirodi Manganese Lease,3200,2568,36.4,86.8,88.9,84.8,23.0,1.0,0.0,632,19.8,1
2025-10-07,tirodi,Tirodi Manganese Lease,3200,2708,35.8,85.8,96.8,91.6,23.4,0.6,0.0,492,15.4,1
2025-10-08,tirodi,Tirodi Manganese Lease,3200,2544,36.6,85.3,90.2,87.5,22.6,1.4,0.0,656,20.5,1
2025-10-09,tirodi,Tirodi Manganese Lease,3200,2516,35.8,84.9,94.6,90.1,23.1,0.9,0.0,684,21.4,1
2025-10-10,tirodi,Tirodi Manganese Lease,3200,1906,36.0,87.2,66.4,88.8,16.6,7.4,0.0,1294,40.4,1
2025-10-11,tirodi,Tirodi Manganese Lease,3200,2621,36.0,86.2,90.5,91.2,22.2,1.8,0.0,579,18.1,1
2025-10-12,tirodi,Tirodi Manganese Lease,3200,2688,34.7,86.6,96.9,89.6,23.3,0.7,0.0,512,16.0,1
2025-10-13,tirodi,Tirodi Manganese Lease,3200,2450,35.6,84.9,96.0,86.6,23.4,0.6,0.0,750,23.4,1
2025-10-14,tirodi,Tirodi Manganese Lease,3200,2603,35.6,85.1,92.4,91.9,22.6,1.4,0.0,597,18.7,1
2025-10-15,tirodi,Tirodi Manganese Lease,3200,2514,36.2,86.5,85.2,88.6,22.3,1.7,0.0,686,21.4,1
2025-10-16,tirodi,Tirodi Manganese Lease,3200,2672,35.8,87.2,92.3,90.6,23.2,0.8,0.0,528,16.5,1
2025-10-17,tirodi,Tirodi Manganese Lease,3200,2579,35.6,86.7,93.2,88.9,22.6,1.4,0.0,621,19.4,1
2025-10-18,tirodi,Tirodi Manganese Lease,3200,2443,35.9,87.0,89.0,86.5,22.8,1.2,0.0,757,23.7,1
2025-10-19,tirodi,Tirodi Manganese Lease,3200,2588,36.5,86.1,87.7,87.7,22.9,1.1,0.0,612,19.1,1
2025-10-20,tirodi,Tirodi Manganese Lease,3200,2610,36.6,87.3,91.0,88.8,22.4,1.6,0.0,590,18.4,1
2025-10-21,tirodi,Tirodi Manganese Lease,3200,2383,36.4,85.6,92.0,84.1,22.3,1.7,0.0,817,25.5,1
2025-10-22,tirodi,Tirodi Manganese Lease,3200,2576,36.4,87.9,93.0,83.6,23.0,1.0,0.0,624,19.5,1
2025-10-23,tirodi,Tirodi Manganese Lease,3200,2480,37.1,86.5,90.9,85.1,22.5,1.5,0.0,720,22.5,1
2025-10-24,tirodi,Tirodi Manganese Lease,3200,2603,35.7,86.5,96.0,88.8,23.1,0.9,0.0,597,18.7,1
2025-10-25,tirodi,Tirodi Manganese Lease,3200,2513,36.9,86.4,95.3,85.4,23.0,1.0,0.0,687,21.5,1
2025-10-26,tirodi,Tirodi Manganese Lease,3200,2619,37.3,86.8,90.9,88.8,22.8,1.2,0.0,581,18.2,1
2025-10-27,tirodi,Tirodi Manganese Lease,3200,2463,36.1,86.7,86.8,87.7,22.5,1.5,0.0,737,23.0,1
2025-10-28,tirodi,Tirodi Manganese Lease,3200,2796,36.4,87.8,97.1,90.6,23.5,0.5,0.0,404,12.6,1
2025-10-29,tirodi,Tirodi Manganese Lease,3200,2331,35.9,87.3,88.9,79.6,23.0,1.0,0.0,869,27.2,1
2025-10-30,tirodi,Tirodi Manganese Lease,3200,2466,36.7,87.5,93.5,87.1,22.6,1.4,0.0,734,22.9,1
2025-10-31,tirodi,Tirodi Manganese Lease,3200,2616,36.7,86.9,91.1,87.1,22.7,1.3,0.0,584,18.2,1
2025-11-01,tirodi,Tirodi Manganese Lease,3200,2458,37.3,86.2,93.6,85.1,23.4,0.6,0.0,742,23.2,1
2025-11-02,tirodi,Tirodi Manganese Lease,3200,2611,35.8,86.4,88.8,89.1,22.4,1.6,0.0,589,18.4,1
2025-11-03,tirodi,Tirodi Manganese Lease,3200,2608,36.5,85.6,90.1,89.2,22.5,1.5,0.0,592,18.5,1
2025-11-04,tirodi,Tirodi Manganese Lease,3200,2585,36.0,87.6,94.5,89.6,22.9,1.1,0.0,615,19.2,1
2025-11-05,tirodi,Tirodi Manganese Lease,3200,2604,36.1,86.4,88.1,92.8,22.0,2.0,0.0,596,18.6,1
2025-11-06,tirodi,Tirodi Manganese Lease,3200,2690,36.2,87.7,97.1,87.3,23.5,0.5,0.0,510,15.9,1
2025-11-07,tirodi,Tirodi Manganese Lease,3200,2617,35.1,84.7,90.2,88.2,23.2,0.8,0.0,583,18.2,1
2025-11-08,tirodi,Tirodi Manganese Lease,3200,2698,36.3,86.8,91.5,87.1,23.4,0.6,0.0,502,15.7,1
2025-11-09,tirodi,Tirodi Manganese Lease,3200,2438,36.9,85.7,86.4,87.8,22.3,1.7,0.0,762,23.8,1
2025-11-10,tirodi,Tirodi Manganese Lease,3200,2570,36.0,85.7,88.4,91.1,22.8,1.2,0.0,630,19.7,1
2025-11-11,tirodi,Tirodi Manganese Lease,3200,2505,35.0,86.2,94.0,88.0,22.9,1.1,0.0,695,21.7,1
2025-11-12,tirodi,Tirodi Manganese Lease,3200,2400,31.2,82.3,88.4,87.9,22.3,1.7,0.0,800,25.0,1
2025-11-13,tirodi,Tirodi Manganese Lease,3200,2518,37.4,86.1,93.2,86.5,22.5,1.5,0.0,682,21.3,1
2025-11-14,tirodi,Tirodi Manganese Lease,3200,2599,36.7,86.8,92.9,89.8,22.3,1.7,0.0,601,18.8,1
2025-11-15,tirodi,Tirodi Manganese Lease,3200,2477,36.3,86.1,92.9,86.3,23.2,0.8,0.0,723,22.6,1
2025-11-16,tirodi,Tirodi Manganese Lease,3200,2524,35.8,85.8,93.5,86.4,23.2,0.8,0.0,676,21.1,1
2025-11-17,tirodi,Tirodi Manganese Lease,3200,2554,36.4,87.9,90.5,86.4,23.4,0.6,0.0,646,20.2,1
2025-11-18,tirodi,Tirodi Manganese Lease,3200,2553,37.3,87.4,84.6,90.9,22.0,2.0,0.0,647,20.2,1
2025-11-19,tirodi,Tirodi Manganese Lease,3200,2351,35.6,84.7,87.5,86.0,22.1,1.9,0.0,849,26.5,1
2025-11-20,tirodi,Tirodi Manganese Lease,3200,2413,35.9,84.9,89.5,85.5,23.3,0.7,0.0,787,24.6,1
2025-11-21,tirodi,Tirodi Manganese Lease,3200,2446,36.0,86.5,94.8,84.8,23.0,1.0,0.0,754,23.6,1
2025-11-22,tirodi,Tirodi Manganese Lease,3200,2475,35.7,85.1,89.0,87.6,22.0,2.0,0.0,725,22.7,1
2025-11-23,tirodi,Tirodi Manganese Lease,3200,2635,36.9,87.0,91.9,89.5,22.2,1.8,0.0,565,17.7,1
2025-11-24,tirodi,Tirodi Manganese Lease,3200,2570,36.6,85.5,89.1,89.0,22.4,1.6,0.0,630,19.7,1
2025-11-25,tirodi,Tirodi Manganese Lease,3200,2502,36.8,86.6,90.0,85.0,23.4,0.6,0.0,698,21.8,1
2025-11-26,tirodi,Tirodi Manganese Lease,3200,1776,36.4,87.0,60.7,88.9,15.8,8.2,0.0,1424,44.5,1
2025-11-27,tirodi,Tirodi Manganese Lease,3200,2668,37.6,88.7,87.2,88.2,22.7,1.3,0.0,532,16.6,1
2025-11-28,tirodi,Tirodi Manganese Lease,3200,2524,35.9,86.2,91.2,87.8,23.4,0.6,0.0,676,21.1,1
2025-11-29,tirodi,Tirodi Manganese Lease,3200,2647,36.5,85.8,90.6,91.1,22.8,1.2,0.0,553,17.3,1
2025-11-30,tirodi,Tirodi Manganese Lease,3200,2542,37.0,85.6,88.4,91.9,22.4,1.6,0.0,658,20.6,1
2025-12-01,tirodi,Tirodi Manganese Lease,3200,2795,36.5,85.9,94.5,93.0,23.4,0.6,0.0,405,12.7,1
2025-12-02,tirodi,Tirodi Manganese Lease,3200,2510,36.3,88.0,84.5,85.8,22.0,2.0,0.0,690,21.6,1
2025-12-03,tirodi,Tirodi Manganese Lease,3200,2627,35.7,86.7,89.8,91.3,22.8,1.2,0.0,573,17.9,1
2025-12-04,tirodi,Tirodi Manganese Lease,3200,2558,36.0,85.2,92.6,88.6,23.0,1.0,0.0,642,20.1,1
2025-12-05,tirodi,Tirodi Manganese Lease,3200,2404,35.4,86.4,88.7,87.7,22.0,2.0,0.0,796,24.9,1
2025-12-06,tirodi,Tirodi Manganese Lease,3200,2476,36.7,87.6,85.5,90.1,22.0,2.0,0.0,724,22.6,1
2025-12-07,tirodi,Tirodi Manganese Lease,3200,2466,35.5,86.9,87.4,84.8,22.1,1.9,0.0,734,22.9,1
2025-12-08,tirodi,Tirodi Manganese Lease,3200,2462,34.8,86.4,84.3,89.3,22.1,1.9,0.0,738,23.1,1
2025-12-09,tirodi,Tirodi Manganese Lease,3200,2475,36.2,86.8,94.8,87.3,22.9,1.1,0.0,725,22.7,1
2025-12-10,tirodi,Tirodi Manganese Lease,3200,2385,35.6,87.0,86.5,86.4,22.2,1.8,0.0,815,25.5,1
2025-12-11,tirodi,Tirodi Manganese Lease,3200,2703,35.9,86.5,92.2,91.4,22.8,1.2,0.0,497,15.5,1
2025-12-12,tirodi,Tirodi Manganese Lease,3200,2571,35.8,85.1,94.2,88.1,23.5,0.5,0.0,629,19.7,1
2025-12-13,tirodi,Tirodi Manganese Lease,3200,2563,36.3,87.4,92.5,89.5,22.4,1.6,0.0,637,19.9,1
2025-12-14,tirodi,Tirodi Manganese Lease,3200,2286,35.8,85.4,88.6,79.7,22.1,1.9,0.0,914,28.6,1
2025-12-15,tirodi,Tirodi Manganese Lease,3200,2633,35.3,86.4,92.6,87.9,23.0,1.0,0.0,567,17.7,1
2025-12-16,tirodi,Tirodi Manganese Lease,3200,2563,36.2,85.7,93.6,88.9,23.4,0.6,0.0,637,19.9,1
2025-12-17,tirodi,Tirodi Manganese Lease,3200,2548,36.0,86.1,93.2,89.3,23.0,1.0,0.0,652,20.4,1
2025-12-18,tirodi,Tirodi Manganese Lease,3200,2426,35.6,85.9,89.8,83.5,22.7,1.3,0.0,774,24.2,1
2025-12-19,tirodi,Tirodi Manganese Lease,3200,2519,35.9,86.6,90.4,88.9,22.2,1.8,0.0,681,21.3,1
2025-12-20,tirodi,Tirodi Manganese Lease,3200,2553,36.3,86.7,92.8,87.2,22.4,1.6,0.0,647,20.2,1
2025-12-21,tirodi,Tirodi Manganese Lease,3200,2559,36.4,85.3,93.9,88.7,22.9,1.1,0.0,641,20.0,1
2025-12-22,tirodi,Tirodi Manganese Lease,3200,2350,35.5,87.2,87.5,84.8,22.0,2.0,0.0,850,26.6,1
2025-12-23,tirodi,Tirodi Manganese Lease,3200,2662,35.9,86.8,89.2,87.9,22.9,1.1,0.0,538,16.8,1
2025-12-24,tirodi,Tirodi Manganese Lease,3200,2440,36.3,85.6,85.4,86.0,22.4,1.6,0.0,760,23.8,1
2025-12-25,tirodi,Tirodi Manganese Lease,3200,2582,36.1,85.4,90.1,87.1,23.1,0.9,0.0,618,19.3,1
2025-12-26,tirodi,Tirodi Manganese Lease,3200,2728,36.3,86.0,88.7,92.7,22.9,1.1,0.0,472,14.8,1
2025-12-27,tirodi,Tirodi Manganese Lease,3200,2621,36.5,86.7,89.2,87.2,22.9,1.1,0.0,579,18.1,1
2025-12-28,tirodi,Tirodi Manganese Lease,3200,2590,36.0,86.9,90.9,90.1,22.8,1.2,0.0,610,19.1,1
2025-12-29,tirodi,Tirodi Manganese Lease,3200,2470,36.5,87.6,88.9,86.4,22.5,1.5,0.0,730,22.8,1
2025-12-30,tirodi,Tirodi Manganese Lease,3200,2629,37.0,86.2,88.4,90.4,22.7,1.3,0.0,571,17.8,1
2025-12-31,tirodi,Tirodi Manganese Lease,3200,2533,36.0,86.2,87.6,90.0,22.6,1.4,0.0,667,20.8,1
2026-01-01,tirodi,Tirodi Manganese Lease,3200,2669,35.6,85.6,88.3,91.6,22.8,1.2,0.0,531,16.6,1
2026-01-02,tirodi,Tirodi Manganese Lease,3200,2446,36.9,86.8,93.5,86.4,22.7,1.3,0.0,754,23.6,1
2026-01-03,tirodi,Tirodi Manganese Lease,3200,2574,37.2,88.3,88.0,85.0,22.8,1.2,0.0,626,19.6,1
2026-01-04,tirodi,Tirodi Manganese Lease,3200,2549,37.1,88.5,88.3,86.7,22.2,1.8,0.0,651,20.3,1
2026-01-05,tirodi,Tirodi Manganese Lease,3200,2484,36.5,85.3,89.7,86.7,23.0,1.0,0.0,716,22.4,1
2026-01-06,tirodi,Tirodi Manganese Lease,3200,2507,35.9,86.9,92.2,89.3,22.5,1.5,0.0,693,21.7,1
2026-01-07,tirodi,Tirodi Manganese Lease,3200,2506,35.5,86.0,91.6,89.4,22.0,2.0,0.0,694,21.7,1
2026-01-08,tirodi,Tirodi Manganese Lease,3200,2812,36.5,88.0,92.8,95.7,22.8,1.2,0.0,388,12.1,1
2026-01-09,tirodi,Tirodi Manganese Lease,3200,2449,36.5,85.4,93.5,83.4,22.7,1.3,0.0,751,23.5,1
2026-01-10,tirodi,Tirodi Manganese Lease,3200,2797,35.3,86.7,94.7,90.9,23.4,0.6,0.0,403,12.6,1
2026-01-11,tirodi,Tirodi Manganese Lease,3200,2449,37.8,86.1,84.6,89.7,22.1,1.9,0.0,751,23.5,1
2026-01-12,tirodi,Tirodi Manganese Lease,3200,1972,37.4,86.1,70.3,89.1,17.0,7.0,0.0,1228,38.4,1
2026-01-13,tirodi,Tirodi Manganese Lease,3200,2548,36.7,88.0,89.5,88.5,22.3,1.7,0.0,652,20.4,1
2026-01-14,tirodi,Tirodi Manganese Lease,3200,2361,32.1,84.9,89.7,85.6,22.0,2.0,0.0,839,26.2,1
2026-01-15,tirodi,Tirodi Manganese Lease,3200,2541,36.0,85.7,89.7,91.7,22.7,1.3,0.0,659,20.6,1
2026-01-16,tirodi,Tirodi Manganese Lease,3200,2533,36.1,85.0,92.2,89.8,23.0,1.0,0.0,667,20.8,1
2026-01-17,tirodi,Tirodi Manganese Lease,3200,2498,34.4,86.1,86.6,91.8,22.2,1.8,0.0,702,21.9,1
2026-01-18,tirodi,Tirodi Manganese Lease,3200,2349,37.5,87.2,87.0,84.4,22.3,1.7,0.0,851,26.6,1
2026-01-19,tirodi,Tirodi Manganese Lease,3200,2456,35.8,87.1,88.8,82.7,22.6,1.4,0.0,744,23.2,1
2026-01-20,tirodi,Tirodi Manganese Lease,3200,2526,35.5,85.2,85.6,87.1,22.4,1.6,0.0,674,21.1,1
2026-01-21,tirodi,Tirodi Manganese Lease,3200,2662,35.7,85.7,89.6,88.3,23.1,0.9,0.0,538,16.8,1
2026-01-22,tirodi,Tirodi Manganese Lease,3200,2569,33.9,85.3,91.5,88.8,23.1,0.9,0.0,631,19.7,1
2026-01-23,tirodi,Tirodi Manganese Lease,3200,2555,36.0,87.0,95.8,88.0,23.0,1.0,0.0,645,20.2,1
2026-01-24,tirodi,Tirodi Manganese Lease,3200,2481,35.5,85.2,88.7,88.1,22.5,1.5,0.0,719,22.5,1
2026-01-25,tirodi,Tirodi Manganese Lease,3200,2556,37.0,87.2,89.9,87.2,22.4,1.6,0.0,644,20.1,1
2026-01-26,tirodi,Tirodi Manganese Lease,3200,2533,35.8,86.0,94.0,85.1,23.0,1.0,0.0,667,20.8,1
2026-01-27,tirodi,Tirodi Manganese Lease,3200,2316,37.1,86.3,86.7,83.8,22.2,1.8,0.0,884,27.6,1
2026-01-28,tirodi,Tirodi Manganese Lease,3200,2469,36.9,85.9,89.0,88.0,22.5,1.5,0.0,731,22.8,1
2026-01-29,tirodi,Tirodi Manganese Lease,3200,2500,35.8,85.7,93.0,88.9,22.4,1.6,0.0,700,21.9,1
2026-01-30,tirodi,Tirodi Manganese Lease,3200,2497,36.0,85.7,92.3,84.7,22.9,1.1,0.0,703,22.0,1
2026-01-31,tirodi,Tirodi Manganese Lease,3200,2578,36.5,86.9,90.4,86.7,22.6,1.4,0.0,622,19.4,1
2026-02-01,tirodi,Tirodi Manganese Lease,3200,2478,36.5,85.8,94.3,88.6,22.8,1.2,0.0,722,22.6,1
2026-02-02,tirodi,Tirodi Manganese Lease,3200,2514,36.3,87.6,94.5,84.9,23.5,0.5,0.0,686,21.4,1
2026-02-03,tirodi,Tirodi Manganese Lease,3200,2458,35.7,86.2,89.3,89.7,22.3,1.7,0.0,742,23.2,1
2026-02-04,tirodi,Tirodi Manganese Lease,3200,2456,35.2,86.2,88.5,88.7,22.4,1.6,0.0,744,23.2,1
2026-02-05,tirodi,Tirodi Manganese Lease,3200,2676,35.7,85.0,88.7,91.4,22.7,1.3,0.0,524,16.4,1
2026-02-06,tirodi,Tirodi Manganese Lease,3200,2379,36.3,87.7,88.4,83.7,22.1,1.9,0.0,821,25.7,1
2026-02-07,tirodi,Tirodi Manganese Lease,3200,2802,36.3,85.2,95.3,95.2,23.0,1.0,0.0,398,12.4,1
2026-02-08,tirodi,Tirodi Manganese Lease,3200,2652,35.8,87.4,93.4,91.3,22.8,1.2,0.0,548,17.1,1
2026-02-09,tirodi,Tirodi Manganese Lease,3200,2512,34.9,86.8,91.3,83.7,23.0,1.0,0.0,688,21.5,1
2026-02-10,tirodi,Tirodi Manganese Lease,3200,2580,36.6,86.4,85.8,92.0,22.2,1.8,0.0,620,19.4,1
2026-02-11,tirodi,Tirodi Manganese Lease,3200,2613,36.4,85.8,94.0,89.1,23.3,0.7,0.0,587,18.3,1
2026-02-12,tirodi,Tirodi Manganese Lease,3200,2536,35.3,86.8,87.7,92.3,22.0,2.0,0.0,664,20.8,1
2026-02-13,tirodi,Tirodi Manganese Lease,3200,2684,37.5,86.6,91.1,92.2,23.2,0.8,0.0,516,16.1,1
2026-02-14,tirodi,Tirodi Manganese Lease,3200,2544,37.1,86.5,86.8,87.3,22.3,1.7,0.0,656,20.5,1
2026-02-15,tirodi,Tirodi Manganese Lease,3200,2397,36.5,86.2,89.4,84.3,22.9,1.1,0.0,803,25.1,1
2026-02-16,tirodi,Tirodi Manganese Lease,3200,2407,36.7,86.6,89.0,85.2,22.8,1.2,0.0,793,24.8,1
2026-02-17,tirodi,Tirodi Manganese Lease,3200,2435,35.7,87.1,90.6,86.2,22.7,1.3,0.0,765,23.9,1
2026-02-18,tirodi,Tirodi Manganese Lease,3200,2527,36.4,86.6,85.7,87.9,22.2,1.8,0.0,673,21.0,1
2026-02-19,tirodi,Tirodi Manganese Lease,3200,2340,36.8,86.0,92.2,85.2,22.3,1.7,0.0,860,26.9,1
2026-02-20,tirodi,Tirodi Manganese Lease,3200,2688,35.4,85.6,92.1,90.6,22.8,1.2,0.0,512,16.0,1
2026-02-21,tirodi,Tirodi Manganese Lease,3200,2590,36.6,86.8,89.8,88.5,22.3,1.7,0.0,610,19.1,1
2026-02-22,tirodi,Tirodi Manganese Lease,3200,2578,36.2,85.8,91.9,87.0,23.3,0.7,0.0,622,19.4,1
2026-02-23,tirodi,Tirodi Manganese Lease,3200,2309,35.7,85.4,88.0,82.9,22.8,1.2,0.0,891,27.8,1
2026-02-24,tirodi,Tirodi Manganese Lease,3200,2749,36.1,87.2,91.7,92.2,23.3,0.7,0.0,451,14.1,1
2026-02-25,tirodi,Tirodi Manganese Lease,3200,2424,36.1,86.1,93.5,87.1,22.5,1.5,0.0,776,24.2,1
2026-02-26,tirodi,Tirodi Manganese Lease,3200,2469,36.2,87.9,87.9,87.2,22.1,1.9,0.0,731,22.8,1
2026-02-27,tirodi,Tirodi Manganese Lease,3200,2650,35.6,87.3,91.9,92.0,22.8,1.2,0.0,550,17.2,1
2026-02-28,tirodi,Tirodi Manganese Lease,3200,1826,36.4,87.4,64.3,87.2,16.1,7.9,0.0,1374,42.9,1
2026-03-01,tirodi,Tirodi Manganese Lease,3200,2678,35.2,85.7,92.6,91.9,22.8,1.2,0.0,522,16.3,1
2026-03-02,tirodi,Tirodi Manganese Lease,3200,2588,36.2,85.4,92.2,86.3,23.2,0.8,0.0,612,19.1,1
2026-03-03,tirodi,Tirodi Manganese Lease,3200,2777,35.2,85.2,91.0,92.3,23.3,0.7,0.0,423,13.2,1
2026-03-04,tirodi,Tirodi Manganese Lease,3200,2615,35.9,87.6,86.6,89.4,22.5,1.5,0.0,585,18.3,1
2026-03-05,tirodi,Tirodi Manganese Lease,3200,2575,35.9,87.0,92.6,88.0,22.6,1.4,0.0,625,19.5,1
2026-03-06,tirodi,Tirodi Manganese Lease,3200,2451,36.7,85.6,88.4,87.0,23.1,0.9,0.0,749,23.4,1
2026-03-07,tirodi,Tirodi Manganese Lease,3200,2418,35.6,84.7,87.2,85.6,22.3,1.7,0.0,782,24.4,1
2026-03-08,tirodi,Tirodi Manganese Lease,3200,2604,36.7,86.2,91.2,90.5,22.1,1.9,0.0,596,18.6,1
2026-03-09,tirodi,Tirodi Manganese Lease,3200,2461,35.3,85.7,91.8,88.1,22.5,1.5,0.0,739,23.1,1
2026-03-10,tirodi,Tirodi Manganese Lease,3200,2578,34.7,86.2,91.1,91.2,22.8,1.2,0.0,622,19.4,1
2026-03-11,tirodi,Tirodi Manganese Lease,3200,2592,35.4,87.2,91.6,88.9,22.3,1.7,0.0,608,19.0,1
2026-03-12,tirodi,Tirodi Manganese Lease,3200,2501,36.2,86.4,93.5,88.0,23.0,1.0,0.0,699,21.8,1
2026-03-13,tirodi,Tirodi Manganese Lease,3200,2547,35.8,85.7,94.5,89.3,22.7,1.3,0.0,653,20.4,1
2026-03-14,tirodi,Tirodi Manganese Lease,3200,2446,35.3,86.6,91.1,88.7,22.0,2.0,0.0,754,23.6,1
2026-03-15,tirodi,Tirodi Manganese Lease,3200,2577,35.9,86.2,90.5,90.9,22.1,1.9,0.0,623,19.5,1
2026-03-16,tirodi,Tirodi Manganese Lease,3200,2479,36.0,85.5,91.8,84.7,22.8,1.2,0.0,721,22.5,1
2026-03-17,tirodi,Tirodi Manganese Lease,3200,2777,36.3,86.4,93.3,90.9,23.4,0.6,0.0,423,13.2,1
2026-03-18,tirodi,Tirodi Manganese Lease,3200,2401,31.1,82.0,85.0,86.7,22.2,1.8,0.0,799,25.0,1
2026-03-19,tirodi,Tirodi Manganese Lease,3200,2624,35.9,86.0,91.0,90.6,22.2,1.8,0.0,576,18.0,1
2026-03-20,tirodi,Tirodi Manganese Lease,3200,2468,35.6,86.3,90.8,87.7,22.9,1.1,0.0,732,22.9,1
2026-03-21,tirodi,Tirodi Manganese Lease,3200,2474,37.8,88.4,90.8,84.1,22.1,1.9,0.0,726,22.7,1
2026-03-22,tirodi,Tirodi Manganese Lease,3200,2672,36.7,87.7,93.8,86.4,23.5,0.5,0.0,528,16.5,1
2026-03-23,tirodi,Tirodi Manganese Lease,3200,2536,35.9,85.3,88.4,89.2,22.5,1.5,0.0,664,20.8,1
2026-03-24,tirodi,Tirodi Manganese Lease,3200,2459,36.8,87.7,91.7,84.5,23.2,0.8,0.0,741,23.2,1
2026-03-25,tirodi,Tirodi Manganese Lease,3200,2397,37.0,87.0,90.3,84.0,22.4,1.6,0.0,803,25.1,1
2026-03-26,tirodi,Tirodi Manganese Lease,3200,2455,36.1,85.2,85.3,88.8,22.1,1.9,0.0,745,23.3,1
2026-03-27,tirodi,Tirodi Manganese Lease,3200,2493,36.8,85.4,86.8,90.2,22.2,1.8,0.0,707,22.1,1
2026-03-28,tirodi,Tirodi Manganese Lease,3200,2583,36.9,85.7,89.5,90.7,23.0,1.0,0.0,617,19.3,1
2026-03-29,tirodi,Tirodi Manganese Lease,3200,2507,36.1,87.7,90.2,84.1,22.9,1.1,0.0,693,21.7,1
2026-03-30,tirodi,Tirodi Manganese Lease,3200,2652,36.0,85.6,96.1,88.9,23.5,0.5,0.0,548,17.1,1
2026-03-31,tirodi,Tirodi Manganese Lease,3200,2647,36.4,87.6,89.4,87.4,22.7,1.3,0.0,553,17.3,1
2026-04-01,tirodi,Tirodi Manganese Lease,3200,2673,36.6,88.1,87.9,92.2,22.7,1.3,0.0,527,16.5,1
2026-04-02,tirodi,Tirodi Manganese Lease,3200,2663,35.9,87.8,93.2,88.5,22.9,1.1,0.0,537,16.8,1
2026-04-03,tirodi,Tirodi Manganese Lease,3200,2714,35.0,87.2,91.7,91.1,23.2,0.8,0.0,486,15.2,1
2026-04-04,tirodi,Tirodi Manganese Lease,3200,2452,36.6,85.5,88.6,87.5,22.4,1.6,0.0,748,23.4,1
2026-04-05,tirodi,Tirodi Manganese Lease,3200,2690,36.9,87.9,94.7,87.6,23.5,0.5,0.0,510,15.9,1
2026-04-06,tirodi,Tirodi Manganese Lease,3200,2521,36.2,85.8,87.0,86.6,22.5,1.5,0.0,679,21.2,1
2026-04-07,tirodi,Tirodi Manganese Lease,3200,2607,36.6,85.4,91.2,87.2,23.5,0.5,0.0,593,18.5,1
2026-04-08,tirodi,Tirodi Manganese Lease,3200,2392,35.2,84.9,91.3,87.4,22.2,1.8,0.0,808,25.2,1
2026-04-09,tirodi,Tirodi Manganese Lease,3200,2611,36.7,86.7,89.4,87.7,23.0,1.0,0.0,589,18.4,1
2026-04-10,tirodi,Tirodi Manganese Lease,3200,2682,36.1,87.2,89.2,88.5,23.2,0.8,0.0,518,16.2,1
2026-04-11,tirodi,Tirodi Manganese Lease,3200,2353,35.5,84.9,88.9,85.1,22.4,1.6,0.0,847,26.5,1
2026-04-12,tirodi,Tirodi Manganese Lease,3200,2508,36.5,87.1,91.6,86.4,22.9,1.1,0.0,692,21.6,1
2026-04-13,tirodi,Tirodi Manganese Lease,3200,2433,35.6,85.8,87.6,89.8,22.1,1.9,0.0,767,24.0,1
2026-04-14,tirodi,Tirodi Manganese Lease,3200,2480,35.3,85.3,86.9,90.0,22.0,2.0,0.0,720,22.5,1
2026-04-15,tirodi,Tirodi Manganese Lease,3200,2515,36.2,86.6,89.8,87.8,22.7,1.3,0.0,685,21.4,1
2026-04-16,tirodi,Tirodi Manganese Lease,3200,1884,35.1,86.6,64.2,86.5,16.5,7.5,0.0,1316,41.1,1
2026-04-17,tirodi,Tirodi Manganese Lease,3200,2462,35.4,85.5,92.3,87.7,22.2,1.8,0.0,738,23.1,1
2026-04-18,tirodi,Tirodi Manganese Lease,3200,2628,36.9,86.5,89.6,86.8,23.1,0.9,0.0,572,17.9,1
2026-04-19,tirodi,Tirodi Manganese Lease,3200,2592,36.5,86.3,91.3,89.8,23.4,0.6,0.0,608,19.0,1
2026-04-20,tirodi,Tirodi Manganese Lease,3200,2604,36.0,87.3,87.0,88.5,22.7,1.3,0.0,596,18.6,1
2026-04-21,tirodi,Tirodi Manganese Lease,3200,2517,36.7,85.7,86.8,91.7,22.4,1.6,0.0,683,21.3,1
2026-04-22,tirodi,Tirodi Manganese Lease,3200,2612,37.4,87.5,92.2,88.0,23.2,0.8,0.0,588,18.4,1
2026-04-23,tirodi,Tirodi Manganese Lease,3200,2590,36.2,85.1,90.7,87.1,23.4,0.6,0.0,610,19.1,1
2026-04-24,tirodi,Tirodi Manganese Lease,3200,2513,36.5,87.0,86.4,88.4,22.2,1.8,0.0,687,21.5,1
2026-04-25,tirodi,Tirodi Manganese Lease,3200,2481,35.8,86.4,86.7,90.4,22.2,1.8,0.0,719,22.5,1
2026-04-26,tirodi,Tirodi Manganese Lease,3200,2403,34.9,84.3,94.1,86.4,22.6,1.4,0.0,797,24.9,1
2026-04-27,tirodi,Tirodi Manganese Lease,3200,2427,36.3,86.5,87.2,85.3,22.3,1.7,0.0,773,24.2,1
2026-04-28,tirodi,Tirodi Manganese Lease,3200,2602,36.4,85.4,95.4,89.7,23.4,0.6,0.0,598,18.7,1
2026-04-29,tirodi,Tirodi Manganese Lease,3200,2843,36.7,88.2,93.0,93.9,22.9,1.1,0.0,357,11.2,1
2026-04-30,tirodi,Tirodi Manganese Lease,3200,2663,37.0,86.1,96.1,90.9,23.1,0.9,0.0,537,16.8,1
2026-05-01,tirodi,Tirodi Manganese Lease,3200,2589,35.9,85.1,84.9,90.8,22.1,1.9,0.0,611,19.1,1
2026-05-02,tirodi,Tirodi Manganese Lease,3200,2671,35.8,87.1,94.5,89.6,23.2,0.8,0.0,529,16.5,1
2026-05-03,tirodi,Tirodi Manganese Lease,3200,2381,35.5,84.9,87.9,87.6,22.2,1.8,0.0,819,25.6,1
2026-05-04,tirodi,Tirodi Manganese Lease,3200,2520,37.6,86.6,87.4,85.1,22.5,1.5,0.0,680,21.2,1
2026-05-05,tirodi,Tirodi Manganese Lease,3200,2622,35.3,86.8,94.8,88.6,23.3,0.7,0.0,578,18.1,1
2026-05-06,tirodi,Tirodi Manganese Lease,3200,2458,36.1,86.0,88.5,88.2,22.6,1.4,0.0,742,23.2,1
2026-05-07,tirodi,Tirodi Manganese Lease,3200,2578,36.6,86.5,88.1,86.1,23.0,1.0,0.0,622,19.4,1
2026-05-08,tirodi,Tirodi Manganese Lease,3200,2570,35.8,86.1,88.3,89.6,22.5,1.5,0.0,630,19.7,1
2026-05-09,tirodi,Tirodi Manganese Lease,3200,2449,35.4,85.9,90.0,85.9,22.2,1.8,0.0,751,23.5,1
2026-05-10,tirodi,Tirodi Manganese Lease,3200,2313,35.2,85.2,86.1,83.2,22.2,1.8,0.0,887,27.7,1
2026-05-11,tirodi,Tirodi Manganese Lease,3200,2561,36.4,86.8,91.6,90.4,22.2,1.8,0.0,639,20.0,1
2026-05-12,tirodi,Tirodi Manganese Lease,3200,2686,37.2,88.3,93.4,85.8,23.5,0.5,0.0,514,16.1,1
2026-05-13,tirodi,Tirodi Manganese Lease,3200,2404,35.4,86.8,90.2,82.1,22.2,1.8,0.0,796,24.9,1
2026-05-14,tirodi,Tirodi Manganese Lease,3200,2658,36.5,87.5,96.9,86.8,23.3,0.7,0.0,542,16.9,1
2026-05-15,tirodi,Tirodi Manganese Lease,3200,2512,36.7,87.6,87.6,85.7,22.9,1.1,0.0,688,21.5,1
2025-01-01,ukwa,Ukwa Low-Phosphorus,2200,1862,41.4,85.2,89.9,93.9,22.9,1.1,0.0,338,15.4,1
2025-01-02,ukwa,Ukwa Low-Phosphorus,2200,1897,42.1,87.5,88.7,92.6,22.6,1.4,0.0,303,13.8,1
2025-01-03,ukwa,Ukwa Low-Phosphorus,2200,1893,42.6,87.4,86.8,92.5,22.6,1.4,0.0,307,14.0,1
2025-01-04,ukwa,Ukwa Low-Phosphorus,2200,1932,42.4,87.5,91.1,95.9,22.1,1.9,0.0,268,12.2,1
2025-01-05,ukwa,Ukwa Low-Phosphorus,2200,2008,43.2,87.2,95.2,94.8,23.4,0.6,0.0,192,8.7,0
2025-01-06,ukwa,Ukwa Low-Phosphorus,2200,1859,43.4,87.6,95.3,93.8,23.1,0.9,0.0,341,15.5,1
2025-01-07,ukwa,Ukwa Low-Phosphorus,2200,1761,41.0,85.8,92.8,89.2,23.4,0.6,0.0,439,20.0,1
2025-01-08,ukwa,Ukwa Low-Phosphorus,2200,1870,41.5,85.4,94.8,97.3,22.9,1.1,0.0,330,15.0,1
2025-01-09,ukwa,Ukwa Low-Phosphorus,2200,1890,41.6,87.1,90.2,93.9,22.4,1.6,0.0,310,14.1,1
2025-01-10,ukwa,Ukwa Low-Phosphorus,2200,1915,42.4,87.5,91.7,93.5,22.7,1.3,0.0,285,13.0,1
2025-01-11,ukwa,Ukwa Low-Phosphorus,2200,1727,41.1,85.5,86.0,89.2,22.4,1.6,0.0,473,21.5,1
2025-01-12,ukwa,Ukwa Low-Phosphorus,2200,1949,42.1,86.7,97.2,92.7,23.4,0.6,0.0,251,11.4,1
2025-01-13,ukwa,Ukwa Low-Phosphorus,2200,1828,41.9,87.1,87.2,95.9,22.2,1.8,0.0,372,16.9,1
2025-01-14,ukwa,Ukwa Low-Phosphorus,2200,1831,41.6,87.4,94.1,93.2,22.7,1.3,0.0,369,16.8,1
2025-01-15,ukwa,Ukwa Low-Phosphorus,2200,1958,43.3,88.5,93.3,96.4,23.1,0.9,0.0,242,11.0,1
2025-01-16,ukwa,Ukwa Low-Phosphorus,2200,2005,42.4,87.9,89.9,94.6,23.5,0.5,0.0,195,8.9,0
2025-01-17,ukwa,Ukwa Low-Phosphorus,2200,1939,41.3,86.6,93.0,98.0,22.8,1.2,0.0,261,11.9,1
2025-01-18,ukwa,Ukwa Low-Phosphorus,2200,1895,42.8,88.0,90.2,93.5,23.2,0.8,0.0,305,13.9,1
2025-01-19,ukwa,Ukwa Low-Phosphorus,2200,1890,41.4,86.3,91.7,94.0,23.1,0.9,0.0,310,14.1,1
2025-01-20,ukwa,Ukwa Low-Phosphorus,2200,1803,41.8,87.5,90.6,94.6,22.2,1.8,0.0,397,18.0,1
2025-01-21,ukwa,Ukwa Low-Phosphorus,2200,1740,42.9,85.7,88.0,91.9,22.5,1.5,0.0,460,20.9,1
2025-01-22,ukwa,Ukwa Low-Phosphorus,2200,1979,42.8,87.6,95.3,94.9,23.4,0.6,0.0,221,10.0,1
2025-01-23,ukwa,Ukwa Low-Phosphorus,2200,1974,41.8,87.5,92.6,94.4,23.1,0.9,0.0,226,10.3,1
2025-01-24,ukwa,Ukwa Low-Phosphorus,2200,1878,42.6,86.6,84.9,94.0,22.1,1.9,0.0,322,14.6,1
2025-01-25,ukwa,Ukwa Low-Phosphorus,2200,1776,41.9,85.6,88.4,92.9,22.6,1.4,0.0,424,19.3,1
2025-01-26,ukwa,Ukwa Low-Phosphorus,2200,1926,41.4,86.9,89.9,95.3,23.3,0.7,0.0,274,12.5,1
2025-01-27,ukwa,Ukwa Low-Phosphorus,2200,1835,42.0,85.0,94.3,92.9,22.8,1.2,0.0,365,16.6,1
2025-01-28,ukwa,Ukwa Low-Phosphorus,2200,1755,42.1,85.4,85.5,92.0,22.3,1.7,0.0,445,20.2,1
2025-01-29,ukwa,Ukwa Low-Phosphorus,2200,1803,41.8,85.2,90.9,94.2,22.7,1.3,0.0,397,18.0,1
2025-01-30,ukwa,Ukwa Low-Phosphorus,2200,1836,41.7,85.6,94.4,94.0,23.0,1.0,0.0,364,16.5,1
2025-01-31,ukwa,Ukwa Low-Phosphorus,2200,1857,40.7,85.7,91.8,94.4,22.1,1.9,0.0,343,15.6,1
2025-02-01,ukwa,Ukwa Low-Phosphorus,2200,1780,41.1,87.3,86.6,92.2,22.5,1.5,0.0,420,19.1,1
2025-02-02,ukwa,Ukwa Low-Phosphorus,2200,1948,41.5,87.3,95.1,92.1,23.2,0.8,0.0,252,11.5,1
2025-02-03,ukwa,Ukwa Low-Phosphorus,2200,1716,41.5,85.3,86.0,92.4,22.1,1.9,0.0,484,22.0,1
2025-02-04,ukwa,Ukwa Low-Phosphorus,2200,1812,41.6,85.4,87.6,90.2,22.6,1.4,0.0,388,17.6,1
2025-02-05,ukwa,Ukwa Low-Phosphorus,2200,1973,41.1,87.0,90.9,92.9,23.5,0.5,0.0,227,10.3,1
2025-02-06,ukwa,Ukwa Low-Phosphorus,2200,1892,41.9,87.9,88.7,93.0,23.0,1.0,0.0,308,14.0,1
2025-02-07,ukwa,Ukwa Low-Phosphorus,2200,1817,41.7,86.5,89.2,91.2,23.1,0.9,0.0,383,17.4,1
2025-02-08,ukwa,Ukwa Low-Phosphorus,2200,1830,41.6,85.7,92.7,92.9,22.7,1.3,0.0,370,16.8,1
2025-02-09,ukwa,Ukwa Low-Phosphorus,2200,1828,41.3,85.3,90.6,90.9,23.3,0.7,0.0,372,16.9,1
2025-02-10,ukwa,Ukwa Low-Phosphorus,2200,1873,41.6,87.0,88.3,94.2,22.3,1.7,0.0,327,14.9,1
2025-02-11,ukwa,Ukwa Low-Phosphorus,2200,1778,43.8,86.4,89.7,91.9,22.9,1.1,0.0,422,19.2,1
2025-02-12,ukwa,Ukwa Low-Phosphorus,2200,1859,42.1,85.6,88.8,98.8,22.2,1.8,0.0,341,15.5,1
2025-02-13,ukwa,Ukwa Low-Phosphorus,2200,1848,42.2,86.5,87.4,96.1,22.2,1.8,0.0,352,16.0,1
2025-02-14,ukwa,Ukwa Low-Phosphorus,2200,1989,41.5,86.5,89.7,96.8,22.7,1.3,0.0,211,9.6,0
2025-02-15,ukwa,Ukwa Low-Phosphorus,2200,1897,42.3,88.2,86.1,98.2,22.4,1.6,0.0,303,13.8,1
2025-02-16,ukwa,Ukwa Low-Phosphorus,2200,1854,41.1,86.3,93.3,93.6,23.4,0.6,0.0,346,15.7,1
2025-02-17,ukwa,Ukwa Low-Phosphorus,2200,1295,41.1,84.5,58.2,94.5,15.5,8.5,0.0,905,41.1,1
2025-02-18,ukwa,Ukwa Low-Phosphorus,2200,1875,42.2,86.6,88.5,92.4,22.8,1.2,0.0,325,14.8,1
2025-02-19,ukwa,Ukwa Low-Phosphorus,2200,1869,41.8,85.3,93.3,95.4,22.8,1.2,0.0,331,15.0,1
2025-02-20,ukwa,Ukwa Low-Phosphorus,2200,1696,42.5,87.1,88.2,88.6,22.3,1.7,0.0,504,22.9,1
2025-02-21,ukwa,Ukwa Low-Phosphorus,2200,1906,41.2,85.8,90.9,97.4,22.1,1.9,0.0,294,13.4,1
2025-02-22,ukwa,Ukwa Low-Phosphorus,2200,1910,42.3,85.9,86.6,99.0,22.4,1.6,0.0,290,13.2,1
2025-02-23,ukwa,Ukwa Low-Phosphorus,2200,1869,42.0,87.6,94.8,93.0,23.0,1.0,0.0,331,15.0,1
2025-02-24,ukwa,Ukwa Low-Phosphorus,2200,1886,42.1,87.9,95.9,92.8,23.2,0.8,0.0,314,14.3,1
2025-02-25,ukwa,Ukwa Low-Phosphorus,2200,1822,42.1,85.7,95.6,93.7,23.1,0.9,0.0,378,17.2,1
2025-02-26,ukwa,Ukwa Low-Phosphorus,2200,1756,41.5,85.2,85.6,92.0,22.0,2.0,0.0,444,20.2,1
2025-02-27,ukwa,Ukwa Low-Phosphorus,2200,1902,42.1,86.0,91.5,95.2,23.1,0.9,0.0,298,13.5,1
2025-02-28,ukwa,Ukwa Low-Phosphorus,2200,1886,42.2,85.6,91.6,94.0,22.9,1.1,0.0,314,14.3,1
2025-03-01,ukwa,Ukwa Low-Phosphorus,2200,1860,42.0,86.6,90.3,93.1,22.3,1.7,0.0,340,15.5,1
2025-03-02,ukwa,Ukwa Low-Phosphorus,2200,1896,41.3,84.6,94.0,93.2,23.2,0.8,0.0,304,13.8,1
2025-03-03,ukwa,Ukwa Low-Phosphorus,2200,1899,42.3,85.7,94.4,93.5,23.1,0.9,0.0,301,13.7,1
2025-03-04,ukwa,Ukwa Low-Phosphorus,2200,1919,40.6,86.0,87.5,94.3,22.7,1.3,0.0,281,12.8,1
2025-03-05,ukwa,Ukwa Low-Phosphorus,2200,1792,37.9,84.9,91.6,94.4,22.1,1.9,0.0,408,18.5,1
2025-03-06,ukwa,Ukwa Low-Phosphorus,2200,2023,42.1,87.5,93.5,95.3,23.3,0.7,0.0,177,8.0,0
2025-03-07,ukwa,Ukwa Low-Phosphorus,2200,1847,42.0,86.9,87.3,91.6,22.3,1.7,0.0,353,16.0,1
2025-03-08,ukwa,Ukwa Low-Phosphorus,2200,1995,43.0,87.3,91.6,99.0,23.1,0.9,0.0,205,9.3,0
2025-03-09,ukwa,Ukwa Low-Phosphorus,2200,1805,41.6,85.9,89.8,92.1,22.7,1.3,0.0,395,18.0,1
2025-03-10,ukwa,Ukwa Low-Phosphorus,2200,1751,42.8,86.5,88.1,93.8,22.0,2.0,0.0,449,20.4,1
2025-03-11,ukwa,Ukwa Low-Phosphorus,2200,1844,43.3,86.2,93.3,90.4,22.7,1.3,0.0,356,16.2,1
2025-03-12,ukwa,Ukwa Low-Phosphorus,2200,1810,41.7,85.1,91.3,92.2,22.5,1.5,0.0,390,17.7,1
2025-03-13,ukwa,Ukwa Low-Phosphorus,2200,1765,42.0,85.0,87.1,92.5,22.1,1.9,0.0,435,19.8,1
2025-03-14,ukwa,Ukwa Low-Phosphorus,2200,1796,41.7,85.5,87.1,94.4,22.4,1.6,0.0,404,18.4,1
2025-03-15,ukwa,Ukwa Low-Phosphorus,2200,1767,42.2,85.2,91.0,93.6,22.5,1.5,0.0,433,19.7,1
2025-03-16,ukwa,Ukwa Low-Phosphorus,2200,1803,41.5,85.6,92.7,89.4,22.5,1.5,0.0,397,18.0,1
2025-03-17,ukwa,Ukwa Low-Phosphorus,2200,1973,42.6,88.2,91.7,93.1,23.0,1.0,0.0,227,10.3,1
2025-03-18,ukwa,Ukwa Low-Phosphorus,2200,1958,42.2,87.3,91.7,93.2,23.4,0.6,0.0,242,11.0,1
2025-03-19,ukwa,Ukwa Low-Phosphorus,2200,1923,41.8,87.0,89.7,98.2,22.7,1.3,0.0,277,12.6,1
2025-03-20,ukwa,Ukwa Low-Phosphorus,2200,1749,41.3,87.4,88.2,88.8,22.5,1.5,0.0,451,20.5,1
2025-03-21,ukwa,Ukwa Low-Phosphorus,2200,1845,41.8,85.7,89.5,93.5,23.4,0.6,0.0,355,16.1,1
2025-03-22,ukwa,Ukwa Low-Phosphorus,2200,1780,43.0,86.8,85.5,92.8,22.3,1.7,0.0,420,19.1,1
2025-03-23,ukwa,Ukwa Low-Phosphorus,2200,1899,42.3,87.0,91.1,94.2,22.5,1.5,0.0,301,13.7,1
2025-03-24,ukwa,Ukwa Low-Phosphorus,2200,1932,42.3,86.6,95.0,97.1,23.2,0.8,0.0,268,12.2,1
2025-03-25,ukwa,Ukwa Low-Phosphorus,2200,1917,41.6,87.2,89.2,96.3,22.3,1.7,0.0,283,12.9,1
2025-03-26,ukwa,Ukwa Low-Phosphorus,2200,1980,42.1,87.5,95.4,93.0,23.5,0.5,0.0,220,10.0,1
2025-03-27,ukwa,Ukwa Low-Phosphorus,2200,1872,41.3,86.1,89.0,91.9,23.1,0.9,0.0,328,14.9,1
2025-03-28,ukwa,Ukwa Low-Phosphorus,2200,1806,42.9,86.8,90.8,90.6,23.0,1.0,0.0,394,17.9,1
2025-03-29,ukwa,Ukwa Low-Phosphorus,2200,1786,40.9,87.2,86.9,91.1,22.6,1.4,0.0,414,18.8,1
2025-03-30,ukwa,Ukwa Low-Phosphorus,2200,1750,42.1,86.3,91.4,87.0,22.4,1.6,0.0,450,20.5,1
2025-03-31,ukwa,Ukwa Low-Phosphorus,2200,1948,42.2,86.0,96.6,93.5,23.2,0.8,0.0,252,11.5,1
2025-04-01,ukwa,Ukwa Low-Phosphorus,2200,1838,42.4,85.3,86.9,97.3,22.1,1.9,0.0,362,16.5,1
2025-04-02,ukwa,Ukwa Low-Phosphorus,2200,1844,42.5,86.0,92.1,88.5,23.5,0.5,0.0,356,16.2,1
2025-04-03,ukwa,Ukwa Low-Phosphorus,2200,1793,42.2,87.7,93.4,88.5,23.5,0.5,0.0,407,18.5,1
2025-04-04,ukwa,Ukwa Low-Phosphorus,2200,2005,42.0,87.0,92.8,94.9,23.4,0.6,0.0,195,8.9,0
2025-04-05,ukwa,Ukwa Low-Phosphorus,2200,1390,41.7,86.6,68.2,95.6,16.4,7.6,0.0,810,36.8,1
2025-04-06,ukwa,Ukwa Low-Phosphorus,2200,1824,41.9,86.7,88.1,92.4,22.6,1.4,0.0,376,17.1,1
2025-04-07,ukwa,Ukwa Low-Phosphorus,2200,1769,41.8,85.0,90.8,92.9,22.8,1.2,0.0,431,19.6,1
2025-04-08,ukwa,Ukwa Low-Phosphorus,2200,1991,43.7,88.9,90.9,98.4,22.2,1.8,0.0,209,9.5,0
2025-04-09,ukwa,Ukwa Low-Phosphorus,2200,1941,41.1,86.0,93.4,96.3,23.2,0.8,0.0,259,11.8,1
2025-04-10,ukwa,Ukwa Low-Phosphorus,2200,1986,42.2,85.5,91.8,97.4,22.9,1.1,0.0,214,9.7,0
2025-04-11,ukwa,Ukwa Low-Phosphorus,2200,1826,41.1,85.5,89.5,94.0,22.1,1.9,0.0,374,17.0,1
2025-04-12,ukwa,Ukwa Low-Phosphorus,2200,1693,42.8,86.3,86.8,89.0,22.0,2.0,0.0,507,23.0,1
2025-04-13,ukwa,Ukwa Low-Phosphorus,2200,1756,41.5,85.7,89.2,91.8,22.4,1.6,0.0,444,20.2,1
2025-04-14,ukwa,Ukwa Low-Phosphorus,2200,1941,41.3,85.2,90.5,99.0,23.1,0.9,0.0,259,11.8,1
2025-04-15,ukwa,Ukwa Low-Phosphorus,2200,1909,42.6,87.2,87.9,97.2,22.4,1.6,0.0,291,13.2,1
2025-04-16,ukwa,Ukwa Low-Phosphorus,2200,1971,41.5,85.2,90.0,95.2,23.4,0.6,0.0,229,10.4,1
2025-04-17,ukwa,Ukwa Low-Phosphorus,2200,1895,41.8,85.5,96.9,96.8,23.3,0.7,0.0,305,13.9,1
2025-04-18,ukwa,Ukwa Low-Phosphorus,2200,2048,42.5,88.2,90.9,96.9,23.1,0.9,0.0,152,6.9,0
2025-04-19,ukwa,Ukwa Low-Phosphorus,2200,1933,42.4,87.7,93.6,91.5,23.4,0.6,0.0,267,12.1,1
2025-04-20,ukwa,Ukwa Low-Phosphorus,2200,1864,40.9,84.9,93.2,96.0,23.1,0.9,0.0,336,15.3,1
2025-04-21,ukwa,Ukwa Low-Phosphorus,2200,1740,40.9,85.0,91.6,92.0,22.7,1.3,0.0,460,20.9,1
2025-04-22,ukwa,Ukwa Low-Phosphorus,2200,1829,41.3,84.6,88.0,97.9,22.1,1.9,0.0,371,16.9,1
2025-04-23,ukwa,Ukwa Low-Phosphorus,2200,1851,41.3,86.3,95.1,93.1,23.0,1.0,0.0,349,15.9,1
2025-04-24,ukwa,Ukwa Low-Phosphorus,2200,1906,41.8,86.0,90.1,95.6,23.0,1.0,0.0,294,13.4,1
2025-04-25,ukwa,Ukwa Low-Phosphorus,2200,2023,41.0,87.1,94.1,97.1,23.0,1.0,0.0,177,8.0,0
2025-04-26,ukwa,Ukwa Low-Phosphorus,2200,1895,43.4,87.4,88.1,93.6,22.2,1.8,0.0,305,13.9,1
2025-04-27,ukwa,Ukwa Low-Phosphorus,2200,1883,42.3,86.3,90.1,95.3,22.7,1.3,0.0,317,14.4,1
2025-04-28,ukwa,Ukwa Low-Phosphorus,2200,1971,42.8,87.3,94.5,95.8,23.0,1.0,0.0,229,10.4,1
2025-04-29,ukwa,Ukwa Low-Phosphorus,2200,1935,41.1,86.1,92.7,97.7,22.3,1.7,0.0,265,12.0,1
2025-04-30,ukwa,Ukwa Low-Phosphorus,2200,1788,43.3,87.3,91.2,94.6,22.0,2.0,0.0,412,18.7,1
2025-05-01,ukwa,Ukwa Low-Phosphorus,2200,1794,41.8,86.9,84.5,91.3,22.1,1.9,0.0,406,18.5,1
2025-05-02,ukwa,Ukwa Low-Phosphorus,2200,1955,42.7,86.2,91.8,95.2,23.5,0.5,0.0,245,11.1,1
2025-05-03,ukwa,Ukwa Low-Phosphorus,2200,1860,42.5,87.4,86.2,94.1,22.6,1.4,0.0,340,15.5,1
2025-05-04,ukwa,Ukwa Low-Phosphorus,2200,1970,42.3,86.0,89.2,94.7,23.3,0.7,0.0,230,10.5,1
2025-05-05,ukwa,Ukwa Low-Phosphorus,2200,1926,42.0,85.5,89.3,98.8,22.7,1.3,0.0,274,12.5,1
2025-05-06,ukwa,Ukwa Low-Phosphorus,2200,1944,41.6,86.6,94.6,92.7,23.4,0.6,0.0,256,11.6,1
2025-05-07,ukwa,Ukwa Low-Phosphorus,2200,1973,37.3,83.3,96.1,98.9,23.4,0.6,0.0,227,10.3,1
2025-05-08,ukwa,Ukwa Low-Phosphorus,2200,1951,41.6,87.1,86.0,97.9,22.5,1.5,0.0,249,11.3,1
2025-05-09,ukwa,Ukwa Low-Phosphorus,2200,1804,42.2,88.0,92.7,88.7,22.7,1.3,0.0,396,18.0,1
2025-05-10,ukwa,Ukwa Low-Phosphorus,2200,1928,41.4,85.9,89.9,92.6,23.4,0.6,0.0,272,12.4,1
2025-05-11,ukwa,Ukwa Low-Phosphorus,2200,1862,42.6,86.2,90.2,93.9,22.6,1.4,0.0,338,15.4,1
2025-05-12,ukwa,Ukwa Low-Phosphorus,2200,1896,41.4,86.5,94.2,94.8,22.8,1.2,0.0,304,13.8,1
2025-05-13,ukwa,Ukwa Low-Phosphorus,2200,1880,41.6,86.9,87.7,93.5,22.3,1.7,0.0,320,14.5,1
2025-05-14,ukwa,Ukwa Low-Phosphorus,2200,1842,42.0,87.6,89.2,95.1,22.1,1.9,0.0,358,16.3,1
2025-05-15,ukwa,Ukwa Low-Phosphorus,2200,1823,41.8,86.3,85.1,93.9,22.1,1.9,0.0,377,17.1,1
2025-05-16,ukwa,Ukwa Low-Phosphorus,2200,1777,42.3,87.5,87.4,92.5,22.2,1.8,0.0,423,19.2,1
2025-05-17,ukwa,Ukwa Low-Phosphorus,2200,1992,42.3,87.2,91.1,94.7,23.0,1.0,0.0,208,9.5,0
2025-05-18,ukwa,Ukwa Low-Phosphorus,2200,1828,43.1,88.6,91.4,90.8,22.6,1.4,0.0,372,16.9,1
2025-05-19,ukwa,Ukwa Low-Phosphorus,2200,1785,42.1,87.3,90.3,92.2,22.2,1.8,0.0,415,18.9,1
2025-05-20,ukwa,Ukwa Low-Phosphorus,2200,1778,43.8,86.7,90.8,92.5,22.4,1.6,0.0,422,19.2,1
2025-05-21,ukwa,Ukwa Low-Phosphorus,2200,2027,42.7,88.2,89.7,97.1,22.8,1.2,0.0,173,7.9,0
2025-05-22,ukwa,Ukwa Low-Phosphorus,2200,1335,41.3,84.8,65.6,94.6,15.9,8.1,0.0,865,39.3,1
2025-05-23,ukwa,Ukwa Low-Phosphorus,2200,2012,41.9,85.2,91.9,98.2,23.0,1.0,0.0,188,8.5,0
2025-05-24,ukwa,Ukwa Low-Phosphorus,2200,1848,41.5,86.8,92.7,91.8,23.1,0.9,0.0,352,16.0,1
2025-05-25,ukwa,Ukwa Low-Phosphorus,2200,1952,42.5,88.2,92.7,96.0,22.3,1.7,0.0,248,11.3,1
2025-05-26,ukwa,Ukwa Low-Phosphorus,2200,1905,42.1,85.5,91.1,92.5,23.1,0.9,0.0,295,13.4,1
2025-05-27,ukwa,Ukwa Low-Phosphorus,2200,1944,42.1,85.3,90.4,97.1,22.7,1.3,0.0,256,11.6,1
2025-05-28,ukwa,Ukwa Low-Phosphorus,2200,1765,41.1,85.1,91.6,94.3,22.2,1.8,0.0,435,19.8,1
2025-05-29,ukwa,Ukwa Low-Phosphorus,2200,1803,42.3,86.3,89.5,90.9,22.8,1.2,0.0,397,18.0,1
2025-05-30,ukwa,Ukwa Low-Phosphorus,2200,2035,44.1,88.7,90.1,96.6,23.4,0.6,0.0,165,7.5,0
2025-05-31,ukwa,Ukwa Low-Phosphorus,2200,1943,41.1,85.8,90.2,94.4,23.1,0.9,0.0,257,11.7,1
2025-06-01,ukwa,Ukwa Low-Phosphorus,2200,1989,42.5,86.4,91.5,97.3,22.7,1.3,0.0,211,9.6,0
2025-06-02,ukwa,Ukwa Low-Phosphorus,2200,1819,41.1,86.0,94.4,91.6,22.8,1.2,0.0,381,17.3,1
2025-06-03,ukwa,Ukwa Low-Phosphorus,2200,1813,41.1,85.7,84.9,97.2,22.2,1.8,0.0,387,17.6,1
2025-06-04,ukwa,Ukwa Low-Phosphorus,2200,1840,42.8,88.0,95.9,91.5,23.3,0.7,0.0,360,16.4,1
2025-06-05,ukwa,Ukwa Low-Phosphorus,2200,1967,42.2,85.5,86.6,98.6,22.3,1.7,0.0,233,10.6,1
2025-06-06,ukwa,Ukwa Low-Phosphorus,2200,1879,41.7,86.7,86.5,94.5,22.5,1.5,0.0,321,14.6,1
2025-06-07,ukwa,Ukwa Low-Phosphorus,2200,1867,41.9,87.3,88.0,92.8,22.7,1.3,0.0,333,15.1,1
2025-06-08,ukwa,Ukwa Low-Phosphorus,2200,1898,41.4,87.5,92.8,94.1,23.4,0.6,0.0,302,13.7,1
2025-06-09,ukwa,Ukwa Low-Phosphorus,2200,1554,41.6,86.0,78.3,86.4,20.4,3.6,37.9,646,29.4,1
2025-06-10,ukwa,Ukwa Low-Phosphorus,2200,1738,42.2,86.1,84.5,90.7,21.5,2.5,14.3,462,21.0,1
2025-06-11,ukwa,Ukwa Low-Phosphorus,2200,1891,42.1,85.9,91.1,95.9,21.9,2.1,3.8,309,14.0,1
2025-06-12,ukwa,Ukwa Low-Phosphorus,2200,1724,41.0,86.1,90.8,89.4,22.3,1.7,12.6,476,21.6,1
2025-06-13,ukwa,Ukwa Low-Phosphorus,2200,1737,42.4,88.2,84.7,87.8,21.6,2.4,26.6,463,21.0,1
2025-06-14,ukwa,Ukwa Low-Phosphorus,2200,1695,42.1,87.3,89.4,87.5,21.9,2.1,16.2,505,23.0,1
2025-06-15,ukwa,Ukwa Low-Phosphorus,2200,1669,42.0,87.2,85.7,90.0,21.4,2.6,20.9,531,24.1,1
2025-06-16,ukwa,Ukwa Low-Phosphorus,2200,1567,42.0,86.0,82.3,87.9,21.1,2.9,19.7,633,28.8,1
2025-06-17,ukwa,Ukwa Low-Phosphorus,2200,1687,40.8,85.2,89.2,87.2,21.7,2.3,22.7,513,23.3,1
2025-06-18,ukwa,Ukwa Low-Phosphorus,2200,1840,42.1,86.6,94.3,92.7,22.7,1.3,8.7,360,16.4,1
2025-06-19,ukwa,Ukwa Low-Phosphorus,2200,1702,42.5,87.0,87.4,88.0,21.3,2.7,20.5,498,22.6,1
2025-06-20,ukwa,Ukwa Low-Phosphorus,2200,1482,41.9,87.0,80.0,84.4,20.4,3.6,32.6,718,32.6,1
2025-06-21,ukwa,Ukwa Low-Phosphorus,2200,1736,41.8,87.3,87.1,92.1,21.9,2.1,4.0,464,21.1,1
2025-06-22,ukwa,Ukwa Low-Phosphorus,2200,1591,42.0,87.5,80.1,86.9,21.1,2.9,24.3,609,27.7,1
2025-06-23,ukwa,Ukwa Low-Phosphorus,2200,1622,42.5,86.3,80.7,87.2,20.8,3.2,26.2,578,26.3,1
2025-06-24,ukwa,Ukwa Low-Phosphorus,2200,1715,42.6,86.3,82.9,91.5,20.8,3.2,26.2,485,22.0,1
2025-06-25,ukwa,Ukwa Low-Phosphorus,2200,1669,42.4,86.3,88.4,87.4,21.4,2.6,12.5,531,24.1,1
2025-06-26,ukwa,Ukwa Low-Phosphorus,2200,1618,41.4,85.0,88.7,85.4,21.3,2.7,29.4,582,26.5,1
2025-06-27,ukwa,Ukwa Low-Phosphorus,2200,1955,41.1,86.5,92.0,97.6,22.8,1.2,9.7,245,11.1,1
2025-06-28,ukwa,Ukwa Low-Phosphorus,2200,1371,41.9,85.3,73.7,81.4,19.0,5.0,54.0,829,37.7,1
2025-06-29,ukwa,Ukwa Low-Phosphorus,2200,1411,41.9,85.5,74.2,82.5,19.6,4.4,46.9,789,35.9,1
2025-06-30,ukwa,Ukwa Low-Phosphorus,2200,1667,42.6,87.5,90.5,87.1,21.9,2.1,18.9,533,24.2,1
2025-07-01,ukwa,Ukwa Low-Phosphorus,2200,1412,41.7,86.8,75.5,82.7,19.4,4.6,48.0,788,35.8,1
2025-07-02,ukwa,Ukwa Low-Phosphorus,2200,1811,42.0,86.5,87.5,91.3,22.6,1.4,3.6,389,17.7,1
2025-07-03,ukwa,Ukwa Low-Phosphorus,2200,1475,42.1,85.3,80.9,83.1,20.5,3.5,35.0,725,33.0,1
2025-07-04,ukwa,Ukwa Low-Phosphorus,2200,1568,41.5,86.3,88.1,82.1,21.2,2.8,32.9,632,28.7,1
2025-07-05,ukwa,Ukwa Low-Phosphorus,2200,1667,42.2,86.4,83.9,87.5,21.7,2.3,29.4,533,24.2,1
2025-07-06,ukwa,Ukwa Low-Phosphorus,2200,1682,41.1,87.0,86.2,90.4,21.3,2.7,21.4,518,23.5,1
2025-07-07,ukwa,Ukwa Low-Phosphorus,2200,1443,42.5,85.6,82.9,82.4,20.1,3.9,40.6,757,34.4,1
2025-07-08,ukwa,Ukwa Low-Phosphorus,2200,918,42.2,85.2,47.3,81.7,13.2,10.8,49.4,1282,58.3,1
2025-07-09,ukwa,Ukwa Low-Phosphorus,2200,1728,37.8,85.4,89.0,88.7,22.0,2.0,19.4,472,21.5,1
2025-07-10,ukwa,Ukwa Low-Phosphorus,2200,1567,42.3,86.0,80.6,84.5,20.8,3.2,42.8,633,28.8,1
2025-07-11,ukwa,Ukwa Low-Phosphorus,2200,1368,43.2,87.5,77.3,80.3,19.8,4.2,39.4,832,37.8,1
2025-07-12,ukwa,Ukwa Low-Phosphorus,2200,1395,42.3,86.7,81.2,77.1,20.5,3.5,44.4,805,36.6,1
2025-07-13,ukwa,Ukwa Low-Phosphorus,2200,1581,41.0,86.7,80.9,85.4,20.9,3.1,22.9,619,28.1,1
2025-07-14,ukwa,Ukwa Low-Phosphorus,2200,1510,43.0,86.1,78.0,85.1,20.1,3.9,37.2,690,31.4,1
2025-07-15,ukwa,Ukwa Low-Phosphorus,2200,1172,41.2,86.2,73.0,70.1,18.5,5.5,79.6,1028,46.7,1
2025-07-16,ukwa,Ukwa Low-Phosphorus,2200,1072,41.3,85.9,66.3,71.4,17.1,6.9,85.1,1128,51.3,1
2025-07-17,ukwa,Ukwa Low-Phosphorus,2200,1134,42.0,87.2,66.7,73.3,17.6,6.4,73.9,1066,48.5,1
2025-07-18,ukwa,Ukwa Low-Phosphorus,2200,1665,42.0,86.6,80.8,91.6,21.0,3.0,23.3,535,24.3,1
2025-07-19,ukwa,Ukwa Low-Phosphorus,2200,1360,41.2,86.9,81.2,81.0,19.5,4.5,42.5,840,38.2,1
2025-07-20,ukwa,Ukwa Low-Phosphorus,2200,1862,42.0,87.7,89.3,92.5,22.2,1.8,17.3,338,15.4,1
2025-07-21,ukwa,Ukwa Low-Phosphorus,2200,1698,43.0,87.0,90.5,87.9,21.9,2.1,16.7,502,22.8,1
2025-07-22,ukwa,Ukwa Low-Phosphorus,2200,831,41.6,85.7,63.8,61.9,15.6,8.4,112.7,1369,62.2,1
2025-07-23,ukwa,Ukwa Low-Phosphorus,2200,1509,42.6,86.7,84.3,82.2,20.3,3.7,45.1,691,31.4,1
2025-07-24,ukwa,Ukwa Low-Phosphorus,2200,1373,41.5,86.0,75.3,79.8,19.6,4.4,51.5,827,37.6,1
2025-07-25,ukwa,Ukwa Low-Phosphorus,2200,1526,42.4,87.0,82.0,84.5,20.1,3.9,40.8,674,30.6,1
2025-07-26,ukwa,Ukwa Low-Phosphorus,2200,1818,42.2,86.8,88.5,93.4,22.4,1.6,5.4,382,17.4,1
2025-07-27,ukwa,Ukwa Low-Phosphorus,2200,1853,42.5,87.1,86.1,92.4,22.1,1.9,13.0,347,15.8,1
2025-07-28,ukwa,Ukwa Low-Phosphorus,2200,1590,42.7,86.9,86.2,84.8,21.5,2.5,25.0,610,27.7,1
2025-07-29,ukwa,Ukwa Low-Phosphorus,2200,1469,40.5,86.4,82.8,84.2,20.1,3.9,38.8,731,33.2,1
2025-07-30,ukwa,Ukwa Low-Phosphorus,2200,1673,41.2,85.4,88.9,86.4,22.3,1.7,12.6,527,24.0,1
2025-07-31,ukwa,Ukwa Low-Phosphorus,2200,1255,42.4,86.4,72.6,75.5,18.5,5.5,60.8,945,43.0,1
2025-08-01,ukwa,Ukwa Low-Phosphorus,2200,1428,42.3,88.2,77.7,82.4,19.7,4.3,52.2,772,35.1,1
2025-08-02,ukwa,Ukwa Low-Phosphorus,2200,1668,42.3,86.0,84.3,90.3,21.2,2.8,25.7,532,24.2,1
2025-08-03,ukwa,Ukwa Low-Phosphorus,2200,1252,41.8,86.4,77.9,74.9,18.7,5.3,70.1,948,43.1,1
2025-08-04,ukwa,Ukwa Low-Phosphorus,2200,1481,41.6,85.9,80.0,84.6,20.6,3.4,41.3,719,32.7,1
2025-08-05,ukwa,Ukwa Low-Phosphorus,2200,1633,41.6,86.4,82.8,87.0,21.2,2.8,19.2,567,25.8,1
2025-08-06,ukwa,Ukwa Low-Phosphorus,2200,1327,42.9,86.4,74.2,77.7,19.3,4.7,66.8,873,39.7,1
2025-08-07,ukwa,Ukwa Low-Phosphorus,2200,1571,42.3,86.5,87.8,85.0,21.5,2.5,25.6,629,28.6,1
2025-08-08,ukwa,Ukwa Low-Phosphorus,2200,1086,41.7,84.8,65.8,72.7,17.2,6.8,81.1,1114,50.6,1
2025-08-09,ukwa,Ukwa Low-Phosphorus,2200,1692,42.5,87.2,87.0,86.4,22.2,1.8,21.6,508,23.1,1
2025-08-10,ukwa,Ukwa Low-Phosphorus,2200,1626,41.4,86.1,85.7,89.7,21.0,3.0,22.5,574,26.1,1
2025-08-11,ukwa,Ukwa Low-Phosphorus,2200,1375,42.3,85.5,77.3,81.9,19.0,5.0,54.8,825,37.5,1
2025-08-12,ukwa,Ukwa Low-Phosphorus,2200,1390,42.1,85.1,80.8,80.7,19.7,4.3,47.1,810,36.8,1
2025-08-13,ukwa,Ukwa Low-Phosphorus,2200,1351,42.0,87.3,77.3,79.2,19.5,4.5,59.2,849,38.6,1
2025-08-14,ukwa,Ukwa Low-Phosphorus,2200,1787,42.5,86.4,87.4,90.1,22.0,2.0,14.4,413,18.8,1
2025-08-15,ukwa,Ukwa Low-Phosphorus,2200,1650,41.7,87.6,90.2,85.8,21.7,2.3,21.3,550,25.0,1
2025-08-16,ukwa,Ukwa Low-Phosphorus,2200,1463,43.2,86.6,79.1,81.1,20.0,4.0,35.4,737,33.5,1
2025-08-17,ukwa,Ukwa Low-Phosphorus,2200,1581,41.5,84.8,87.1,86.1,21.9,2.1,23.2,619,28.1,1
2025-08-18,ukwa,Ukwa Low-Phosphorus,2200,1749,41.6,86.6,85.8,91.8,22.4,1.6,5.4,451,20.5,1
2025-08-19,ukwa,Ukwa Low-Phosphorus,2200,1677,43.4,87.6,90.3,89.7,21.8,2.2,12.5,523,23.8,1
2025-08-20,ukwa,Ukwa Low-Phosphorus,2200,1768,41.6,86.6,87.9,92.6,22.0,2.0,16.2,432,19.6,1
2025-08-21,ukwa,Ukwa Low-Phosphorus,2200,1509,42.5,86.2,85.1,85.6,20.7,3.3,28.8,691,31.4,1
2025-08-22,ukwa,Ukwa Low-Phosphorus,2200,1524,40.9,84.5,79.4,83.5,20.7,3.3,33.7,676,30.7,1
2025-08-23,ukwa,Ukwa Low-Phosphorus,2200,1013,41.9,85.9,67.6,66.9,17.4,6.6,100.1,1187,54.0,1
2025-08-24,ukwa,Ukwa Low-Phosphorus,2200,1321,42.1,86.1,63.5,91.8,16.0,8.0,12.6,879,40.0,1
2025-08-25,ukwa,Ukwa Low-Phosphorus,2200,1758,42.0,86.2,87.2,92.1,22.0,2.0,13.6,442,20.1,1
2025-08-26,ukwa,Ukwa Low-Phosphorus,2200,1654,42.0,86.1,81.5,89.7,21.3,2.7,19.0,546,24.8,1
2025-08-27,ukwa,Ukwa Low-Phosphorus,2200,1326,40.7,84.2,75.9,80.8,19.3,4.7,50.0,874,39.7,1
2025-08-28,ukwa,Ukwa Low-Phosphorus,2200,1442,41.5,86.5,76.9,83.0,19.5,4.5,45.2,758,34.5,1
2025-08-29,ukwa,Ukwa Low-Phosphorus,2200,1657,41.2,84.6,86.6,86.6,22.1,1.9,19.9,543,24.7,1
2025-08-30,ukwa,Ukwa Low-Phosphorus,2200,1530,42.4,85.9,77.7,87.1,19.8,4.2,43.6,670,30.5,1
2025-08-31,ukwa,Ukwa Low-Phosphorus,2200,1576,42.1,85.7,86.7,86.5,21.7,2.3,27.0,624,28.4,1
2025-09-01,ukwa,Ukwa Low-Phosphorus,2200,1780,41.3,85.6,86.2,92.5,22.1,1.9,21.2,420,19.1,1
2025-09-02,ukwa,Ukwa Low-Phosphorus,2200,1732,42.5,87.8,88.6,88.0,21.7,2.3,9.6,468,21.3,1
2025-09-03,ukwa,Ukwa Low-Phosphorus,2200,1796,42.7,88.0,84.2,92.8,21.7,2.3,9.3,404,18.4,1
2025-09-04,ukwa,Ukwa Low-Phosphorus,2200,1724,41.9,86.6,90.0,90.6,22.4,1.6,5.9,476,21.6,1
2025-09-05,ukwa,Ukwa Low-Phosphorus,2200,1353,43.0,85.7,80.0,80.5,19.9,4.1,42.0,847,38.5,1
2025-09-06,ukwa,Ukwa Low-Phosphorus,2200,1840,42.1,86.7,87.4,94.7,21.9,2.1,2.5,360,16.4,1
2025-09-07,ukwa,Ukwa Low-Phosphorus,2200,1333,43.3,87.4,74.8,79.9,18.9,5.1,58.0,867,39.4,1
2025-09-08,ukwa,Ukwa Low-Phosphorus,2200,1704,41.2,86.0,88.2,91.1,21.7,2.3,9.9,496,22.5,1
2025-09-09,ukwa,Ukwa Low-Phosphorus,2200,1944,42.7,87.8,92.3,95.3,22.6,1.4,7.1,256,11.6,1
2025-09-10,ukwa,Ukwa Low-Phosphorus,2200,1647,38.3,82.8,83.0,89.1,21.8,2.2,17.3,553,25.1,1
2025-09-11,ukwa,Ukwa Low-Phosphorus,2200,1676,41.6,86.0,86.7,87.4,21.9,2.1,14.0,524,23.8,1
2025-09-12,ukwa,Ukwa Low-Phosphorus,2200,1742,41.6,85.4,88.0,89.8,22.1,1.9,16.9,458,20.8,1
2025-09-13,ukwa,Ukwa Low-Phosphorus,2200,1712,42.6,87.5,86.5,87.5,22.4,1.6,14.8,488,22.2,1
2025-09-14,ukwa,Ukwa Low-Phosphorus,2200,1633,41.9,85.6,88.2,87.1,21.4,2.6,19.8,567,25.8,1
2025-09-15,ukwa,Ukwa Low-Phosphorus,2200,1692,42.2,85.9,85.9,91.1,22.1,1.9,14.0,508,23.1,1
2025-09-16,ukwa,Ukwa Low-Phosphorus,2200,1788,42.2,87.1,89.8,92.7,22.1,1.9,10.2,412,18.7,1
2025-09-17,ukwa,Ukwa Low-Phosphorus,2200,1787,42.2,85.9,88.8,91.0,21.9,2.1,3.9,413,18.8,1
2025-09-18,ukwa,Ukwa Low-Phosphorus,2200,1848,41.8,86.1,92.8,93.0,23.3,0.7,0.0,352,16.0,1
2025-09-19,ukwa,Ukwa Low-Phosphorus,2200,1932,41.7,86.8,90.3,99.0,22.5,1.5,0.0,268,12.2,1
2025-09-20,ukwa,Ukwa Low-Phosphorus,2200,2134,41.7,87.7,92.6,98.8,23.5,0.5,0.0,66,3.0,0
2025-09-21,ukwa,Ukwa Low-Phosphorus,2200,1947,41.5,86.0,94.1,96.5,23.3,0.7,0.0,253,11.5,1
2025-09-22,ukwa,Ukwa Low-Phosphorus,2200,1982,41.4,87.2,90.0,96.6,23.0,1.0,0.0,218,9.9,0
2025-09-23,ukwa,Ukwa Low-Phosphorus,2200,1974,41.7,87.8,91.1,94.7,23.0,1.0,0.0,226,10.3,1
2025-09-24,ukwa,Ukwa Low-Phosphorus,2200,1869,41.7,87.3,87.2,91.7,22.3,1.7,0.0,331,15.0,1
2025-09-25,ukwa,Ukwa Low-Phosphorus,2200,1915,42.8,88.2,92.4,96.1,22.2,1.8,0.0,285,13.0,1
2025-09-26,ukwa,Ukwa Low-Phosphorus,2200,1849,41.6,85.9,96.0,92.1,23.5,0.5,0.0,351,16.0,1
2025-09-27,ukwa,Ukwa Low-Phosphorus,2200,1738,42.9,85.8,88.8,93.2,22.2,1.8,0.0,462,21.0,1
2025-09-28,ukwa,Ukwa Low-Phosphorus,2200,1773,41.1,85.3,91.6,92.2,22.6,1.4,0.0,427,19.4,1
2025-09-29,ukwa,Ukwa Low-Phosphorus,2200,1763,41.9,86.1,91.2,93.5,22.2,1.8,0.0,437,19.9,1
2025-09-30,ukwa,Ukwa Low-Phosphorus,2200,1897,42.4,87.5,87.4,93.5,22.6,1.4,0.0,303,13.8,1
2025-10-01,ukwa,Ukwa Low-Phosphorus,2200,1916,41.6,86.7,91.4,92.6,23.3,0.7,0.0,284,12.9,1
2025-10-02,ukwa,Ukwa Low-Phosphorus,2200,1823,40.5,86.4,96.6,92.7,23.2,0.8,0.0,377,17.1,1
2025-10-03,ukwa,Ukwa Low-Phosphorus,2200,1727,42.0,85.0,87.2,91.5,22.3,1.7,0.0,473,21.5,1
2025-10-04,ukwa,Ukwa Low-Phosphorus,2200,1893,42.3,85.2,93.0,94.6,23.0,1.0,0.0,307,14.0,1
2025-10-05,ukwa,Ukwa Low-Phosphorus,2200,1990,43.1,87.4,89.5,95.7,23.4,0.6,0.0,210,9.5,0
2025-10-06,ukwa,Ukwa Low-Phosphorus,2200,1917,42.2,87.9,94.7,95.2,23.3,0.7,0.0,283,12.9,1
2025-10-07,ukwa,Ukwa Low-Phosphorus,2200,1836,42.3,87.5,91.3,92.8,22.7,1.3,0.0,364,16.5,1
2025-10-08,ukwa,Ukwa Low-Phosphorus,2200,1913,41.9,86.0,93.1,98.0,22.9,1.1,0.0,287,13.0,1
2025-10-09,ukwa,Ukwa Low-Phosphorus,2200,2008,42.4,87.2,91.6,97.5,23.0,1.0,0.0,192,8.7,0
2025-10-10,ukwa,Ukwa Low-Phosphorus,2200,1331,41.6,85.1,65.9,95.8,16.1,7.9,0.0,869,39.5,1
2025-10-11,ukwa,Ukwa Low-Phosphorus,2200,1948,42.5,87.1,94.5,94.8,23.4,0.6,0.0,252,11.5,1
2025-10-12,ukwa,Ukwa Low-Phosphorus,2200,1797,42.0,85.2,93.7,93.9,22.8,1.2,0.0,403,18.3,1
2025-10-13,ukwa,Ukwa Low-Phosphorus,2200,1968,42.3,88.0,88.9,93.5,22.9,1.1,0.0,232,10.5,1
2025-10-14,ukwa,Ukwa Low-Phosphorus,2200,1848,41.7,87.7,90.8,93.1,22.5,1.5,0.0,352,16.0,1
2025-10-15,ukwa,Ukwa Low-Phosphorus,2200,1876,41.4,85.1,89.2,95.2,22.4,1.6,0.0,324,14.7,1
2025-10-16,ukwa,Ukwa Low-Phosphorus,2200,1915,42.2,87.0,87.3,94.5,22.8,1.2,0.0,285,13.0,1
2025-10-17,ukwa,Ukwa Low-Phosphorus,2200,1914,42.9,87.3,93.0,96.1,22.9,1.1,0.0,286,13.0,1
2025-10-18,ukwa,Ukwa Low-Phosphorus,2200,1744,42.5,86.0,94.0,89.3,22.7,1.3,0.0,456,20.7,1
2025-10-19,ukwa,Ukwa Low-Phosphorus,2200,1935,40.8,85.7,89.8,93.3,23.4,0.6,0.0,265,12.0,1
2025-10-20,ukwa,Ukwa Low-Phosphorus,2200,1826,41.7,85.6,92.0,91.7,22.9,1.1,0.0,374,17.0,1
2025-10-21,ukwa,Ukwa Low-Phosphorus,2200,1846,42.8,87.1,93.1,94.5,22.7,1.3,0.0,354,16.1,1
2025-10-22,ukwa,Ukwa Low-Phosphorus,2200,1878,40.3,84.4,90.8,93.3,23.2,0.8,0.0,322,14.6,1
2025-10-23,ukwa,Ukwa Low-Phosphorus,2200,1841,42.0,85.8,89.3,90.9,23.1,0.9,0.0,359,16.3,1
2025-10-24,ukwa,Ukwa Low-Phosphorus,2200,1835,42.3,87.0,87.8,93.1,22.4,1.6,0.0,365,16.6,1
2025-10-25,ukwa,Ukwa Low-Phosphorus,2200,1837,42.3,86.4,90.3,96.7,22.2,1.8,0.0,363,16.5,1
2025-10-26,ukwa,Ukwa Low-Phosphorus,2200,1777,41.5,85.1,85.1,93.5,22.0,2.0,0.0,423,19.2,1
2025-10-27,ukwa,Ukwa Low-Phosphorus,2200,1963,41.0,85.3,95.3,95.7,23.0,1.0,0.0,237,10.8,1
2025-10-28,ukwa,Ukwa Low-Phosphorus,2200,1810,42.3,86.0,88.9,93.5,22.2,1.8,0.0,390,17.7,1
2025-10-29,ukwa,Ukwa Low-Phosphorus,2200,1886,43.1,86.4,91.3,95.1,22.4,1.6,0.0,314,14.3,1
2025-10-30,ukwa,Ukwa Low-Phosphorus,2200,1782,42.5,87.9,88.9,93.2,22.2,1.8,0.0,418,19.0,1
2025-10-31,ukwa,Ukwa Low-Phosphorus,2200,1994,42.3,87.8,90.6,95.1,23.3,0.7,0.0,206,9.4,0
2025-11-01,ukwa,Ukwa Low-Phosphorus,2200,1946,41.5,85.0,92.1,96.2,22.9,1.1,0.0,254,11.5,1
2025-11-02,ukwa,Ukwa Low-Phosphorus,2200,1904,42.4,86.3,88.2,93.7,22.6,1.4,0.0,296,13.5,1
2025-11-03,ukwa,Ukwa Low-Phosphorus,2200,1723,42.2,87.0,85.1,91.3,22.1,1.9,0.0,477,21.7,1
2025-11-04,ukwa,Ukwa Low-Phosphorus,2200,1927,42.4,85.8,92.1,96.7,23.0,1.0,0.0,273,12.4,1
2025-11-05,ukwa,Ukwa Low-Phosphorus,2200,1926,41.4,86.6,93.3,94.7,23.1,0.9,0.0,274,12.5,1
2025-11-06,ukwa,Ukwa Low-Phosphorus,2200,1899,42.1,87.6,89.9,94.5,23.4,0.6,0.0,301,13.7,1
2025-11-07,ukwa,Ukwa Low-Phosphorus,2200,1840,41.5,87.2,93.3,92.1,22.6,1.4,0.0,360,16.4,1
2025-11-08,ukwa,Ukwa Low-Phosphorus,2200,1895,41.8,86.6,93.3,89.7,23.4,0.6,0.0,305,13.9,1
2025-11-09,ukwa,Ukwa Low-Phosphorus,2200,1858,41.0,86.9,85.9,93.4,22.3,1.7,0.0,342,15.5,1
2025-11-10,ukwa,Ukwa Low-Phosphorus,2200,1925,40.3,85.7,89.2,97.2,22.8,1.2,0.0,275,12.5,1
2025-11-11,ukwa,Ukwa Low-Phosphorus,2200,1788,41.8,85.2,86.3,93.5,22.4,1.6,0.0,412,18.7,1
2025-11-12,ukwa,Ukwa Low-Phosphorus,2200,1774,37.7,83.3,90.9,95.0,22.4,1.6,0.0,426,19.4,1
2025-11-13,ukwa,Ukwa Low-Phosphorus,2200,1823,41.9,87.4,87.9,92.7,22.5,1.5,0.0,377,17.1,1
2025-11-14,ukwa,Ukwa Low-Phosphorus,2200,1917,42.6,86.3,93.2,96.3,22.4,1.6,0.0,283,12.9,1
2025-11-15,ukwa,Ukwa Low-Phosphorus,2200,1764,42.2,86.4,87.5,92.3,22.3,1.7,0.0,436,19.8,1
2025-11-16,ukwa,Ukwa Low-Phosphorus,2200,1812,41.5,85.7,86.4,93.9,22.5,1.5,0.0,388,17.6,1
2025-11-17,ukwa,Ukwa Low-Phosphorus,2200,1808,41.6,87.4,96.8,90.4,23.3,0.7,0.0,392,17.8,1
2025-11-18,ukwa,Ukwa Low-Phosphorus,2200,1868,42.9,87.9,89.8,91.7,23.3,0.7,0.0,332,15.1,1
2025-11-19,ukwa,Ukwa Low-Phosphorus,2200,1875,42.5,87.0,88.4,91.2,22.7,1.3,0.0,325,14.8,1
2025-11-20,ukwa,Ukwa Low-Phosphorus,2200,1891,41.9,86.2,85.1,96.9,22.0,2.0,0.0,309,14.0,1
2025-11-21,ukwa,Ukwa Low-Phosphorus,2200,1863,43.1,87.7,90.7,93.3,22.3,1.7,0.0,337,15.3,1
2025-11-22,ukwa,Ukwa Low-Phosphorus,2200,2000,42.9,86.0,91.9,95.7,23.4,0.6,0.0,200,9.1,0
2025-11-23,ukwa,Ukwa Low-Phosphorus,2200,1806,42.4,87.6,89.1,91.2,22.8,1.2,0.0,394,17.9,1
2025-11-24,ukwa,Ukwa Low-Phosphorus,2200,1849,42.2,87.2,90.8,95.7,22.4,1.6,0.0,351,16.0,1
2025-11-25,ukwa,Ukwa Low-Phosphorus,2200,1865,42.0,87.7,91.1,92.6,23.0,1.0,0.0,335,15.2,1
2025-11-26,ukwa,Ukwa Low-Phosphorus,2200,1364,41.8,87.4,65.9,94.0,16.9,7.1,0.0,836,38.0,1
2025-11-27,ukwa,Ukwa Low-Phosphorus,2200,1868,42.6,87.4,88.4,93.1,22.8,1.2,0.0,332,15.1,1
2025-11-28,ukwa,Ukwa Low-Phosphorus,2200,1893,42.9,86.6,90.0,92.1,23.4,0.6,0.0,307,14.0,1
2025-11-29,ukwa,Ukwa Low-Phosphorus,2200,1885,43.1,86.3,92.5,94.6,22.5,1.5,0.0,315,14.3,1
2025-11-30,ukwa,Ukwa Low-Phosphorus,2200,1841,42.0,85.4,94.3,91.0,23.3,0.7,0.0,359,16.3,1
2025-12-01,ukwa,Ukwa Low-Phosphorus,2200,1797,40.7,85.8,85.0,91.8,22.0,2.0,0.0,403,18.3,1
2025-12-02,ukwa,Ukwa Low-Phosphorus,2200,1841,42.3,86.3,89.8,92.0,23.4,0.6,0.0,359,16.3,1
2025-12-03,ukwa,Ukwa Low-Phosphorus,2200,1781,42.0,85.8,89.1,92.4,22.2,1.8,0.0,419,19.0,1
2025-12-04,ukwa,Ukwa Low-Phosphorus,2200,1995,41.1,84.7,89.0,99.0,23.0,1.0,0.0,205,9.3,0
2025-12-05,ukwa,Ukwa Low-Phosphorus,2200,1823,41.7,85.7,86.1,93.6,22.0,2.0,0.0,377,17.1,1
2025-12-06,ukwa,Ukwa Low-Phosphorus,2200,1914,41.3,87.3,93.8,92.5,23.1,0.9,0.0,286,13.0,1
2025-12-07,ukwa,Ukwa Low-Phosphorus,2200,1877,40.8,84.4,91.7,94.9,22.7,1.3,0.0,323,14.7,1
2025-12-08,ukwa,Ukwa Low-Phosphorus,2200,1835,41.6,85.3,91.1,91.0,22.9,1.1,0.0,365,16.6,1
2025-12-09,ukwa,Ukwa Low-Phosphorus,2200,1929,41.5,85.0,86.5,99.0,22.2,1.8,0.0,271,12.3,1
2025-12-10,ukwa,Ukwa Low-Phosphorus,2200,1852,42.0,87.5,92.5,91.7,23.4,0.6,0.0,348,15.8,1
2025-12-11,ukwa,Ukwa Low-Phosphorus,2200,1880,41.8,87.4,91.3,91.1,22.6,1.4,0.0,320,14.5,1
2025-12-12,ukwa,Ukwa Low-Phosphorus,2200,1921,42.8,86.6,89.1,92.3,23.0,1.0,0.0,279,12.7,1
2025-12-13,ukwa,Ukwa Low-Phosphorus,2200,1803,43.0,86.7,85.0,96.3,22.0,2.0,0.0,397,18.0,1
2025-12-14,ukwa,Ukwa Low-Phosphorus,2200,1811,42.8,86.9,87.8,96.4,22.1,1.9,0.0,389,17.7,1
2025-12-15,ukwa,Ukwa Low-Phosphorus,2200,1783,41.4,85.8,92.0,92.4,22.4,1.6,0.0,417,19.0,1
2025-12-16,ukwa,Ukwa Low-Phosphorus,2200,1815,42.2,85.2,92.8,93.7,22.3,1.7,0.0,385,17.5,1
2025-12-17,ukwa,Ukwa Low-Phosphorus,2200,1984,41.7,86.0,90.4,97.4,23.4,0.6,0.0,216,9.8,0
2025-12-18,ukwa,Ukwa Low-Phosphorus,2200,1921,42.3,86.1,84.2,96.5,22.1,1.9,0.0,279,12.7,1
2025-12-19,ukwa,Ukwa Low-Phosphorus,2200,1916,41.4,86.5,92.7,92.8,23.4,0.6,0.0,284,12.9,1
2025-12-20,ukwa,Ukwa Low-Phosphorus,2200,1972,42.8,87.1,94.4,95.7,22.9,1.1,0.0,228,10.4,1
2025-12-21,ukwa,Ukwa Low-Phosphorus,2200,1845,42.5,87.9,89.3,90.0,23.3,0.7,0.0,355,16.1,1
2025-12-22,ukwa,Ukwa Low-Phosphorus,2200,1797,42.1,86.1,93.1,91.6,23.2,0.8,0.0,403,18.3,1
2025-12-23,ukwa,Ukwa Low-Phosphorus,2200,1800,41.8,86.4,94.9,91.0,23.2,0.8,0.0,400,18.2,1
2025-12-24,ukwa,Ukwa Low-Phosphorus,2200,1911,42.7,86.7,93.1,99.0,22.6,1.4,0.0,289,13.1,1
2025-12-25,ukwa,Ukwa Low-Phosphorus,2200,1935,41.9,86.6,92.1,92.8,23.1,0.9,0.0,265,12.0,1
2025-12-26,ukwa,Ukwa Low-Phosphorus,2200,2013,42.8,87.3,92.5,96.9,22.7,1.3,0.0,187,8.5,0
2025-12-27,ukwa,Ukwa Low-Phosphorus,2200,1977,41.2,86.6,89.0,98.7,22.4,1.6,0.0,223,10.1,1
2025-12-28,ukwa,Ukwa Low-Phosphorus,2200,1886,43.3,87.2,91.3,93.6,22.2,1.8,0.0,314,14.3,1
2025-12-29,ukwa,Ukwa Low-Phosphorus,2200,1969,42.2,87.0,96.0,94.3,23.3,0.7,0.0,231,10.5,1
2025-12-30,ukwa,Ukwa Low-Phosphorus,2200,1850,43.1,88.4,88.0,92.0,22.6,1.4,0.0,350,15.9,1
2025-12-31,ukwa,Ukwa Low-Phosphorus,2200,1961,42.9,87.4,87.8,99.0,22.8,1.2,0.0,239,10.9,1
2026-01-01,ukwa,Ukwa Low-Phosphorus,2200,1956,42.4,87.3,94.8,91.9,23.4,0.6,0.0,244,11.1,1
2026-01-02,ukwa,Ukwa Low-Phosphorus,2200,1919,41.8,87.2,92.5,93.9,23.2,0.8,0.0,281,12.8,1
2026-01-03,ukwa,Ukwa Low-Phosphorus,2200,1900,42.6,86.0,89.2,94.3,22.4,1.6,0.0,300,13.6,1
2026-01-04,ukwa,Ukwa Low-Phosphorus,2200,1864,41.8,86.6,91.5,91.7,22.6,1.4,0.0,336,15.3,1
2026-01-05,ukwa,Ukwa Low-Phosphorus,2200,1973,40.0,85.7,85.7,98.9,22.2,1.8,0.0,227,10.3,1
2026-01-06,ukwa,Ukwa Low-Phosphorus,2200,1913,41.5,86.6,88.7,99.0,22.6,1.4,0.0,287,13.0,1
2026-01-07,ukwa,Ukwa Low-Phosphorus,2200,1862,42.1,87.6,87.3,94.8,22.4,1.6,0.0,338,15.4,1
2026-01-08,ukwa,Ukwa Low-Phosphorus,2200,1905,42.6,87.0,92.1,99.0,22.4,1.6,0.0,295,13.4,1
2026-01-09,ukwa,Ukwa Low-Phosphorus,2200,1954,41.6,85.6,90.2,96.8,23.0,1.0,0.0,246,11.2,1
2026-01-10,ukwa,Ukwa Low-Phosphorus,2200,1947,41.6,85.4,95.4,95.4,23.2,0.8,0.0,253,11.5,1
2026-01-11,ukwa,Ukwa Low-Phosphorus,2200,1870,41.4,86.6,97.4,90.8,23.4,0.6,0.0,330,15.0,1
2026-01-12,ukwa,Ukwa Low-Phosphorus,2200,1414,42.6,87.8,64.1,96.4,16.0,8.0,0.0,786,35.7,1
2026-01-13,ukwa,Ukwa Low-Phosphorus,2200,1826,41.1,85.1,90.4,95.1,22.1,1.9,0.0,374,17.0,1
2026-01-14,ukwa,Ukwa Low-Phosphorus,2200,1833,38.1,83.8,89.1,98.1,22.1,1.9,0.0,367,16.7,1
2026-01-15,ukwa,Ukwa Low-Phosphorus,2200,1754,41.9,85.0,86.2,90.7,22.1,1.9,0.0,446,20.3,1
2026-01-16,ukwa,Ukwa Low-Phosphorus,2200,1887,41.4,86.0,89.9,93.3,23.0,1.0,0.0,313,14.2,1
2026-01-17,ukwa,Ukwa Low-Phosphorus,2200,1876,42.2,86.7,86.3,96.6,22.3,1.7,0.0,324,14.7,1
2026-01-18,ukwa,Ukwa Low-Phosphorus,2200,1855,41.3,85.5,93.0,95.0,22.8,1.2,0.0,345,15.7,1
2026-01-19,ukwa,Ukwa Low-Phosphorus,2200,1839,42.3,85.7,85.9,94.1,22.1,1.9,0.0,361,16.4,1
2026-01-20,ukwa,Ukwa Low-Phosphorus,2200,1829,41.9,86.4,90.6,97.1,22.1,1.9,0.0,371,16.9,1
2026-01-21,ukwa,Ukwa Low-Phosphorus,2200,1921,42.7,87.8,86.2,95.5,22.6,1.4,0.0,279,12.7,1
2026-01-22,ukwa,Ukwa Low-Phosphorus,2200,1811,41.7,85.7,86.6,93.6,22.1,1.9,0.0,389,17.7,1
2026-01-23,ukwa,Ukwa Low-Phosphorus,2200,1922,41.6,86.4,96.2,95.2,23.3,0.7,0.0,278,12.6,1
2026-01-24,ukwa,Ukwa Low-Phosphorus,2200,1897,40.2,85.7,87.9,95.1,22.4,1.6,0.0,303,13.8,1
2026-01-25,ukwa,Ukwa Low-Phosphorus,2200,2017,42.6,87.4,90.3,97.2,23.1,0.9,0.0,183,8.3,0
2026-01-26,ukwa,Ukwa Low-Phosphorus,2200,1926,42.8,86.4,92.7,93.0,22.9,1.1,0.0,274,12.5,1
2026-01-27,ukwa,Ukwa Low-Phosphorus,2200,1990,41.8,87.1,91.8,93.6,23.4,0.6,0.0,210,9.5,0
2026-01-28,ukwa,Ukwa Low-Phosphorus,2200,1882,41.9,86.4,85.1,94.1,22.3,1.7,0.0,318,14.5,1
2026-01-29,ukwa,Ukwa Low-Phosphorus,2200,1833,42.6,87.0,86.7,93.5,22.6,1.4,0.0,367,16.7,1
2026-01-30,ukwa,Ukwa Low-Phosphorus,2200,1800,42.7,85.4,91.4,94.0,22.9,1.1,0.0,400,18.2,1
2026-01-31,ukwa,Ukwa Low-Phosphorus,2200,1912,42.3,88.0,95.0,90.9,23.5,0.5,0.0,288,13.1,1
2026-02-01,ukwa,Ukwa Low-Phosphorus,2200,1905,41.6,86.9,90.9,92.3,23.3,0.7,0.0,295,13.4,1
2026-02-02,ukwa,Ukwa Low-Phosphorus,2200,1899,40.9,84.7,96.0,92.3,23.5,0.5,0.0,301,13.7,1
2026-02-03,ukwa,Ukwa Low-Phosphorus,2200,1874,42.2,85.8,90.2,92.1,23.0,1.0,0.0,326,14.8,1
2026-02-04,ukwa,Ukwa Low-Phosphorus,2200,1979,42.4,85.8,89.9,96.8,23.0,1.0,0.0,221,10.0,1
2026-02-05,ukwa,Ukwa Low-Phosphorus,2200,1823,42.3,86.2,95.9,92.3,23.2,0.8,0.0,377,17.1,1
2026-02-06,ukwa,Ukwa Low-Phosphorus,2200,1884,42.8,86.3,88.2,94.8,22.0,2.0,0.0,316,14.4,1
2026-02-07,ukwa,Ukwa Low-Phosphorus,2200,1854,42.0,85.5,88.6,95.2,22.6,1.4,0.0,346,15.7,1
2026-02-08,ukwa,Ukwa Low-Phosphorus,2200,1887,42.3,87.4,89.7,95.1,23.1,0.9,0.0,313,14.2,1
2026-02-09,ukwa,Ukwa Low-Phosphorus,2200,2021,41.8,87.6,95.4,94.3,23.4,0.6,0.0,179,8.1,0
2026-02-10,ukwa,Ukwa Low-Phosphorus,2200,1893,42.6,86.2,87.8,92.9,22.8,1.2,0.0,307,14.0,1
2026-02-11,ukwa,Ukwa Low-Phosphorus,2200,1894,40.9,84.7,86.6,97.8,22.5,1.5,0.0,306,13.9,1
2026-02-12,ukwa,Ukwa Low-Phosphorus,2200,1983,42.1,86.1,94.3,94.7,23.4,0.6,0.0,217,9.9,0
2026-02-13,ukwa,Ukwa Low-Phosphorus,2200,1831,40.7,84.9,86.3,96.5,22.6,1.4,0.0,369,16.8,1
2026-02-14,ukwa,Ukwa Low-Phosphorus,2200,1834,42.3,88.0,92.4,91.7,23.0,1.0,0.0,366,16.6,1
2026-02-15,ukwa,Ukwa Low-Phosphorus,2200,1860,41.8,86.8,94.8,89.9,23.2,0.8,0.0,340,15.5,1
2026-02-16,ukwa,Ukwa Low-Phosphorus,2200,1842,41.7,87.8,85.2,93.9,22.2,1.8,0.0,358,16.3,1
2026-02-17,ukwa,Ukwa Low-Phosphorus,2200,1919,41.5,85.5,89.1,93.4,23.0,1.0,0.0,281,12.8,1
2026-02-18,ukwa,Ukwa Low-Phosphorus,2200,2023,43.9,88.2,92.1,97.3,23.0,1.0,0.0,177,8.0,0
2026-02-19,ukwa,Ukwa Low-Phosphorus,2200,1891,40.7,85.7,93.3,93.6,22.6,1.4,0.0,309,14.0,1
2026-02-20,ukwa,Ukwa Low-Phosphorus,2200,1886,42.3,86.6,94.4,93.1,23.5,0.5,0.0,314,14.3,1
2026-02-21,ukwa,Ukwa Low-Phosphorus,2200,1891,42.8,87.0,86.6,95.5,22.7,1.3,0.0,309,14.0,1
2026-02-22,ukwa,Ukwa Low-Phosphorus,2200,1849,41.6,85.7,87.0,96.5,22.8,1.2,0.0,351,16.0,1
2026-02-23,ukwa,Ukwa Low-Phosphorus,2200,1868,41.7,86.0,89.9,93.8,23.0,1.0,0.0,332,15.1,1
2026-02-24,ukwa,Ukwa Low-Phosphorus,2200,1923,42.4,86.1,89.3,94.0,22.8,1.2,0.0,277,12.6,1
2026-02-25,ukwa,Ukwa Low-Phosphorus,2200,1802,41.9,85.1,89.6,92.1,22.8,1.2,0.0,398,18.1,1
2026-02-26,ukwa,Ukwa Low-Phosphorus,2200,1806,42.0,85.1,91.8,91.9,23.4,0.6,0.0,394,17.9,1
2026-02-27,ukwa,Ukwa Low-Phosphorus,2200,1914,41.9,85.5,91.7,99.0,22.5,1.5,0.0,286,13.0,1
2026-02-28,ukwa,Ukwa Low-Phosphorus,2200,1314,41.3,86.3,65.5,96.2,16.0,8.0,0.0,886,40.3,1
2026-03-01,ukwa,Ukwa Low-Phosphorus,2200,1983,42.2,87.4,92.4,95.3,23.2,0.8,0.0,217,9.9,0
2026-03-02,ukwa,Ukwa Low-Phosphorus,2200,1674,42.8,87.6,88.8,85.0,23.0,1.0,0.0,526,23.9,1
2026-03-03,ukwa,Ukwa Low-Phosphorus,2200,1932,42.9,86.6,91.9,96.3,22.3,1.7,0.0,268,12.2,1
2026-03-04,ukwa,Ukwa Low-Phosphorus,2200,1804,41.9,85.2,94.6,91.1,22.9,1.1,0.0,396,18.0,1
2026-03-05,ukwa,Ukwa Low-Phosphorus,2200,1886,41.6,85.4,95.7,93.9,23.4,0.6,0.0,314,14.3,1
2026-03-06,ukwa,Ukwa Low-Phosphorus,2200,1860,41.8,85.7,96.9,90.4,23.4,0.6,0.0,340,15.5,1
2026-03-07,ukwa,Ukwa Low-Phosphorus,2200,1953,41.5,87.5,91.0,97.9,23.3,0.7,0.0,247,11.2,1
2026-03-08,ukwa,Ukwa Low-Phosphorus,2200,2085,41.4,87.3,96.1,97.6,23.5,0.5,0.0,115,5.2,0
2026-03-09,ukwa,Ukwa Low-Phosphorus,2200,1749,41.4,85.8,89.3,93.5,22.1,1.9,0.0,451,20.5,1
2026-03-10,ukwa,Ukwa Low-Phosphorus,2200,1849,41.9,87.0,87.6,95.6,22.1,1.9,0.0,351,16.0,1
2026-03-11,ukwa,Ukwa Low-Phosphorus,2200,1890,41.4,86.1,87.2,95.4,22.7,1.3,0.0,310,14.1,1
2026-03-12,ukwa,Ukwa Low-Phosphorus,2200,1830,41.0,87.0,93.4,92.7,23.2,0.8,0.0,370,16.8,1
2026-03-13,ukwa,Ukwa Low-Phosphorus,2200,1809,42.1,85.5,88.2,91.9,22.1,1.9,0.0,391,17.8,1
2026-03-14,ukwa,Ukwa Low-Phosphorus,2200,1971,41.4,87.1,96.0,95.8,23.4,0.6,0.0,229,10.4,1
2026-03-15,ukwa,Ukwa Low-Phosphorus,2200,1843,42.3,87.9,91.6,93.4,22.8,1.2,0.0,357,16.2,1
2026-03-16,ukwa,Ukwa Low-Phosphorus,2200,1874,42.3,85.4,88.5,94.5,22.7,1.3,0.0,326,14.8,1
2026-03-17,ukwa,Ukwa Low-Phosphorus,2200,1830,41.8,87.2,86.2,92.8,22.2,1.8,0.0,370,16.8,1
2026-03-18,ukwa,Ukwa Low-Phosphorus,2200,1747,38.0,82.8,88.9,94.8,22.5,1.5,0.0,453,20.6,1
2026-03-19,ukwa,Ukwa Low-Phosphorus,2200,1944,41.4,87.6,92.2,92.1,23.0,1.0,0.0,256,11.6,1
2026-03-20,ukwa,Ukwa Low-Phosphorus,2200,1789,40.7,86.1,91.5,90.6,22.7,1.3,0.0,411,18.7,1
2026-03-21,ukwa,Ukwa Low-Phosphorus,2200,1942,41.9,87.8,92.2,95.8,23.2,0.8,0.0,258,11.7,1
2026-03-22,ukwa,Ukwa Low-Phosphorus,2200,1791,41.9,85.0,88.1,94.6,22.3,1.7,0.0,409,18.6,1
2026-03-23,ukwa,Ukwa Low-Phosphorus,2200,1842,41.1,85.6,90.7,95.9,22.5,1.5,0.0,358,16.3,1
2026-03-24,ukwa,Ukwa Low-Phosphorus,2200,1856,42.4,87.9,85.0,96.4,22.1,1.9,0.0,344,15.6,1
2026-03-25,ukwa,Ukwa Low-Phosphorus,2200,1855,42.0,85.9,91.1,98.7,22.2,1.8,0.0,345,15.7,1
2026-03-26,ukwa,Ukwa Low-Phosphorus,2200,1841,41.4,87.3,90.0,96.0,22.1,1.9,0.0,359,16.3,1
2026-03-27,ukwa,Ukwa Low-Phosphorus,2200,1768,42.1,85.7,90.6,92.4,22.8,1.2,0.0,432,19.6,1
2026-03-28,ukwa,Ukwa Low-Phosphorus,2200,1930,42.3,87.5,91.2,93.3,23.4,0.6,0.0,270,12.3,1
2026-03-29,ukwa,Ukwa Low-Phosphorus,2200,1942,42.0,86.4,91.2,94.7,22.9,1.1,0.0,258,11.7,1
2026-03-30,ukwa,Ukwa Low-Phosphorus,2200,1857,42.2,87.5,84.1,93.6,22.1,1.9,0.0,343,15.6,1
2026-03-31,ukwa,Ukwa Low-Phosphorus,2200,1808,42.5,85.4,87.3,97.2,22.0,2.0,0.0,392,17.8,1
2026-04-01,ukwa,Ukwa Low-Phosphorus,2200,1859,42.9,85.7,93.2,91.2,22.7,1.3,0.0,341,15.5,1
2026-04-02,ukwa,Ukwa Low-Phosphorus,2200,1825,42.5,87.6,91.8,93.0,22.1,1.9,0.0,375,17.0,1
2026-04-03,ukwa,Ukwa Low-Phosphorus,2200,1968,41.4,87.0,89.6,97.2,22.2,1.8,0.0,232,10.5,1
2026-04-04,ukwa,Ukwa Low-Phosphorus,2200,1798,42.0,86.5,89.7,95.0,22.1,1.9,0.0,402,18.3,1
2026-04-05,ukwa,Ukwa Low-Phosphorus,2200,1819,42.4,86.1,94.3,90.8,23.0,1.0,0.0,381,17.3,1
2026-04-06,ukwa,Ukwa Low-Phosphorus,2200,1860,42.1,88.0,89.8,89.3,23.3,0.7,0.0,340,15.5,1
2026-04-07,ukwa,Ukwa Low-Phosphorus,2200,1807,42.1,85.7,83.7,95.2,22.0,2.0,0.0,393,17.9,1
2026-04-08,ukwa,Ukwa Low-Phosphorus,2200,1894,42.6,88.2,93.8,95.3,22.8,1.2,0.0,306,13.9,1
2026-04-09,ukwa,Ukwa Low-Phosphorus,2200,1888,41.8,85.1,87.4,93.1,22.9,1.1,0.0,312,14.2,1
2026-04-10,ukwa,Ukwa Low-Phosphorus,2200,1744,42.0,85.0,88.1,93.4,22.4,1.6,0.0,456,20.7,1
2026-04-11,ukwa,Ukwa Low-Phosphorus,2200,1986,42.1,87.9,91.8,98.0,22.9,1.1,0.0,214,9.7,0
2026-04-12,ukwa,Ukwa Low-Phosphorus,2200,1870,42.8,86.2,87.3,96.0,22.1,1.9,0.0,330,15.0,1
2026-04-13,ukwa,Ukwa Low-Phosphorus,2200,1800,42.3,85.3,86.6,96.2,22.2,1.8,0.0,400,18.2,1
2026-04-14,ukwa,Ukwa Low-Phosphorus,2200,1938,42.3,86.0,91.5,95.1,22.6,1.4,0.0,262,11.9,1
2026-04-15,ukwa,Ukwa Low-Phosphorus,2200,1855,41.5,85.0,88.9,95.5,22.4,1.6,0.0,345,15.7,1
2026-04-16,ukwa,Ukwa Low-Phosphorus,2200,1245,41.3,84.7,65.7,92.8,16.2,7.8,0.0,955,43.4,1
2026-04-17,ukwa,Ukwa Low-Phosphorus,2200,1689,42.3,87.0,83.7,90.1,22.0,2.0,0.0,511,23.2,1
2026-04-18,ukwa,Ukwa Low-Phosphorus,2200,1772,41.5,86.8,92.0,93.9,22.1,1.9,0.0,428,19.5,1
2026-04-19,ukwa,Ukwa Low-Phosphorus,2200,1877,43.4,87.1,86.9,94.2,22.6,1.4,0.0,323,14.7,1
2026-04-20,ukwa,Ukwa Low-Phosphorus,2200,1807,41.6,85.8,87.3,94.4,22.5,1.5,0.0,393,17.9,1
2026-04-21,ukwa,Ukwa Low-Phosphorus,2200,1904,41.9,85.5,85.8,95.4,22.5,1.5,0.0,296,13.5,1
2026-04-22,ukwa,Ukwa Low-Phosphorus,2200,1765,42.3,86.1,89.9,92.2,22.2,1.8,0.0,435,19.8,1
2026-04-23,ukwa,Ukwa Low-Phosphorus,2200,1909,41.6,87.6,91.6,95.7,22.1,1.9,0.0,291,13.2,1
2026-04-24,ukwa,Ukwa Low-Phosphorus,2200,1874,42.9,86.8,87.7,96.6,22.4,1.6,0.0,326,14.8,1
2026-04-25,ukwa,Ukwa Low-Phosphorus,2200,1900,42.1,85.5,94.1,94.5,22.6,1.4,0.0,300,13.6,1
2026-04-26,ukwa,Ukwa Low-Phosphorus,2200,1855,42.6,86.0,91.3,96.3,22.7,1.3,0.0,345,15.7,1
2026-04-27,ukwa,Ukwa Low-Phosphorus,2200,1805,42.4,87.2,86.9,93.7,22.0,2.0,0.0,395,18.0,1
2026-04-28,ukwa,Ukwa Low-Phosphorus,2200,1888,42.6,87.5,90.4,95.8,22.8,1.2,0.0,312,14.2,1
2026-04-29,ukwa,Ukwa Low-Phosphorus,2200,1882,41.6,86.2,91.8,95.8,22.7,1.3,0.0,318,14.5,1
2026-04-30,ukwa,Ukwa Low-Phosphorus,2200,1943,42.3,86.6,93.1,94.2,22.9,1.1,0.0,257,11.7,1
2026-05-01,ukwa,Ukwa Low-Phosphorus,2200,1922,42.0,86.9,91.3,94.6,22.8,1.2,0.0,278,12.6,1
2026-05-02,ukwa,Ukwa Low-Phosphorus,2200,1879,41.0,85.1,94.9,93.5,23.4,0.6,0.0,321,14.6,1
2026-05-03,ukwa,Ukwa Low-Phosphorus,2200,1745,43.6,88.5,86.3,88.6,22.4,1.6,0.0,455,20.7,1
2026-05-04,ukwa,Ukwa Low-Phosphorus,2200,1897,41.2,86.7,88.0,95.1,22.9,1.1,0.0,303,13.8,1
2026-05-05,ukwa,Ukwa Low-Phosphorus,2200,1834,41.1,87.2,91.9,94.2,22.8,1.2,0.0,366,16.6,1
2026-05-06,ukwa,Ukwa Low-Phosphorus,2200,1994,42.4,86.4,94.8,95.0,23.4,0.6,0.0,206,9.4,0
2026-05-07,ukwa,Ukwa Low-Phosphorus,2200,1954,41.1,87.2,89.3,96.4,22.2,1.8,0.0,246,11.2,1
2026-05-08,ukwa,Ukwa Low-Phosphorus,2200,1852,41.8,87.5,93.3,89.9,23.0,1.0,0.0,348,15.8,1
2026-05-09,ukwa,Ukwa Low-Phosphorus,2200,1978,41.0,84.6,94.4,96.2,23.2,0.8,0.0,222,10.1,1
2026-05-10,ukwa,Ukwa Low-Phosphorus,2200,1864,42.3,85.4,92.6,94.2,23.0,1.0,0.0,336,15.3,1
2026-05-11,ukwa,Ukwa Low-Phosphorus,2200,1836,41.2,86.4,93.6,93.3,23.3,0.7,0.0,364,16.5,1
2026-05-12,ukwa,Ukwa Low-Phosphorus,2200,1990,42.2,87.3,84.7,97.9,22.2,1.8,0.0,210,9.5,0
2026-05-13,ukwa,Ukwa Low-Phosphorus,2200,1945,42.4,85.6,88.3,98.4,22.5,1.5,0.0,255,11.6,1
2026-05-14,ukwa,Ukwa Low-Phosphorus,2200,1913,42.4,87.4,89.9,91.2,23.0,1.0,0.0,287,13.0,1
2026-05-15,ukwa,Ukwa Low-Phosphorus,2200,1946,42.5,88.1,91.2,97.7,22.3,1.7,0.0,254,11.5,1
